clase,subtipo,raw1,raw2,raw3,media1,media2,media3,desv1,desv2,desv3,max1,max2,max3,media1_hex,media2_hex,media3_hex,desv1_hex,desv2_hex,desv3_hex,max1_hex,max2_hex,max3_hex
1,HHL,2699,2682,28,0.999988,0.986577,-0.979494,0.002222,0.005887,0.003794,1.000185,0.987037,-0.979259,3F7FFF3E,3F7C9050,BF7AC018,3B11A0D3,3BC0E861,3B78A6C2,3F800612,3F7CAE76,BF7AB0BC
1,HHL,2699,2682,28,0.999939,0.986478,-0.979442,0.002286,0.002804,0.003398,1.000093,0.986667,-0.979167,3F7FFBFE,3F7C89D8,BF7ABCAE,3B15C92C,3B37C632,3B5EB6B0,3F800308,3F7C9630,BF7AAAAB
1,HHL,2701,2681,28,0.999922,0.986409,-0.979334,0.002323,0.003827,0.007284,1.000185,0.986667,-0.978796,3F7FFAE2,3F7C8548,BF7AB5AA,3B18371A,3B7AD1A7,3BEEB0C0,3F800612,3F7C9630,BF7A9265
1,HHL,2700,2682,27,0.999887,0.986525,-0.979607,0.003208,0.003967,0.007297,1.000093,0.986759,-0.979352,3F7FF89C,3F7C8CE4,BF7AC77E,3B523928,3B81FE43,3BEF1D26,3F800308,3F7C9C42,BF7AB6CE
1,HHL,2700,2681,28,1.000009,0.986476,-0.979598,0.002675,0.004735,0.002871,1.000185,0.986852,-0.979259,3F80004A,3F7C89AA,BF7AC6EC,3B2F4FCC,3B9B24A9,3B3C247D,3F800612,3F7CA252,BF7AB0BC
1,HHL,2699,2681,29,0.999925,0.986325,-0.979201,0.005223,0.004386,0.006592,1.000185,0.986667,-0.978796,3F7FFB0E,3F7C7FD0,BF7AACF1,3BAB2252,3B8FB594,3BD800C0,3F800612,3F7C9630,BF7A9265
1,HHL,2701,2682,28,0.999777,0.986519,-0.979138,0.004837,0.003561,0.006685,1.000093,0.986852,-0.978704,3F7FF162,3F7C8C82,BF7AA8C5,3B9E7BE6,3B695AD0,3BDB0D02,3F800308,3F7CA252,BF7A8C53
1,HHL,2701,2682,28,1.000078,0.986676,-0.979051,0.004334,0.001460,0.005930,1.000370,0.986759,-0.978704,3F80028E,3F7C96C8,BF7AA315,3B8E06EE,3ABF5A99,3BC24FFB,3F800C22,3F7C9C42,BF7A8C53
1,HHL,2700,2682,27,1.000087,0.986513,-0.978678,0.003657,0.004542,0.002729,1.000370,0.986852,-0.978426,3F8002D8,3F7C8C24,BF7A8A9F,3B6FAAB3,3B94D8FE,3B32D567,3F800C22,3F7CA252,BF7A7A1F
1,HHL,2699,2682,29,1.000029,0.986594,-0.978872,0.002485,0.002878,0.002417,1.000185,0.986852,-0.978704,3F8000F4,3F7C916E,BF7A9753,3B22DB7D,3B3CA2A4,3B1E5F5B,3F800612,3F7CA252,BF7A8C53
1,HHL,2700,2681,29,0.999838,0.986638,-0.978715,0.003471,0.003541,0.003602,1.000093,0.986852,-0.978519,3F7FF55A,3F7C944A,BF7A8D16,3B6380AB,3B681104,3B6C1676,3F800308,3F7CA252,BF7A8031
1,HHL,2699,2683,29,0.999951,0.986501,-0.978464,0.002949,0.002144,0.004871,1.000093,0.986667,-0.978148,3F7FFCC2,3F7C8B5A,BF7A7C96,3B413D00,3B0C88AE,3B9FA06B,3F800308,3F7C9630,BF7A67EB
1,HHL,2700,2683,24,0.999806,0.986595,-0.978443,0.003343,0.005780,0.005125,1.000000,0.986944,-0.978056,3F7FF34C,3F7C9176,BF7A7B42,3B5B0E4E,3BBD637C,3BA7F215,3F800000,3F7CA864,BF7A61D9
1,HHL,2699,2682,29,0.999956,0.986484,-0.978568,0.004978,0.005094,0.007040,1.000278,0.986852,-0.978148,3F7FFD26,3F7C8A3E,BF7A836A,3BA31B54,3BA6EC29,3BE6AEB7,3F80091A,3F7CA252,BF7A67EB
1,HHL,2700,2682,29,0.999907,0.986528,-0.978877,0.001636,0.003424,0.005103,1.000093,0.986759,-0.978704,3F7FF9EA,3F7C8D16,BF7A97B4,3AD676DD,3B606060,3BA73535,3F800308,3F7C9C42,BF7A8C53
1,HHL,2699,2683,28,1.000011,0.986576,-0.978623,0.003048,0.003349,0.004692,1.000185,0.986852,-0.978241,3F80005E,3F7C9046,BF7A8704,3B47C2C5,3B5B7709,3B99C37C,3F800612,3F7CA252,BF7A6DFC
1,HHL,2700,2682,29,0.999788,0.986542,-0.978623,0.004815,0.003642,0.001121,1.000278,0.986852,-0.978519,3F7FF222,3F7C8E04,BF7A8704,3B9DC9DA,3B6EB190,3A92E2F8,3F80091A,3F7CA252,BF7A8031
1,HHL,2701,2681,29,0.999835,0.986420,-0.978741,0.002221,0.002812,0.006492,1.000000,0.986574,-0.978426,3F7FF52A,3F7C860C,BF7A8ECA,3B118D28,3B38430C,3BD4BD6F,3F800000,3F7C901E,BF7A7A1F
1,HHL,2700,2681,29,0.999826,0.986450,-0.978574,0.002506,0.006959,0.004440,1.000000,0.986944,-0.978241,3F7FF49A,3F7C87F8,BF7A83CB,3B243574,3BE407B1,3B917BCD,3F800000,3F7CA864,BF7A6DFC
1,HHL,2700,2681,28,0.999629,0.986496,-0.978568,0.004482,0.004741,0.003881,0.999907,0.986944,-0.978333,3F7FE7B2,3F7C8B00,BF7A836A,3B92E0C3,3B9B59D3,3B7E5F02,3F7FF9EE,3F7CA864,BF7A740E
1,HHL,2699,2683,29,0.999884,0.986432,-0.978524,0.002455,0.003967,0.002518,1.000093,0.986759,-0.978333,3F7FF868,3F7C86D4,BF7A8092,3B20DFD9,3B81FAB3,3B250B1A,3F800308,3F7C9C42,BF7A740E
1,HHL,2699,2682,29,0.999768,0.986521,-0.978724,0.003374,0.002310,0.004435,1.000093,0.986667,-0.978519,3F7FF0D0,3F7C8CAC,BF7A8DA7,3B5D2453,3B176787,3B915449,3F800308,3F7C9630,BF7A8031
1,HHL,2700,2682,28,0.999756,0.986441,-0.978652,0.002222,0.004329,0.004250,1.000000,0.986759,-0.978426,3F7FF00A,3F7C8766,BF7A88EA,3B11A750,3B8DD632,3B8B44B4,3F800000,3F7C9C42,BF7A7A1F
1,HHL,2700,2681,29,0.999879,0.986400,-0.978753,0.002040,0.004867,0.006097,1.000000,0.986667,-0.978426,3F7FF80A,3F7C84B6,BF7A8F8D,3B05B7C6,3B9F7DE4,3BC7C5F2,3F800000,3F7C9630,BF7A7A1F
1,HHL,2700,2681,29,0.999898,0.986325,-0.978631,0.004305,0.004309,0.003208,1.000093,0.986667,-0.978333,3F7FF958,3F7C7FCC,BF7A8796,3B8D1211,3B8D304F,3B524187,3F800308,3F7C9630,BF7A740E
1,HHL,2699,2682,29,0.999768,0.986316,-0.978513,0.003567,0.002635,0.003059,1.000093,0.986481,-0.978241,3F7FF0CE,3F7C7F3C,BF7A7FD0,3B69CACA,3B2CB2A2,3B487610,3F800308,3F7C8A0C,BF7A6DFC
1,HHL,2700,2681,29,0.999742,0.986310,-0.978788,0.002992,0.004217,0.004306,0.999907,0.986667,-0.978426,3F7FEF18,3F7C7ED8,BF7A91D3,3B441827,3B8A30B9,3B8D177E,3F7FF9EE,3F7C9630,BF7A7A1F
1,HHL,2700,2681,29,0.999823,0.986600,-0.978686,0.002971,0.002849,0.005026,1.000093,0.986759,-0.978519,3F7FF46A,3F7C91CE,BF7A8B30,3B42B162,3B3AB86F,3BA4B3E3,3F800308,3F7C9C42,BF7A8031
1,HHL,2701,2681,29,0.999925,0.986525,-0.978782,0.002273,0.002713,0.009685,1.000093,0.986667,-0.978519,3F7FFB0E,3F7C8CE6,BF7A9172,3B14F8BE,3B31D474,3C1EAFC5,3F800308,3F7C9630,BF7A8031
1,HHL,2700,2682,29,0.999794,0.986461,-0.978941,0.003411,0.004203,0.004517,1.000093,0.986759,-0.978611,3F7FF284,3F7C88B6,BF7A9BE0,3B5F83BF,3B89B60A,3B940786,3F800308,3F7C9C42,BF7A8642
1,HHL,2700,2682,29,0.999777,0.986308,-0.978736,0.002579,0.004081,0.003733,1.000000,0.986574,-0.978519,3F7FF160,3F7C7EAE,BF7A8E69,3B29044B,3B85BD08,3B74A479,3F800000,3F7C901E,BF7A8031
1,HHL,2700,2682,28,0.999794,0.986377,-0.978637,0.003738,0.003648,0.004529,1.000093,0.986574,-0.978333,3F7FF284,3F7C8336,BF7A87F7,3B74FF6E,3B6F1608,3B9463D5,3F800308,3F7C901E,BF7A740E
1,HHL,2699,2682,30,0.999722,0.986502,-0.978628,0.003472,0.003827,0.007533,0.999907,0.986759,-0.978056,3F7FEDC8,3F7C8B60,BF7A8765,3B638E3D,3B7AD14A,3BF6D663,3F7FF9EE,3F7C9C42,BF7A61D9
1,HHL,2700,2682,28,0.999820,0.986429,-0.978730,0.004210,0.002081,0.005280,1.000185,0.986574,-0.978333,3F7FF43A,3F7C869E,BF7A8E08,3B89F6FE,3B086179,3BAD013C,3F800612,3F7C901E,BF7A740E
1,HHL,2699,2681,29,0.999847,0.986441,-0.978776,0.001971,0.003965,0.003555,1.000000,0.986759,-0.978519,3F7FF5F2,3F7C8764,BF7A9111,3B013072,3B81EAEA,3B68F91F,3F800000,3F7C9C42,BF7A8031
1,HHL,2700,2681,28,0.999902,0.986371,-0.978495,0.002889,0.003139,0.007411,1.000185,0.986574,-0.977870,3F7FF98C,3F7C82D4,BF7A7EAC,3B3D5AEF,3B4DBF17,3BF2D82D,3F800612,3F7C901E,BF7A55B6
1,HHL,2700,2681,28,0.999774,0.986397,-0.978773,0.002381,0.003240,0.003222,0.999907,0.986667,-0.978519,3F7FF132,3F7C848A,BF7A90E1,3B1C129E,3B545BC4,3B5329AE,3F7FF9EE,3F7C9630,BF7A8031
1,HHL,2700,2682,28,0.999823,0.986649,-0.978857,0.002856,0.007421,0.007470,1.000093,0.987130,-0.978333,3F7FF466,3F7C950E,BF7A9660,3B3B252F,3BF32E8C,3BF4C4C0,3F800308,3F7CB488,BF7A740E
1,HHL,2700,2681,28,0.999890,0.986594,-0.979155,0.004069,0.003999,0.006668,1.000185,0.986944,-0.978796,3F7FF8C4,3F7C9170,BF7AA9E8,3B855152,3B8306AB,3BDA7C63,3F800612,3F7CA864,BF7A9265
1,HHL,2700,2682,28,0.999774,0.986698,-0.979077,0.004328,0.003865,0.002420,1.000093,0.986944,-0.978889,3F7FF134,3F7C9842,BF7AA4CA,3B8DD26F,3B7D4F15,3B1E9583,3F800308,3F7CA864,BF7A9876
1,HHL,2700,2681,29,0.999708,0.986455,-0.979057,0.003710,0.005937,0.003193,1.000000,0.986944,-0.978796,3F7FECD6,3F7C8858,BF7AA376,3B732B61,3BC28771,3B513CE0,3F800000,3F7CA864,BF7A9265
1,HHL,2698,2681,28,0.999936,0.986400,-0.978909,0.003857,0.006007,0.005894,1.000278,0.986759,-0.978426,3F7FFBD0,3F7C84BC,BF7A99CA,3B7CC425,3BC4D79D,3BC12354,3F80091A,3F7C9C42,BF7A7A1F
1,HHL,2701,2681,29,0.999783,0.986600,-0.978874,0.004237,0.003182,0.003175,1.000093,0.986759,-0.978611,3F7FF1C4,3F7C91D4,BF7A9784,3B8AD6DF,3B508C40,3B501B7C,3F800308,3F7C9C42,BF7A8642
1,HHL,2700,2681,29,0.999994,0.986287,-0.978764,0.003922,0.005122,0.002627,1.000278,0.986667,-0.978519,3F7FFF9C,3F7C7D56,BF7A904F,3B8083FA,3BA7DA5A,3B2C2CBA,3F80091A,3F7C9630,BF7A8031
1,HHL,2700,2683,29,0.999962,0.986519,-0.979074,0.003416,0.003109,0.006366,1.000185,0.986759,-0.978796,3F7FFD88,3F7C8C82,BF7AA499,3B5FE3CC,3B4BBFE2,3BD097B2,3F800612,3F7C9C42,BF7A9265
1,HHL,2699,2682,28,0.999800,0.986507,-0.979086,0.001840,0.003234,0.007082,0.999907,0.986759,-0.978704,3F7FF2E2,3F7C8BBA,BF7AA55B,3AF12891,3B53F67C,3BE80DE6,3F7FF9EE,3F7C9C42,BF7A8C53
1,HHL,2700,2682,29,1.000040,0.986522,-0.978906,0.002772,0.003922,0.007466,1.000278,0.986852,-0.978426,3F800152,3F7C8CB0,BF7A999A,3B35A7DD,3B808742,3BF4A476,3F80091A,3F7CA252,BF7A7A1F
1,HHL,2700,2682,28,0.999826,0.986577,-0.979086,0.002636,0.003495,0.002223,1.000093,0.986852,-0.978889,3F7FF496,3F7C9048,BF7AA55B,3B2CB979,3B65131B,3B11A835,3F800308,3F7CA252,BF7A9876
1,HHL,2700,2682,28,0.999902,0.986516,-0.978935,0.004405,0.003784,0.003324,1.000185,0.986759,-0.978611,3F7FF98E,3F7C8C56,BF7A9B7F,3B9056CC,3B77FC23,3B59DE26,3F800612,3F7C9C42,BF7A8642
1,HHL,2699,2682,29,0.999925,0.986545,-0.978712,0.001869,0.003901,0.005501,1.000093,0.986852,-0.978241,3F7FFB0E,3F7C8E34,BF7A8CE5,3AF4FDB0,3B7FAA31,3BB441E6,3F800308,3F7CA252,BF7A6DFC
1,HHL,2701,2681,29,0.999962,0.986412,-0.978993,0.002579,0.004876,0.009054,1.000185,0.986667,-0.978426,3F7FFD8A,3F7C857C,BF7A9F4A,3B28FD9F,3B9FC703,3C14553E,3F800612,3F7C9630,BF7A7A1F
1,HHL,2700,2682,28,0.999890,0.986533,-0.979034,0.004681,0.002584,0.003113,1.000278,0.986759,-0.978889,3F7FF8CE,3F7C8D72,BF7AA1F2,3B996414,3B295ABA,3B4C044E,3F80091A,3F7C9C42,BF7A9876
1,HHL,2700,2682,29,0.999977,0.986406,-0.978895,0.005844,0.006882,0.008504,1.000370,0.986944,-0.978241,3F7FFE7A,3F7C8520,BF7A98D7,3BBF7EC0,3BE18345,3C0B541B,3F800C22,3F7CA864,BF7A6DFC
1,HHL,2700,2682,28,0.999716,0.986678,-0.978912,0.004250,0.003312,0.002951,1.000000,0.986944,-0.978704,3F7FED66,3F7C96F2,BF7A99FB,3B8B43BA,3B590DCE,3B41628E,3F800000,3F7CA864,BF7A8C53
1,HHL,2700,2681,29,0.999684,0.986476,-0.978843,0.004167,0.006204,0.004842,1.000000,0.986944,-0.978519,3F7FEB52,3F7C89AC,BF7A956E,3B888EB4,3BCB4C9E,3B9EA7D5,3F800000,3F7CA864,BF7A8031
1,HHL,2701,2680,29,0.999858,0.986507,-0.978762,0.004736,0.003484,0.002820,1.000278,0.986759,-0.978519,3F7FF6B2,3F7C8BBE,BF7A901E,3B9B3175,3B644F01,3B38D40C,3F80091A,3F7C9C42,BF7A8031
1,HHL,2700,2682,29,0.999910,0.986565,-0.978935,0.002419,0.006929,0.004092,1.000093,0.987130,-0.978704,3F7FFA1E,3F7C8F8A,BF7A9B7F,3B1E8BED,3BE30D4A,3B8616A4,3F800308,3F7CB488,BF7A8C53
1,HHL,2700,2682,29,0.999985,0.986461,-0.978909,0.003068,0.004692,0.004397,1.000185,0.986759,-0.978611,3F7FFF0A,3F7C88B2,BF7A99CA,3B490936,3B99BF84,3B90162B,3F800612,3F7C9C42,BF7A8642
1,HHL,2699,2683,29,0.999863,0.986725,-0.978848,0.003794,0.005780,0.003922,1.000185,0.987130,-0.978611,3F7FF70C,3F7C9A02,BF7A95CF,3B78A624,3BBD6574,3B808690,3F800612,3F7CB488,BF7A8642
1,HHL,2700,2681,29,0.999968,0.986435,-0.978889,0.003094,0.004051,0.007786,1.000093,0.986759,-0.978241,3F7FFDE6,3F7C8700,BF7A9876,3B4ACBBE,3B84BD83,3BFF1EDE,3F800308,3F7C9C42,BF7A6DFC
1,HHL,2700,2681,28,0.999882,0.986585,-0.978819,0.005588,0.003872,0.002951,1.000278,0.986944,-0.978611,3F7FF83C,3F7C90DC,BF7A93E9,3BB71AC2,3B7DBCE1,3B41629E,3F80091A,3F7CA864,BF7A8642
1,HHL,2699,2683,29,0.999948,0.986505,-0.978744,0.002831,0.004876,0.005519,1.000093,0.986852,-0.978426,3F7FFC92,3F7C8B94,BF7A8EFB,3B3982C7,3B9FC894,3BB4D548,3F800308,3F7CA252,BF7A7A1F
1,HHL,2700,2682,29,1.000084,0.986513,-0.978724,0.003721,0.004863,0.003783,1.000370,0.986944,-0.978519,3F8002C0,3F7C8C22,BF7A8DA7,3B73E0AB,3B9F59B8,3B77ED8F,3F800C22,3F7CA864,BF7A8031
1,HHL,2700,2681,29,0.999960,0.986669,-0.978490,0.002648,0.003590,0.006026,1.000185,0.986944,-0.977778,3F7FFD5C,3F7C965C,BF7A7E4B,3B2D83A2,3B6B455A,3BC577B3,3F800612,3F7CA864,BF7A4FA5
1,HHL,2700,2682,29,1.000041,0.986684,-0.978516,0.004942,0.003944,0.003903,1.000463,0.986944,-0.978148,3F800154,3F7C9754,BF7A8000,3BA1F1B3,3B813B2D,3B7FC7D9,3F800F2C,3F7CA864,BF7A67EB
1,HHL,2701,2681,29,0.999977,0.986363,-0.978591,0.003007,0.004491,0.003871,1.000278,0.986667,-0.978148,3F7FFE7A,3F7C8244,BF7A84EE,3B450AB0,3B9329AB,3B7DA9C2,3F80091A,3F7C9630,BF7A67EB
1,HHL,2700,2681,31,1.000130,0.986565,-0.978553,0.003513,0.006683,0.005452,1.000370,0.987130,-0.977963,3F800444,3F7C8F8C,BF7A8277,3B663A2E,3BDAFC81,3BB2A518,3F800C22,3F7CB488,BF7A5BC8
1,HHL,2702,2682,32,1.000142,0.986713,-0.976589,0.002588,0.004557,0.010009,1.000463,0.987037,-0.975926,3F8004A6,3F7C993A,BF7A01B5,3B299509,3B955272,3C23FAE8,3F800F2C,3F7CAE76,BF79D648
1,HHL,2700,2682,32,1.000070,0.986565,-0.976363,0.006724,0.003585,0.004340,1.000556,0.986759,-0.976019,3F80024A,3F7C8F86,BF79F2EA,3BDC5112,3B6AECE4,3B8E33E0,3F801234,3F7C9C42,BF79DC5A
1,HHL,2700,2682,30,1.000194,0.986502,-0.977138,0.003292,0.004583,0.014781,1.000463,0.986852,-0.976111,3F80065A,3F7C8B64,BF7A25BC,3B57BC28,3B9630BA,3C722B71,3F800F2C,3F7CA252,BF79E26B
1,HHL,2700,2681,30,1.000165,0.986490,-0.977920,0.003260,0.003292,0.003967,1.000463,0.986667,-0.977685,3F800568,3F7C8AA0,BF7A58F0,3B55A551,3B57BDF4,3B81FB60,3F800F2C,3F7C9630,BF7A4994
1,HHL,2700,2681,30,1.000084,0.986267,-0.978371,0.002915,0.003770,0.005393,1.000278,0.986481,-0.978056,3F8002C0,3F7C7C00,BF7A7685,3B3F02A1,3B770ACB,3BB0BB58,3F80091A,3F7C8A0C,BF7A61D9
1,HHL,2700,2680,29,1.000255,0.985993,-0.978316,0.004445,0.006266,0.005914,1.000556,0.986389,-0.977778,3F800858,3F7C6A04,BF7A72EA,3B91A706,3BCD510E,3BC1CA8F,3F801234,3F7C83FC,BF7A4FA5
1,HHL,2700,2682,30,1.000295,0.985813,-0.978087,0.004386,0.003555,0.003993,1.000648,0.986111,-0.977778,3F8009AE,3F7C5E42,BF7A63EF,3B8FB704,3B68FA03,3B82D7F6,3F80153E,3F7C71C8,BF7A4FA5
1,HHL,2700,2681,29,1.000124,0.985269,-0.978168,0.002497,0.003721,0.006792,1.000278,0.985556,-0.977778,3F800412,3F7C3A98,BF7A693F,3B23A202,3B73DF1E,3BDE8CC3,3F80091A,3F7C4D5E,BF7A4FA5
1,HHL,2700,2681,29,1.000162,0.985488,-0.978501,0.002242,0.002603,0.003493,1.000370,0.985648,-0.978241,3F800552,3F7C48F8,BF7A7F0D,3B12E7BA,3B2A9965,3B64EF1D,3F800C22,3F7C5370,BF7A6DFC
1,HHL,2701,2680,29,1.000180,0.985454,-0.978490,0.002519,0.003677,0.002919,1.000463,0.985741,-0.978241,3F8005E2,3F7C46BA,BF7A7E4B,3B251526,3B70F2D5,3B3F481B,3F800F2C,3F7C5982,BF7A6DFC
1,HHL,2701,2680,29,1.000124,0.985573,-0.978348,0.003404,0.003541,0.005276,1.000370,0.985833,-0.977870,3F800414,3F7C4E82,BF7A7500,3B5F1B94,3B68125C,3BACDFDF,3F800C22,3F7C5F92,BF7A55B6
1,HHL,2700,2681,27,1.000217,0.985651,-0.978704,0.003908,0.003447,0.003614,1.000463,0.985926,-0.978519,3F80071E,3F7C539E,BF7A8C54,3B800CF5,3B61ED75,3B6CD8E9,3F800F2C,3F7C65A4,BF7A8031
1,HHL,2655,2679,29,0.995830,0.985590,-0.978492,0.179689,0.005421,0.006450,1.000093,0.985833,-0.978148,3F7EEEBA,3F7C4FA0,BF7A7E7C,3E38005B,3BB1A3CF,3BD35CAB,3F800308,3F7C5F92,BF7A67EB
1,HHL,2519,2680,29,0.918055,0.985492,-0.978817,0.649969,0.002679,0.005692,0.962778,0.985741,-0.978333,3F6B05AE,3F7C4930,BF7A93B9,3F266462,3B2F98AA,3BBA81F2,3F76789A,3F7C5982,BF7A740E
1,HHL,2399,2681,29,0.822876,0.985604,-0.978831,0.606634,0.003967,0.003362,0.864630,0.986019,-0.978519,3F52A804,3F7C5092,BF7A94AB,3F1B4C58,3B81FCD9,3B5C5489,3F5D585E,3F7C6BB6,BF7A8031
1,HHL,2302,2680,29,0.738880,0.985567,-0.978958,0.489372,0.003460,0.005787,0.774444,0.985833,-0.978611,3F3D2740,3F7C4E1E,BF7A9D03,3EFA8EF7,3B62C6F7,3BBDA12E,3F4641FE,3F7C5F92,BF7A8642
1,HHL,2302,2680,32,0.705243,0.985564,-0.978921,0.006118,0.004643,0.004468,0.706019,0.985833,-0.978241,3F348AD2,3F7C4DEE,BF7A9A8C,3BC87942,3B9823CE,3B926852,3F34BDA2,3F7C5F92,BF7A6DFC
1,HHL,2302,2680,29,0.704965,0.985619,-0.978770,0.004799,0.003725,0.004952,0.705370,0.985833,-0.978426,3F347898,3F7C518A,BF7A90B0,3B9D3F20,3B74252F,3BA24797,3F349328,3F7C5F92,BF7A7A1F
1,HHL,2302,2680,28,0.705200,0.985515,-0.978874,0.002659,0.006068,0.006524,0.705370,0.986019,-0.978519,3F3487FA,3F7C4AB4,BF7A9784,3B2E4A38,3BC6D48C,3BD5CB42,3F349328,3F7C6BB6,BF7A8031
1,HHL,2302,2681,29,0.705287,0.985460,-0.978655,0.002612,0.003034,0.005240,0.705463,0.985741,-0.978241,3F348DAA,3F7C471A,BF7A891A,3B2B2AE3,3B46D5FB,3BABB35A,3F349938,3F7C5982,BF7A6DFC
1,HHL,2303,2680,28,0.705263,0.985567,-0.979074,0.003429,0.003914,0.003795,0.705463,0.985833,-0.978796,3F348C26,3F7C4E22,BF7AA499,3B60BDC4,3B80433B,3B78B26D,3F349938,3F7C5F92,BF7A9265
1,HHL,2302,2681,27,0.705350,0.985784,-0.978701,0.003871,0.004593,0.004683,0.705556,0.986204,-0.978241,3F3491D6,3F7C5C58,BF7A8C23,3B7DAEC0,3B96808D,3B9973F2,3F349F4A,3F7C77D8,BF7A6DFC
1,HHL,2302,2680,29,0.705076,0.985442,-0.978955,0.002416,0.005167,0.005436,0.705185,0.985741,-0.978611,3F347FD4,3F7C45F4,BF7A9CD3,3B1E5A37,3BA9515B,3BB22002,3F348704,3F7C5982,BF7A8642
1,HHL,2302,2680,28,0.705185,0.985286,-0.978990,0.002315,0.005155,0.005057,0.705370,0.985741,-0.978611,3F348700,3F7C3BBA,BF7A9F19,3B17B5A5,3BA8EC1C,3BA5B4A8,3F349328,3F7C5982,BF7A8642
1,HHL,2303,2680,28,0.705125,0.985332,-0.979077,0.001885,0.003162,0.003089,0.705278,0.985556,-0.978704,3F34830E,3F7C3EC0,BF7AA4CA,3AF7132B,3B4F37A4,3B4A69C5,3F348D16,3F7C4D5E,BF7A8C53
1,HHL,2302,2680,28,0.705151,0.985191,-0.979109,0.005201,0.003003,0.003103,0.705370,0.985463,-0.978889,3F3484C0,3F7C3576,BF7AA6E0,3BAA6C74,3B44D18F,3B4B5AE2,3F349328,3F7C474C,BF7A9876
1,HHL,2302,2679,30,0.705162,0.985353,-0.978365,0.003424,0.004572,0.014795,0.705463,0.985648,-0.977593,3F34857E,3F7C4012,BF7A7624,3B606065,3B95D47C,3C7266CC,3F349938,3F7C5370,BF7A4382
1,HHL,2302,2681,29,0.705301,0.985232,-0.978247,0.002242,0.002087,0.007455,0.705556,0.985370,-0.977778,3F348E9A,3F7C3824,BF7A6E5D,3B12E644,3B08C096,3BF44652,3F349F4A,3F7C413C,BF7A4FA5
1,HHL,2303,2680,33,0.705284,0.985330,-0.978270,0.003167,0.002710,0.007261,0.705556,0.985556,-0.977778,3F348D76,3F7C3E92,BF7A6FE2,3B4F8AF8,3B31A0E8,3BEDEFAA,3F349F4A,3F7C4D5E,BF7A4FA5
1,HHL,2302,2680,30,0.705313,0.985391,-0.978270,0.002879,0.002437,0.004499,0.705463,0.985648,-0.977963,3F348F5E,3F7C4292,BF7A6FE2,3B3CACB9,3B1FB285,3B936BBF,3F349938,3F7C5370,BF7A5BC8
1,HHL,2302,2681,30,0.705457,0.985364,-0.978264,0.003748,0.003922,0.002714,0.705648,0.985648,-0.978056,3F3498D6,3F7C40D4,BF7A6F80,3B759CC9,3B8087F0,3B31E36C,3F34A55C,3F7C5370,BF7A61D9
1,HHL,2302,2680,29,0.705475,0.985457,-0.977969,0.002820,0.006284,0.002772,0.705741,0.985926,-0.977778,3F349A00,3F7C46EC,BF7A5C29,3B38CE98,3BCDEDEF,3B35A382,3F34AB6C,3F7C65A4,BF7A4FA5
1,HHL,2302,2680,28,0.705373,0.985492,-0.978631,0.002804,0.004573,0.006199,0.705556,0.985833,-0.978241,3F349358,3F7C4936,BF7A8796,3B37C73D,3B95D872,3BCB1EBA,3F349F4A,3F7C5F92,BF7A6DFC
1,HHL,2303,2680,28,0.705474,0.985434,-0.978388,0.002936,0.002416,0.008099,0.705648,0.985648,-0.977778,3F3499FA,3F7C456A,BF7A77A8,3B407163,3B1E58C8,3C04B172,3F34A55C,3F7C5370,BF7A4FA5
1,HHL,2302,2681,29,0.705339,0.985515,-0.978715,0.002871,0.003321,0.003261,0.705556,0.985741,-0.978519,3F349114,3F7C4AB2,BF7A8D16,3B3C2237,3B59AD0D,3B55B3AC,3F349F4A,3F7C5982,BF7A8031
1,HHL,2302,2681,29,0.705443,0.985648,-0.978941,0.003998,0.004557,0.003321,0.705648,0.985926,-0.978704,3F3497E6,3F7C536A,BF7A9BE0,3B8304C8,3B954FEC,3B59A955,3F34A55C,3F7C65A4,BF7A8C53
1,HHL,2303,2681,28,0.705518,0.985805,-0.978906,0.002999,0.007215,0.003634,0.705741,0.986389,-0.978611,3F349CD4,3F7C5DB0,BF7A999A,3B44850D,3BEC69A2,3B6E2C0F,3F34AB6C,3F7C83FC,BF7A8642
1,HHL,2302,2681,29,0.705321,0.985356,-0.978955,0.002240,0.003572,0.007982,0.705556,0.985556,-0.978426,3F348FF2,3F7C4046,BF7A9CD3,3B12D160,3B6A1E25,3C02C613,3F349F4A,3F7C4D5E,BF7A7A1F
1,HHL,2302,2681,28,0.705431,0.985483,-0.978979,0.003253,0.003555,0.003636,0.705741,0.985833,-0.978704,3F349724,3F7C489C,BF7A9E57,3B5534D3,3B68F758,3B6E5041,3F34AB6C,3F7C5F92,BF7A8C53
1,HHL,2303,2680,28,0.705561,0.985489,-0.979112,0.003166,0.004850,0.006066,0.705833,0.985833,-0.978796,3F349FAA,3F7C4900,BF7AA710,3B4F7F7A,3B9EEC64,3BC6C202,3F34B17E,3F7C5F92,BF7A9265
1,HHL,2304,2679,28,0.705434,0.985486,-0.979057,0.003770,0.004630,0.003770,0.705741,0.985926,-0.978889,3F349756,3F7C48CE,BF7AA376,3B770B16,3B97B3C3,3B771093,3F34AB6C,3F7C65A4,BF7A9876
1,HHL,2302,2681,28,0.705518,0.985558,-0.978817,0.002231,0.004272,0.009016,0.705648,0.985833,-0.977963,3F349CD0,3F7C4D8C,BF7A93B9,3B1237ED,3B8BF8F9,3C13B88C,3F34A55C,3F7C5F92,BF7A5BC8
1,HHL,2302,2679,28,0.705371,0.985523,-0.979138,0.002714,0.005417,0.003725,0.705648,0.985741,-0.978796,3F34932C,3F7C4B44,BF7AA8C5,3B31E125,3BB17FD4,3B7422FB,3F34A55C,3F7C5982,BF7A9265
1,HHL,2302,2681,28,0.705572,0.985399,-0.979028,0.002485,0.005318,0.006097,0.705741,0.985833,-0.978704,3F34A064,3F7C431E,BF7AA190,3B22D8CB,3BAE3F86,3BC7C97F,3F34AB6C,3F7C5F92,BF7A8C53
1,HHL,2302,2681,28,0.705417,0.985581,-0.979010,0.001636,0.004183,0.003346,0.705556,0.985926,-0.978796,3F349638,3F7C4F0A,BF7AA06D,3AD67377,3B890E5F,3B5B4E9E,3F349F4A,3F7C65A4,BF7A9265
1,HHL,2306,2682,28,0.705527,0.985428,-0.979158,0.003770,0.003312,0.002914,0.706204,0.985648,-0.978889,3F349D66,3F7C4506,BF7AAA19,3B770F80,3B590929,3B3EFCDE,3F34C9C4,3F7C5370,BF7A9876
1,HHL,2347,2680,28,0.718165,0.985269,-0.979453,0.190107,0.009284,0.003811,0.733148,0.985833,-0.979167,3F37D9B0,3F7C3A9C,BF7ABD71,3E42AB5D,3C181B21,3B79BBD9,3F3BAF98,3F7C5F92,BF7AAAAB
1,HHL,2446,2680,28,0.768301,0.985266,-0.979462,0.465339,0.005633,0.004462,0.802685,0.985648,-0.979167,3F44AF66,3F7C3A66,BF7ABE02,3EEE40E9,3BB892B0,3B92323D,3F4D7CC6,3F7C5370,BF7AAAAB
1,HHL,2592,2679,31,0.857679,0.985058,-0.979560,0.713906,0.003999,0.003424,0.907870,0.985370,-0.979259,3F5B90E0,3F7C2CC6,BF7AC475,3F36C284,3B830C60,3B605F74,3F686A32,3F7C413C,BF7AB0BC
1,HHL,2700,2679,27,0.975070,0.985246,-0.979676,0.621144,0.004354,0.006339,0.999907,0.985556,-0.979074,3F799E28,3F7C390E,BF7ACC0B,3F1F0352,3B8EA97F,3BCFBA94,3F7FF9EE,3F7C4D5E,BF7AA499
1,HHL,2701,2680,28,1.000151,0.985029,-0.979560,0.004833,0.006931,0.003882,1.000556,0.985463,-0.979167,3F8004F0,3F7C2ADA,BF7AC475,3B9E613A,3BE31CF3,3B7E6A38,3F801234,3F7C474C,BF7AAAAB
1,HHL,2700,2679,27,1.000229,0.985194,-0.979624,0.002651,0.004147,0.003270,1.000463,0.985556,-0.979352,3F800780,3F7C35AA,BF7AC8A1,3B2DB856,3B87E4F6,3B5654FA,3F800F2C,3F7C4D5E,BF7AB6CE
1,HHL,2700,2680,28,1.000402,0.985231,-0.979716,0.002627,0.003660,0.007063,1.000556,0.985463,-0.979167,3F800D2E,3F7C381E,BF7ACEB2,3B2C2D74,3B6FD527,3BE76C8D,3F801234,3F7C474C,BF7AAAAB
1,HHL,2700,2680,27,1.000217,0.985098,-0.979803,0.003688,0.002648,0.002820,1.000556,0.985278,-0.979630,3F80071E,3F7C2F66,BF7AD463,3B71B55A,3B2D868F,3B38D3E3,3F801234,3F7C3B2A,BF7AC902
1,HHL,2701,2680,28,1.000434,0.985052,-0.979722,0.003589,0.004130,0.006392,1.000741,0.985463,-0.979167,3F800E38,3F7C2C5E,BF7ACF13,3B6B3081,3B875641,3BD173E3,3F801846,3F7C474C,BF7AAAAB
1,HHL,2700,2681,27,1.000474,0.985387,-0.979971,0.004123,0.002975,0.003680,1.000833,0.985556,-0.979722,3F800F8C,3F7C425A,BF7ADF62,3B871D6E,3B42FD9E,3B712C5A,3F801B4E,3F7C4D5E,BF7ACF13
1,HHL,2700,2682,26,1.000356,0.985437,-0.980032,0.004296,0.003716,0.004076,1.000648,0.985741,-0.979722,3F800BAA,3F7C4596,BF7AE35E,3B8CC86A,3B7388B7,3B859059,3F80153E,3F7C5982,BF7ACF13
1,HHL,2700,2681,27,1.000333,0.985541,-0.980645,0.003789,0.006316,0.011881,1.000648,0.986019,-0.980000,3F800AE8,3F7C4C6E,BF7B0B91,3B784FB4,3BCEF57C,3C42A7D6,3F80153E,3F7C6BB6,BF7AE148
1,HHL,2700,2680,27,1.000422,0.985411,-0.980171,0.004700,0.004976,0.003228,1.000741,0.985926,-0.980000,3F800DD8,3F7C43E4,BF7AEC78,3B9A029C,3BA30E8B,3B5388E3,3F801846,3F7C65A4,BF7AE148
1,HHL,2700,2680,26,1.000333,0.985605,-0.980058,0.003561,0.006674,0.001984,1.000556,0.986204,-0.979907,3F800AE6,3F7C5094,BF7AE513,3B6963FA,3BDAAE1A,3B0200DE,3F801234,3F7C77D8,BF7ADB36
1,HHL,2701,2679,27,1.000390,0.985474,-0.980098,0.001983,0.002066,0.008285,1.000556,0.985648,-0.979630,3F800CCA,3F7C480A,BF7AE7BA,3B01F4C7,3B076744,3C07BBC1,3F801234,3F7C5370,BF7AC902
1,HHL,2700,2680,27,1.000411,0.985359,-0.980087,0.004329,0.003261,0.002584,1.000741,0.985556,-0.980000,3F800D76,3F7C4076,BF7AE6F8,3B8DDA25,3B55B0C0,3B29582E,3F801846,3F7C4D5E,BF7AE148
1,HHL,2700,2681,27,1.000359,0.985347,-0.980150,0.003261,0.002714,0.003261,1.000556,0.985556,-0.979907,3F800BC0,3F7C3FB8,BF7AEB24,3B55B608,3B31E402,3B55B3B6,3F801234,3F7C4D5E,BF7ADB36
1,HHL,2701,2680,27,1.000272,0.985518,-0.980058,0.003003,0.004127,0.006385,1.000556,0.985833,-0.979537,3F8008EA,3F7C4AE2,BF7AE513,3B44D0AC,3B873D0D,3BD13CFC,3F801234,3F7C5F92,BF7AC2F0
1,HHL,2701,2681,27,1.000385,0.985414,-0.980107,0.004634,0.004482,0.003665,1.000833,0.985833,-0.979907,3F800C9C,3F7C4412,BF7AE84C,3B97D75D,3B92DCF1,3B70313E,3F801B4E,3F7C5F92,BF7ADB36
1,HHL,2701,2680,26,1.000420,0.985463,-0.980049,0.002893,0.003007,0.004369,1.000648,0.985648,-0.979722,3F800DC0,3F7C474A,BF7AE481,3B3D9A79,3B450E07,3B8F25C9,3F80153E,3F7C5370,BF7ACF13
1,HHL,2700,2681,27,1.000319,0.985353,-0.980072,0.003059,0.003396,0.001710,1.000463,0.985648,-0.980000,3F800A70,3F7C4016,BF7AE605,3B4878EE,3B5E8C60,3AE02BD5,3F800F2C,3F7C5370,BF7AE148
1,HHL,2701,2680,26,1.000477,0.985529,-0.980110,0.004949,0.003579,0.002616,1.000926,0.985833,-0.979907,3F800FA4,3F7C4BA4,BF7AE87C,3BA22793,3B6A8626,3B2B7497,3F801E58,3F7C5F92,BF7ADB36
1,HHL,2701,2680,27,1.000394,0.985512,-0.980038,0.003116,0.002240,0.003417,1.000648,0.985648,-0.979815,3F800CE6,3F7C4A82,BF7AE3BF,3B4C3C4E,3B12CB96,3B5FEBFB,3F80153E,3F7C5370,BF7AD525
1,HHL,2700,2680,27,1.000295,0.985593,-0.980090,0.001680,0.003318,0.002125,1.000463,0.985833,-0.980000,3F8009AC,3F7C4FD4,BF7AE729,3ADC2F89,3B596F48,3B0B447E,3F800F2C,3F7C5F92,BF7AE148
1,HHL,2701,2681,27,1.000333,0.985561,-0.980032,0.003417,0.002000,0.004237,1.000648,0.985741,-0.979722,3F800AEA,3F7C4DB8,BF7AE35E,3B5FE862,3B0315D4,3B8AD80D,3F80153E,3F7C5982,BF7ACF13
1,HHL,2700,2681,27,1.000223,0.985680,-0.980069,0.002643,0.006031,0.004630,1.000463,0.986204,-0.979722,3F80074E,3F7C5582,BF7AE5D5,3B2D37B1,3BC5A1AC,3B97B42F,3F800F2C,3F7C77D8,BF7ACF13
1,HHL,2701,2681,26,1.000376,0.985576,-0.980310,0.003218,0.003648,0.005747,1.000556,0.985741,-0.980000,3F800C52,3F7C4EB4,BF7AF592,3B52EB9A,3B6F1692,3BBC4E76,3F801234,3F7C5982,BF7AE148
1,HHL,2701,2680,26,1.000480,0.985497,-0.980231,0.004682,0.003049,0.002714,1.000833,0.985741,-0.980000,3F800FBE,3F7C498E,BF7AF073,3B9969BF,3B47CC0F,3B31E37F,3F801B4E,3F7C5982,BF7AE148
1,HHL,2700,2681,26,1.000327,0.985246,-0.980159,0.003115,0.002929,0.006950,1.000556,0.985463,-0.979630,3F800AB8,3F7C3910,BF7AEBB6,3B4C251C,3B3FEDA6,3BE3BD98,3F801234,3F7C474C,BF7AC902
1,HHL,2701,2680,27,1.000396,0.985420,-0.980087,0.004020,0.004482,0.002890,1.000741,0.985833,-0.979907,3F800CFE,3F7C4474,BF7AE6F8,3B83B892,3B92DF5C,3B3D648D,3F801846,3F7C5F92,BF7ADB36
1,HHL,2701,2680,27,1.000229,0.985469,-0.980084,0.002313,0.003421,0.006242,1.000463,0.985741,-0.979815,3F800780,3F7C47AE,BF7AE6C8,3B179789,3B602CB4,3BCC8DC1,3F800F2C,3F7C5982,BF7AD525
1,HHL,2701,2680,22,1.000220,0.985639,-0.980113,0.004902,0.005090,0.003783,1.000556,0.986111,-0.979907,3F800734,3F7C52DE,BF7AE8AD,3BA09EC4,3BA6CBDB,3B77ED6F,3F801234,3F7C71C8,BF7ADB36
1,HHL,2701,2680,27,1.000307,0.985451,-0.980307,0.003445,0.003460,0.006979,1.000556,0.985741,-0.979907,3F800A0E,3F7C4686,BF7AF561,3B61BF56,3B62C1CD,3BE4B048,3F801234,3F7C5982,BF7ADB36
1,HHL,2700,2681,27,1.000446,0.985425,-0.979922,0.002977,0.005236,0.006236,1.000741,0.985741,-0.979444,3F800E9A,3F7C44D0,BF7ADC29,3B431268,3BAB916D,3BCC556A,3F801846,3F7C5982,BF7ABCDF
1,HHL,2700,2680,27,1.000480,0.985451,-0.980362,0.005286,0.001897,0.008171,1.000926,0.985556,-0.980000,3F800FBC,3F7C4682,BF7AF8FC,3BAD35AF,3AF8A205,3C05DF9A,3F801E58,3F7C4D5E,BF7AE148
1,HHL,2701,2680,27,1.000394,0.985582,-0.980275,0.002386,0.003935,0.005127,1.000556,0.985833,-0.979907,3F800CE6,3F7C4F12,BF7AF34B,3B1C655F,3B80F35F,3BA7FEE2,3F801234,3F7C5F92,BF7ADB36
1,HHL,2701,2680,27,1.000428,0.985599,-0.979925,0.004548,0.004091,0.006164,1.000741,0.985833,-0.979352,3F800E0A,3F7C5032,BF7ADC59,3B95078F,3B861053,3BC9F80B,3F801846,3F7C5F92,BF7AB6CE
1,HHL,2700,2680,27,1.000335,0.985570,-0.980130,0.001711,0.002721,0.002885,1.000463,0.985833,-0.980000,3F800AFE,3F7C4E4C,BF7AE9D0,3AE04CFB,3B325A7E,3B3D187B,3F800F2C,3F7C5F92,BF7AE148
1,HHL,2701,2683,27,1.000367,0.985471,-0.980179,0.002922,0.004383,0.006040,1.000648,0.985833,-0.979815,3F800C08,3F7C47D8,BF7AED0A,3B3F7A20,3B8F9F77,3BC5EC1F,3F80153E,3F7C5F92,BF7AD525
1,HHL,2701,2681,26,1.000437,0.985422,-0.980101,0.003286,0.006390,0.003631,1.000648,0.985926,-0.979907,3F800E52,3F7C44A6,BF7AE7EB,3B575E27,3BD163A0,3B6DEFC6,3F80153E,3F7C65A4,BF7ADB36
1,HHL,2701,2680,28,1.000399,0.985497,-0.980203,0.003944,0.004163,0.004270,1.000648,0.985833,-0.979907,3F800D16,3F7C4990,BF7AEE8E,3B813D37,3B886A03,3B8BE983,3F80153E,3F7C5F92,BF7ADB36
1,HHL,2701,2680,27,1.000318,0.985651,-0.980127,0.004405,0.003399,0.003602,1.000556,0.985926,-0.979907,3F800A6C,3F7C539C,BF7AE9A0,3B9057C7,3B5EBB4F,3B6C165A,3F801234,3F7C65A4,BF7ADB36
1,HHL,2701,2680,27,1.000408,0.985671,-0.980191,0.005172,0.004253,0.002648,1.000833,0.986019,-0.980000,3F800D60,3F7C54F2,BF7AEDCC,3BA9789C,3B8B595D,3B2D8A39,3F801B4E,3F7C6BB6,BF7AE148
1,HHL,2701,2680,27,1.000454,0.985498,-0.980104,0.003442,0.003460,0.003957,1.000741,0.985741,-0.979907,3F800EE2,3F7C4992,BF7AE81B,3B6195C0,3B62C389,3B81A85A,3F801846,3F7C5982,BF7ADB36
1,HHL,2700,2680,27,1.000463,0.985468,-0.980203,0.003375,0.002710,0.004681,1.000741,0.985648,-0.979907,3F800F2A,3F7C47A8,BF7AEE8E,3B5D2C55,3B319F9E,3B9965D9,3F801846,3F7C5370,BF7ADB36
1,HHL,2701,2680,26,1.000261,0.985631,-0.980072,0.003031,0.003193,0.001982,1.000463,0.985926,-0.979907,3F80088A,3F7C5248,BF7AE605,3B46A316,3B5143FB,3B01EAB3,3F800F2C,3F7C65A4,BF7ADB36
1,HHL,2701,2681,26,1.000584,0.985581,-0.980136,0.003986,0.003625,0.004593,1.000833,0.985833,-0.979907,3F801326,3F7C4F0C,BF7AEA31,3B829E05,3B6D9227,3B967EB4,3F801B4E,3F7C5F92,BF7ADB36
1,HHL,2700,2681,27,1.000498,0.985509,-0.980096,0.003313,0.003424,0.003860,1.000741,0.985741,-0.979815,3F80104E,3F7C4A52,BF7AE78A,3B591FB6,3B60639C,3B7CF400,3F801846,3F7C5982,BF7AD525
1,HHL,2700,2680,27,1.000431,0.985674,-0.980347,0.002135,0.003020,0.003472,1.000556,0.985926,-0.980093,3F800E1E,3F7C5524,BF7AF809,3B0BF2D7,3B45EF74,3B638E40,3F801234,3F7C65A4,BF7AE759
1,HHL,2700,2681,27,1.000307,0.985587,-0.980072,0.003588,0.002628,0.004397,1.000556,0.985741,-0.979815,3F800A0E,3F7C4F6E,BF7AE605,3B6B2148,3B2C396B,3B90163D,3F801234,3F7C5982,BF7AD525
1,HHL,2700,2681,27,1.000388,0.985495,-0.980220,0.003986,0.003778,0.011351,1.000648,0.985741,-0.979537,3F800CB4,3F7C4966,BF7AEFB1,3B829EFA,3B779353,3C39FACE,3F80153E,3F7C5982,BF7AC2F0
1,HHL,2701,2681,27,1.000347,0.985685,-0.980220,0.001294,0.004940,0.002993,1.000463,0.986111,-0.980000,3F800B60,3F7C55E2,BF7AEFB1,3AA98FB1,3BA1DFAB,3B44279A,3F800F2C,3F7C71C8,BF7AE148
1,HHL,2701,2680,27,1.000457,0.985379,-0.980087,0.003372,0.003489,0.002648,1.000741,0.985648,-0.979907,3F800EF8,3F7C41C8,BF7AE6F8,3B5CFBDF,3B64AD91,3B2D8A27,3F801846,3F7C5370,BF7ADB36
1,HHL,2701,2680,26,1.000463,0.985397,-0.980139,0.002524,0.006212,0.008757,1.000648,0.985648,-0.979537,3F800F2A,3F7C42F4,BF7AEA62,3B25659F,3BCB8F30,3C0F7B1D,3F80153E,3F7C5370,BF7AC2F0
1,HHL,2700,2681,29,1.000414,0.985665,-0.980446,0.003424,0.004151,0.009896,1.000648,0.985926,-0.979815,3F800D8E,3F7C548E,BF7AFE7C,3B606321,3B8800FD,3C222416,3F80153E,3F7C65A4,BF7AD525
1,HHL,2701,2681,27,1.000269,0.985488,-0.980072,0.003489,0.002471,0.001896,1.000463,0.985648,-0.979907,3F8008D4,3F7C48F8,BF7AE605,3B64A940,3B21F067,3AF883FE,3F800F2C,3F7C5370,BF7ADB36
1,HHL,2701,2681,27,1.000313,0.985497,-0.980200,0.002760,0.004584,0.006182,1.000556,0.985833,-0.979722,3F800A3E,3F7C4990,BF7AEE5D,3B34DE70,3B9638C6,3BCA90E7,3F801234,3F7C5F92,BF7ACF13
1,HHL,2701,2681,27,1.000428,0.985553,-0.980281,0.003049,0.004193,0.002202,1.000648,0.985741,-0.980185,3F800E0A,3F7C4D2C,BF7AF3AD,3B47D71E,3B8963D8,3B10570E,3F80153E,3F7C5982,BF7AED6B
1,HHL,2700,2681,26,1.000373,0.985610,-0.980055,0.003903,0.005236,0.004127,1.000648,0.986111,-0.979815,3F800C3A,3F7C50EE,BF7AE4E2,3B7FCAF0,3BAB94F9,3B873C66,3F80153E,3F7C71C8,BF7AD525
1,HHL,2701,2681,27,1.000376,0.985457,-0.980278,0.003792,0.003748,0.006896,1.000648,0.985648,-0.979722,3F800C54,3F7C46EA,BF7AF37C,3B7889E8,3B759CB7,3BE1F849,3F80153E,3F7C5370,BF7ACF13
1,HHL,2701,2680,27,1.000298,0.985558,-0.980069,0.005070,0.006056,0.002714,1.000648,0.986111,-0.979815,3F8009C4,3F7C4D8E,BF7AE5D5,3BA61EBA,3BC66D65,3B31E35F,3F80153E,3F7C71C8,BF7AD525
1,HHL,2701,2681,27,1.000396,0.985518,-0.980229,0.003893,0.003561,0.005397,1.000648,0.985833,-0.979815,3F800CFE,3F7C4AE6,BF7AF043,3B7F1BFF,3B695B17,3BB0DBDB,3F80153E,3F7C5F92,BF7AD525
1,HHL,2700,2680,27,1.000425,0.985497,-0.980122,0.002306,0.002368,0.002616,1.000648,0.985648,-0.980000,3F800DEE,3F7C498A,BF7AE93F,3B171D6F,3B1B368E,3B2B746A,3F80153E,3F7C5370,BF7AE148
1,HHL,2700,2681,28,1.000385,0.985558,-0.980113,0.002323,0.002620,0.004547,1.000556,0.985741,-0.979815,3F800C9C,3F7C4D8E,BF7AE8AD,3B183EEF,3B2BAE0A,3B94FE9C,3F801234,3F7C5982,BF7AD525
1,HHL,2701,2683,27,1.000309,0.985573,-0.980084,0.004238,0.004110,0.005826,1.000648,0.985926,-0.979815,3F800A22,3F7C4E86,BF7AE6C8,3B8ADD18,3B86ACCC,3BBEEA0E,3F80153E,3F7C65A4,BF7AD525
1,HHL,2701,2680,26,1.000399,0.985564,-0.980064,0.005060,0.004383,0.004681,1.000648,0.985833,-0.979815,3F800D16,3F7C4DEE,BF7AE574,3BA5D117,3B8F9D7B,3B9965FA,3F80153E,3F7C5F92,BF7AD525
1,HHL,2700,2682,22,1.000426,0.985524,-0.980153,0.004440,0.003096,0.007470,1.000741,0.985833,-0.979722,3F800DF2,3F7C4B46,BF7AEB55,3B917F90,3B4AE065,3BF4C4C1,3F801846,3F7C5F92,BF7ACF13
1,HHL,2700,2681,26,1.000452,0.985463,-0.980171,0.004729,0.002893,0.005212,1.000741,0.985833,-0.979630,3F800ECC,3F7C474C,BF7AEC78,3B9AF3C6,3B3D9AC1,3BAAC821,3F801846,3F7C5F92,BF7AC902
1,HHL,2701,2680,27,1.000405,0.985414,-0.980084,0.002067,0.004091,0.003811,1.000556,0.985741,-0.979815,3F800D46,3F7C4410,BF7AE6C8,3B077742,3B860FD1,3B79BBF9,3F801234,3F7C5982,BF7AD525
1,HHL,2700,2683,27,1.000284,0.985443,-0.980179,0.002518,0.005135,0.003004,1.000463,0.985741,-0.980000,3F80094C,3F7C45F6,BF7AED09,3B24FFF7,3BA84410,3B44D746,3F800F2C,3F7C5982,BF7AE148
1,HHL,2701,2680,27,1.000220,0.985460,-0.980003,0.002572,0.004388,0.002420,1.000463,0.985833,-0.979815,3F800734,3F7C471A,BF7AE178,3B289179,3B8FC56E,3B1E95C5,3F800F2C,3F7C5F92,BF7AD525
1,HHL,2699,2681,27,1.000232,0.985468,-0.980133,0.003116,0.003469,0.005238,1.000463,0.985741,-0.979722,3F800798,3F7C47A8,BF7AEA01,3B4C3CF9,3B636058,3BABA6D6,3F800F2C,3F7C5982,BF7ACF13
1,HHL,2700,2682,26,1.000368,0.985541,-0.980139,0.003860,0.006447,0.005367,1.000648,0.986019,-0.979815,3F800C0C,3F7C4C6C,BF7AEA62,3B7CFF85,3BD3434D,3BAFDAF9,3F80153E,3F7C6BB6,BF7AD525
1,HHL,2700,2681,27,1.000191,0.985671,-0.980396,0.004170,0.004213,0.006829,1.000556,0.985926,-0.980000,3F800644,3F7C54F0,BF7AFB42,3B88A778,3B8A0E44,3BDFC224,3F801234,3F7C65A4,BF7AE148
1,HHL,2701,2680,27,1.000472,0.985559,-0.980075,0.003189,0.006508,0.004609,1.000648,0.986111,-0.979722,3F800F76,3F7C4D94,BF7AE636,3B51006C,3BD54504,3B970922,3F80153E,3F7C71C8,BF7ACF13
1,HHL,2701,2680,27,1.000272,0.985607,-0.980179,0.004770,0.003372,0.004089,1.000556,0.985833,-0.979907,3F8008EA,3F7C50C4,BF7AED0A,3B9C4CE6,3B5CF821,3B86012E,3F801234,3F7C5F92,BF7ADB36
1,HHL,2701,2680,27,1.000200,0.985695,-0.980142,0.003525,0.003062,0.001918,1.000370,0.985926,-0.980000,3F80068C,3F7C567A,BF7AEA92,3B66FDB1,3B48B38E,3AFB64B6,3F800C22,3F7C65A4,BF7AE148
1,HHL,2700,2681,26,1.000475,0.985396,-0.980188,0.003872,0.005880,0.002682,1.000741,0.985833,-0.979907,3F800F8E,3F7C42EC,BF7AED9B,3B7DC1B7,3BC0AA96,3B2FCAB8,3F801846,3F7C5F92,BF7ADB36
1,HHL,2700,2681,27,1.000379,0.985544,-0.980223,0.004267,0.002636,0.005299,1.000556,0.985741,-0.979907,3F800C6C,3F7C4C9A,BF7AEFE2,3B8BCF83,3B2CC6EA,3BADA71B,3F801234,3F7C5982,BF7ADB36
1,HHL,2701,2681,27,1.000475,0.985665,-0.980168,0.003363,0.003245,0.006054,1.000741,0.985926,-0.979815,3F800F90,3F7C548C,BF7AEC47,3B5C6B7E,3B54A9FA,3BC6604A,3F801846,3F7C65A4,BF7AD525
1,HHL,2701,2680,27,1.000503,0.985581,-0.979988,0.003271,0.001852,0.004041,1.000833,0.985741,-0.979722,3F80107C,3F7C4F0A,BF7AE086,3B566202,3AF2C093,3B8466D2,3F801B4E,3F7C5982,BF7ACF13
1,HHL,2700,2681,27,1.000414,0.985610,-0.980171,0.001829,0.003109,0.003175,1.000556,0.985833,-0.979907,3F800D8E,3F7C50F4,BF7AEC78,3AEFCB98,3B4BC7BD,3B501B7D,3F801234,3F7C5F92,BF7ADB36
1,HHL,2701,2680,27,1.000341,0.985509,-0.980344,0.002741,0.005176,0.005647,1.000556,0.985833,-0.980000,3F800B2E,3F7C4A52,BF7AF7D8,3B33A361,3BA99D7E,3BB90E4F,3F801234,3F7C5F92,BF7AE148
1,HHL,2701,2680,27,1.000246,0.985654,-0.980373,0.005098,0.004700,0.006908,1.000556,0.986019,-0.980000,3F800812,3F7C53CE,BF7AF9BE,3BA70BCF,3B99FE55,3BE25ACE,3F801234,3F7C6BB6,BF7AE148
1,HHL,2701,2683,27,1.000353,0.985567,-0.980067,0.003086,0.004082,0.003977,1.000556,0.985926,-0.979722,3F800B92,3F7C4E20,BF7AE5A4,3B4A4252,3B85C19F,3B8253D4,3F801234,3F7C65A4,BF7ACF13
1,HHL,2700,2681,27,1.000244,0.985645,-0.980017,0.001983,0.005127,0.006834,1.000370,0.986019,-0.979444,3F8007FC,3F7C5340,BF7AE26B,3B01EEC6,3BA8000A,3BDFEBE9,3F800C22,3F7C6BB6,BF7ABCDF
1,HHL,2701,2680,27,1.000605,0.985480,-0.980223,0.005012,0.004891,0.003162,1.001019,0.985926,-0.980000,3F8013D0,3F7C486E,BF7AEFE2,3BA43A57,3BA046A2,3B4F3DD7,3F802160,3F7C65A4,BF7AE148
1,HHL,2700,2681,25,1.000448,0.985425,-0.980101,0.003280,0.004207,0.002341,1.000741,0.985741,-0.979907,3F800EB2,3F7C44D0,BF7AE7EB,3B56F3EB,3B89DF04,3B1965EA,3F801846,3F7C5982,BF7ADB36
1,HHL,2700,2681,27,1.000272,0.985590,-0.980205,0.002710,0.002507,0.004397,1.000463,0.985741,-0.980000,3F8008EC,3F7C4FA4,BF7AEEBE,3B319B3C,3B2444EF,3B90161F,3F800F2C,3F7C5982,BF7AE148
1,HHL,2700,2680,27,1.000425,0.985721,-0.979910,0.003368,0.003048,0.004611,1.000741,0.985926,-0.979537,3F800DEE,3F7C582E,BF7ADB67,3B5CC0A4,3B47BA69,3B971764,3F801846,3F7C65A4,BF7AC2F0
1,HHL,2700,2681,24,1.000330,0.985575,-0.980579,0.003836,0.002936,0.012745,1.000648,0.985926,-0.980000,3F800AD0,3F7C4EA8,BF7B0735,3B7B643D,3B406BAE,3C50CED9,3F80153E,3F7C65A4,BF7AE148
1,HHL,2701,2680,27,1.000321,0.985530,-0.980292,0.003221,0.003892,0.005049,1.000556,0.985833,-0.979815,3F800A88,3F7C4BAA,BF7AF46F,3B531194,3B7F1206,3BA56F31,3F801234,3F7C5F92,BF7AD525
1,HHL,2700,2681,27,1.000333,0.985659,-0.980072,0.002643,0.003556,0.004656,1.000556,0.985926,-0.979815,3F800AE8,3F7C542C,BF7AE605,3B2D3A66,3B690835,3B98925D,3F801234,3F7C65A4,BF7AD525
1,HHL,2700,2680,28,1.000431,0.985338,-0.980116,0.003405,0.004430,0.002386,1.000648,0.985648,-0.980000,3F800E22,3F7C3F22,BF7AE8DE,3B5F2595,3B9127C5,3B1C5F55,3F80153E,3F7C5370,BF7AE148
1,HHL,2700,2681,27,1.000333,0.985547,-0.980055,0.003920,0.005826,0.004086,1.000648,0.985926,-0.979722,3F800AE6,3F7C4CCC,BF7AE4E2,3B807126,3BBEE9E9,3B85E658,3F80153E,3F7C65A4,BF7ACF13
1,HHL,2700,2681,22,1.000457,0.985486,-0.980185,0.002649,0.003839,0.002455,1.000648,0.985741,-0.980000,3F800EFA,3F7C48CC,BF7AED6B,3B2D95BF,3B7B936B,3B20E802,3F80153E,3F7C5982,BF7AE148
1,HHL,2701,2680,26,1.000322,0.985619,-0.980220,0.004213,0.005060,0.003049,1.000648,0.985926,-0.980000,3F800A8A,3F7C518E,BF7AEFB1,3B8A0BB0,3BA5CA7E,3B47C990,3F80153E,3F7C65A4,BF7AE148
1,HHL,2700,2681,27,1.000454,0.985489,-0.980286,0.002269,0.004340,0.005562,1.000648,0.985741,-0.980000,3F800EE0,3F7C48FC,BF7AF40E,3B14ACB4,3B8E36BB,3BB63DC4,3F80153E,3F7C5982,BF7AE148
1,HHL,2701,2681,27,1.000339,0.985474,-0.980061,0.003951,0.004621,0.009882,1.000648,0.985926,-0.979537,3F800B18,3F7C480C,BF7AE543,3B8176AE,3B97682B,3C21E945,3F80153E,3F7C65A4,BF7AC2F0
1,HHL,2700,2681,27,1.000220,0.985483,-0.980249,0.003739,0.003361,0.004069,1.000556,0.985741,-0.980000,3F800736,3F7C489C,BF7AF197,3B750EFB,3B5C4A9E,3B8554FF,3F801234,3F7C5982,BF7AE148
1,HHL,2700,2680,26,1.000399,0.985379,-0.979988,0.002274,0.002611,0.005168,1.000556,0.985556,-0.979630,3F800D16,3F7C41D0,BF7AE086,3B150C6C,3B2B19CD,3BA9583C,3F801234,3F7C4D5E,BF7AC902
1,HHL,2700,2681,26,1.000263,0.985529,-0.979925,0.004811,0.004602,0.004462,1.000648,0.985926,-0.979537,3F8008A0,3F7C4BA4,BF7ADC59,3B9DA2C8,3B96CC0F,3B923244,3F80153E,3F7C65A4,BF7AC2F0
1,HHL,2701,2680,27,1.000347,0.985590,-0.980006,0.002456,0.003157,0.004942,1.000463,0.985833,-0.979630,3F800B5E,3F7C4F9E,BF7AE1A9,3B20EF77,3B4EE13A,3BA1F338,3F800F2C,3F7C5F92,BF7AC902
1,HHL,2700,2681,26,1.000313,0.985596,-0.980136,0.003508,0.002519,0.003061,1.000556,0.985741,-0.980000,3F800A3E,3F7C5006,BF7AEA31,3B65EB12,3B25131D,3B48A113,3F801234,3F7C5982,BF7AE148
1,HHL,2701,2679,26,1.000408,0.985579,-0.980231,0.005394,0.003925,0.004133,1.000833,0.985833,-0.979907,3F800D62,3F7C4EE6,BF7AF073,3BB0BDC0,3B809E3A,3B876C33,3F801B4E,3F7C5F92,BF7ADB36
1,HHL,2700,2680,27,1.000547,0.985359,-0.980171,0.002548,0.003508,0.004257,1.000648,0.985648,-0.979907,3F8011EC,3F7C4076,BF7AEC78,3B26FD1A,3B65EB1A,3B8B7D69,3F80153E,3F7C5370,BF7ADB36
1,HHL,2701,2680,26,1.000243,0.985660,-0.980298,0.002879,0.004657,0.003914,1.000463,0.986111,-0.980000,3F8007F8,3F7C5436,BF7AF4D0,3B3CA6F2,3B989966,3B803DBA,3F800F2C,3F7C71C8,BF7AE148
1,HHL,2700,2681,27,1.000411,0.985495,-0.980237,0.005271,0.007905,0.004591,1.000741,0.986019,-0.979907,3F800D78,3F7C4960,BF7AF0D4,3BACB86B,3C018520,3B96706A,3F801846,3F7C6BB6,BF7ADB36
1,HHL,2701,2681,27,1.000417,0.985553,-0.980093,0.002087,0.004388,0.002894,1.000556,0.985833,-0.979907,3F800DA6,3F7C4D2C,BF7AE759,3B08C93A,3B8FC69A,3B3DA137,3F801234,3F7C5F92,BF7ADB36
1,HHL,2700,2680,27,1.000431,0.985425,-0.980205,0.001886,0.003417,0.003914,1.000648,0.985741,-0.979907,3F800E20,3F7C44D0,BF7AEEBE,3AF73B00,3B5FEBB7,3B803DCC,3F80153E,3F7C5982,BF7ADB36
1,HHL,2699,2681,27,1.000365,0.985515,-0.980043,0.005843,0.001914,0.002834,1.000833,0.985648,-0.979815,3F800BF2,3F7C4AB0,BF7AE420,3BBF7705,3AFAD56E,3B39BCDC,3F801B4E,3F7C5370,BF7AD525
1,HHL,2700,2681,26,1.000313,0.985515,-0.980174,0.002936,0.003792,0.005543,1.000463,0.985833,-0.979815,3F800A3E,3F7C4AB4,BF7AECA8,3B4071DE,3B7886C3,3BB5A3A6,3F800F2C,3F7C5F92,BF7AD525
1,HHL,2701,2680,26,1.000336,0.985535,-0.980223,0.003555,0.003783,0.004207,1.000556,0.985833,-0.979907,3F800B02,3F7C4C0A,BF7AEFE2,3B68FEC4,3B77F088,3B89DE8C,3F801234,3F7C5F92,BF7ADB36
1,HHL,2700,2681,32,1.000359,0.985538,-0.980043,0.001712,0.005473,0.002314,1.000463,0.985926,-0.979722,3F800BC2,3F7C4C38,BF7AE420,3AE06C94,3BB35805,3B17A12F,3F800F2C,3F7C65A4,BF7ACF13
1,HHL,2700,2680,27,1.000332,0.985605,-0.979945,0.003833,0.004944,0.005546,1.000556,0.986019,-0.979630,3F800AE4,3F7C5094,BF7ADDAD,3B7B32B4,3BA20154,3BB5BF50,3F801234,3F7C6BB6,BF7AC902
1,HHL,2701,2680,24,1.000309,0.985454,-0.980214,0.003549,0.002479,0.005125,1.000556,0.985556,-0.979907,3F800A24,3F7C46B2,BF7AEF50,3B689DD6,3B227C0D,3BA7F1FC,3F801234,3F7C4D5E,BF7ADB36
1,HHL,2700,2680,26,1.000188,0.985570,-0.980142,0.002619,0.002722,0.003221,1.000370,0.985741,-0.979907,3F80062C,3F7C4E50,BF7AEA92,3B2BA5AB,3B325F0B,3B531C0E,3F800C22,3F7C5982,BF7ADB36
1,HHL,2700,2681,27,1.000379,0.985677,-0.979977,0.004496,0.004646,0.006313,1.000648,0.986019,-0.979537,3F800C6E,3F7C5554,BF7ADFC3,3B935743,3B983B0E,3BCEDC93,3F80153E,3F7C6BB6,BF7AC2F0
1,HHL,2701,2682,27,1.000281,0.985477,-0.980110,0.003247,0.003228,0.004536,1.000556,0.985833,-0.979815,3F800936,3F7C483A,BF7AE87C,3B54CF1A,3B538503,3B94A2C5,3F801234,3F7C5F92,BF7AD525
1,HHL,2701,2681,27,1.000194,0.985686,-0.980188,0.004066,0.003607,0.004538,1.000556,0.985833,-0.979907,3F800658,3F7C55E4,BF7AED9B,3B853A5E,3B6C6A1A,3B94B135,3F801234,3F7C5F92,BF7ADB36
1,HHL,2700,2681,29,1.000286,0.985434,-0.980177,0.003810,0.004926,0.003392,1.000463,0.985833,-0.979722,3F800960,3F7C4562,BF7AECD9,3B79B956,3BA1671B,3B5E4F67,3F800F2C,3F7C5F92,BF7ACF13
1,HHL,2701,2680,27,1.000315,0.985457,-0.980101,0.003214,0.004090,0.002736,1.000556,0.985833,-0.979907,3F800A56,3F7C46E8,BF7AE7EB,3B52A58B,3B8601DB,3B3355E0,3F801234,3F7C5F92,BF7ADB36
1,HHL,2700,2681,28,1.000405,0.985628,-0.980185,0.001898,0.004397,0.003007,1.000556,0.985926,-0.979907,3F800D44,3F7C521E,BF7AED6A,3AF8CE34,3B901764,3B4511BD,3F801234,3F7C65A4,BF7ADB36
1,HHL,2700,2681,26,1.000307,0.985573,-0.979968,0.003634,0.006858,0.002752,1.000556,0.986111,-0.979815,3F800A0C,3F7C4E84,BF7ADF32,3B6E2C8E,3BE0BA30,3B3455E0,3F801234,3F7C71C8,BF7AD525
1,HHL,2699,2680,26,1.000113,0.985547,-0.980327,0.002296,0.003854,0.005815,1.000278,0.985833,-0.980000,3F8003B6,3F7C4CCA,BF7AF6B5,3B167A1B,3B7C9A0B,3BBE8F86,3F80091A,3F7C5F92,BF7AE148
1,HHL,2701,2680,27,1.000237,0.985489,-0.980327,0.003792,0.002789,0.009002,1.000556,0.985648,-0.979722,3F8007C4,3F7C48FA,BF7AF6B5,3B788517,3B36CDC9,3C137E17,3F801234,3F7C5370,BF7ACF13
1,HHL,2700,2681,27,1.000379,0.985486,-0.980234,0.003241,0.005398,0.002893,1.000648,0.985833,-0.979907,3F800C6C,3F7C48D2,BF7AF0A4,3B54693B,3BB0E12C,3B3D921F,3F80153E,3F7C5F92,BF7ADB36
1,HHL,2700,2681,28,1.000211,0.985633,-0.979925,0.005677,0.003930,0.007192,1.000648,0.985833,-0.979444,3F8006EC,3F7C527A,BF7ADC5A,3BBA07D5,3B80C7A3,3BEBA891,3F80153E,3F7C5F92,BF7ABCDF
1,HHL,2700,2681,27,1.000313,0.985614,-0.980110,0.002992,0.004243,0.002679,1.000556,0.986019,-0.979907,3F800A40,3F7C512C,BF7AE87C,3B44199D,3B8B0917,3B2F9985,3F801234,3F7C6BB6,BF7ADB36
1,HHL,2701,2680,27,1.000150,0.985596,-0.980295,0.003048,0.002948,0.006834,1.000370,0.985741,-0.979722,3F8004EE,3F7C5006,BF7AF49F,3B47C4A4,3B412E75,3BDFEBFA,3F800C22,3F7C5982,BF7ACF13
1,HHL,2701,2680,27,1.000538,0.985413,-0.980205,0.004788,0.003882,0.004620,1.000926,0.985648,-0.980000,3F8011A2,3F7C440E,BF7AEEBE,3B9CE68B,3B7E60CA,3B97636C,3F801E58,3F7C5370,BF7AE148
1,HHL,2701,2680,26,1.000330,0.985593,-0.980078,0.002450,0.007408,0.005432,1.000556,0.986204,-0.979630,3F800AD0,3F7C4FD0,BF7AE666,3B209838,3BF2BFE4,3BB1FFB3,3F801234,3F7C77D8,BF7AC902
1,HHL,2701,2681,27,1.000347,0.985532,-0.980116,0.004702,0.003222,0.004292,1.000648,0.985833,-0.979907,3F800B5E,3F7C4BD6,BF7AE8DD,3B9A123A,3B532C6F,3B8CA217,3F80153E,3F7C5F92,BF7ADB36
1,HHL,2701,2680,27,1.000463,0.985367,-0.980327,0.001737,0.004152,0.006871,1.000556,0.985648,-0.980000,3F800F2A,3F7C4106,BF7AF6B5,3AE3A334,3B880D15,3BE12901,3F801234,3F7C5370,BF7AE148
1,HHL,2700,2682,26,1.000260,0.985590,-0.980191,0.004151,0.006035,0.010887,1.000556,0.986019,-0.979444,3F800888,3F7C4FA6,BF7AEDCC,3B880200,3BC5BFA5,3C32609A,3F801234,3F7C6BB6,BF7ABCDF
1,HHL,2700,2681,27,1.000347,0.985414,-0.980113,0.003520,0.006773,0.002065,1.000648,0.985833,-0.980000,3F800B62,3F7C4414,BF7AE8AD,3B66B672,3BDDF0EC,3B0756E8,3F80153E,3F7C5F92,BF7AE148
1,HHL,2700,2681,27,1.000246,0.985587,-0.980185,0.003549,0.002287,0.005641,1.000463,0.985741,-0.979907,3F80080E,3F7C4F72,BF7AED6B,3B6897A7,3B15DD74,3BB8D40D,3F800F2C,3F7C5982,BF7ADB36
1,HHL,2700,2680,27,1.000344,0.985474,-0.980124,0.002603,0.003508,0.005098,1.000556,0.985741,-0.979722,3F800B48,3F7C480E,BF7AE96F,3B2A97FC,3B65EC16,3BA70E79,3F801234,3F7C5982,BF7ACF13
1,HHL,2700,2680,26,1.000304,0.985605,-0.980272,0.003075,0.002893,0.005043,1.000556,0.985741,-0.980000,3F8009F6,3F7C509A,BF7AF31B,3B498164,3B3D975C,3BA53F4E,3F801234,3F7C5982,BF7AE148
1,HHL,2701,2680,27,1.000252,0.985527,-0.980385,0.002729,0.005125,0.008740,1.000463,0.985926,-0.979815,3F800842,3F7C4B7A,BF7AFA80,3B32D0BD,3BA7F0F2,3C0F3398,3F800F2C,3F7C65A4,BF7AD525
1,HHL,2700,2681,27,1.000368,0.985541,-0.980263,0.002619,0.004373,0.003068,1.000556,0.985833,-0.980093,3F800C0C,3F7C4C68,BF7AF289,3B2BAB19,3B8F4EFC,3B4913B1,3F801234,3F7C5F92,BF7AE759
1,HHL,2700,2681,27,1.000289,0.985437,-0.980179,0.003209,0.006553,0.003564,1.000463,0.986019,-0.979907,3F80097C,3F7C4596,BF7AED0A,3B524D4E,3BD6BCAA,3B699960,3F800F2C,3F7C6BB6,BF7ADB36
1,HHL,2700,2682,27,1.000402,0.985457,-0.980197,0.002691,0.004518,0.003362,1.000556,0.985833,-0.980000,3F800D2E,3F7C46EC,BF7AEE2D,3B305511,3B940901,3B5C546F,3F801234,3F7C5F92,BF7AE148
1,HHL,2701,2680,26,1.000396,0.985538,-0.980035,0.005248,0.004925,0.002368,1.000648,0.985926,-0.979815,3F800CFE,3F7C4C3A,BF7AE38E,3BABF9D8,3BA164B6,3B1B37F9,3F80153E,3F7C65A4,BF7AD525
1,HHL,2701,2680,27,1.000307,0.985434,-0.980185,0.003086,0.004424,0.003274,1.000648,0.985648,-0.980000,3F800A0E,3F7C4566,BF7AED6B,3B4A42C9,3B90F5DC,3B568AA4,3F80153E,3F7C5370,BF7AE148
1,HHL,2701,2680,27,1.000370,0.985625,-0.980000,0.003614,0.005078,0.004737,1.000741,0.986111,-0.979630,3F800C20,3F7C51E6,BF7AE148,3B6CDAB8,3BA668EA,3B9B37F4,3F801846,3F7C71C8,BF7AC902
1,HHL,2701,2681,27,1.000347,0.985428,-0.980315,0.002714,0.004398,0.004940,1.000556,0.985741,-0.980000,3F800B5E,3F7C4504,BF7AF5F3,3B31E131,3B90195B,3BA1DD09,3F801234,3F7C5982,BF7AE148
1,HHL,2700,2680,26,1.000341,0.985419,-0.980162,0.004386,0.003273,0.002714,1.000648,0.985741,-0.980000,3F800B2C,3F7C4470,BF7AEBE6,3B8FBC44,3B567BCF,3B31E371,3F80153E,3F7C5982,BF7AE148
1,HHL,2700,2679,27,1.000324,0.985590,-0.980263,0.002385,0.004436,0.002595,1.000463,0.986111,-0.980093,3F800AA0,3F7C4FA0,BF7AF289,3B1C5581,3B915CC3,3B2A12CA,3F800F2C,3F7C71C8,BF7AE759
1,HHL,2700,2681,27,1.000327,0.985634,-0.980096,0.002774,0.005463,0.004789,1.000463,0.985926,-0.979815,3F800AB6,3F7C527C,BF7AE78A,3B35D0DA,3BB300D3,3B9CEDC1,3F800F2C,3F7C65A4,BF7AD525
1,HHL,2700,2681,27,1.000309,0.985480,-0.980127,0.002286,0.004190,0.002699,1.000463,0.985833,-0.980000,3F800A24,3F7C486A,BF7AE9A0,3B15CFDA,3B894FE5,3B30DFF2,3F800F2C,3F7C5F92,BF7AE148
1,HHL,2700,2681,27,1.000295,0.985561,-0.980243,0.002040,0.003612,0.005543,1.000463,0.985741,-0.980000,3F8009AE,3F7C4DBC,BF7AF136,3B05B450,3B6CAFA4,3BB5A39B,3F800F2C,3F7C5982,BF7AE148
1,HHL,2700,2681,28,1.000399,0.985512,-0.980182,0.002347,0.004876,0.005224,1.000556,0.985833,-0.979722,3F800D14,3F7C4A88,BF7AED3A,3B19C92E,3B9FC404,3BAB2D2A,3F801234,3F7C5F92,BF7ACF13
1,HHL,2701,2680,26,1.000365,0.985495,-0.980150,0.002161,0.005417,0.003602,1.000556,0.985833,-0.979907,3F800BF4,3F7C4966,BF7AEB24,3B0D9C07,3BB17E63,3B6C1644,3F801234,3F7C5F92,BF7ADB36
1,HHL,2700,2681,25,1.000217,0.985492,-0.980278,0.002562,0.002976,0.003007,1.000370,0.985741,-0.980000,3F800720,3F7C4932,BF7AF37C,3B27E98D,3B4300C5,3B4511A9,3F800C22,3F7C5982,BF7AE148
1,HHL,2700,2680,26,1.000258,0.985645,-0.980032,0.004583,0.003399,0.007380,1.000556,0.985926,-0.979352,3F800872,3F7C5340,BF7AE35E,3B962F8B,3B5EBD2A,3BF1D00F,3F801234,3F7C65A4,BF7AB6CE
1,HHL,2700,2680,27,1.000292,0.985463,-0.980200,0.001928,0.003324,0.003330,1.000463,0.985741,-0.980000,3F800994,3F7C474E,BF7AEE5D,3AFCB150,3B59DC4F,3B5A3A84,3F800F2C,3F7C5982,BF7AE148
1,HHL,2700,2680,27,1.000356,0.985500,-0.980168,0.004670,0.003055,0.005442,1.000741,0.985741,-0.979907,3F800BAA,3F7C49C0,BF7AEC47,3B990506,3B482F3B,3BB25482,3F801846,3F7C5982,BF7ADB36
1,HHL,2700,2681,27,1.000347,0.985604,-0.980133,0.002086,0.003007,0.003657,1.000463,0.985833,-0.980000,3F800B60,3F7C5092,BF7AEA01,3B08BC33,3B450C3A,3B6FAD5B,3F800F2C,3F7C5F92,BF7AE148
1,HHL,2700,2680,27,1.000283,0.985599,-0.980145,0.002831,0.004173,0.003469,1.000463,0.986019,-0.980000,3F80094A,3F7C5034,BF7AEAC3,3B399008,3B88BCF9,3B635BA2,3F800F2C,3F7C6BB6,BF7AE148
1,HHL,2700,2681,28,1.000365,0.985402,-0.980012,0.002237,0.005386,0.002223,1.000556,0.985833,-0.979722,3F800BF4,3F7C4354,BF7AE20A,3B1293B2,3BB07BC8,3B11A840,3F801234,3F7C5F92,BF7ACF13
1,HHL,2701,2681,27,1.000252,0.985555,-0.980081,0.003578,0.002315,0.002699,1.000556,0.985741,-0.979907,3F800842,3F7C4D5A,BF7AE697,3B6A83FB,3B17BBE3,3B30DFFB,3F801234,3F7C5982,BF7ADB36
1,HHL,2700,2680,27,1.000365,0.985330,-0.980252,0.002890,0.005727,0.003020,1.000648,0.985648,-0.980000,3F800BF2,3F7C3E94,BF7AF1C7,3B3D6377,3BBBA6FF,3B45EC2F,3F80153E,3F7C5370,BF7AE148
1,HHL,2700,2681,26,1.000425,0.985532,-0.980211,0.003514,0.003567,0.003716,1.000648,0.985833,-0.980000,3F800DF0,3F7C4BDA,BF7AEF1F,3B664BE1,3B69CC5A,3B738997,3F80153E,3F7C5F92,BF7AE148
1,HHL,2700,2681,27,1.000304,0.985666,-0.980130,0.002849,0.003347,0.003266,1.000463,0.986019,-0.979907,3F8009F8,3F7C5494,BF7AE9D0,3B3AB092,3B5B5688,3B5611E3,3F800F2C,3F7C6BB6,BF7ADB36
1,HHL,2700,2681,27,1.000379,0.985391,-0.980174,0.002411,0.002505,0.006987,1.000556,0.985648,-0.979815,3F800C6A,3F7C4292,BF7AECA8,3B1E0814,3B242340,3BE4EF23,3F801234,3F7C5370,BF7AD525
1,HHL,2701,2681,27,1.000319,0.985651,-0.980116,0.003923,0.004611,0.003567,1.000648,0.986111,-0.979815,3F800A70,3F7C539C,BF7AE8DE,3B808905,3B97185A,3B69CAA8,3F80153E,3F7C71C8,BF7AD525
1,HHL,2700,2681,27,1.000336,0.985633,-0.980310,0.003103,0.006100,0.002135,1.000556,0.986204,-0.980185,3F800B00,3F7C527A,BF7AF592,3B4B567A,3BC7E611,3B0BE997,3F801234,3F7C77D8,BF7AED6B
1,HHL,2701,2680,27,1.000336,0.985579,-0.980153,0.003784,0.005304,0.002135,1.000648,0.986019,-0.980000,3F800B00,3F7C4EE2,BF7AEB55,3B77FEFF,3BADCFBC,3B0BE98C,3F80153E,3F7C6BB6,BF7AE148
1,HHL,2701,2681,27,1.000333,0.985448,-0.980249,0.003561,0.006447,0.003193,1.000648,0.985741,-0.980093,3F800AEA,3F7C465A,BF7AF196,3B6958C0,3BD34345,3B513D02,3F80153E,3F7C5982,BF7AE759
1,HHL,2701,2681,27,1.000408,0.985628,-0.980159,0.004168,0.004281,0.003182,1.000648,0.985833,-0.979907,3F800D60,3F7C521A,BF7AEBB6,3B8894FB,3B8C4A03,3B5089F7,3F80153E,3F7C5F92,BF7ADB36
1,HHL,2701,2680,26,1.000417,0.985385,-0.980463,0.002523,0.004296,0.004520,1.000648,0.985741,-0.980185,3F800DA8,3F7C4232,BF7AFF9F,3B255A1C,3B8CC6C4,3B941B04,3F80153E,3F7C5982,BF7AED6B
1,HHL,2700,2680,26,1.000350,0.985553,-0.980084,0.003738,0.003903,0.006733,1.000648,0.985741,-0.979537,3F800B7A,3F7C4D2E,BF7AE6C7,3B74FD90,3B7FCDBD,3BDC9F7D,3F80153E,3F7C5982,BF7AC2F0
1,HHL,2701,2680,26,1.000272,0.985535,-0.980104,0.003166,0.003048,0.003556,1.000556,0.985741,-0.979815,3F8008EA,3F7C4C04,BF7AE81B,3B4F7A7F,3B47C0A9,3B69055D,3F801234,3F7C5982,BF7AD525
1,HHL,2700,2679,27,1.000434,0.985494,-0.979968,0.002552,0.003549,0.004758,1.000648,0.985741,-0.979630,3F800E3A,3F7C495E,BF7ADF32,3B273F60,3B6897A7,3B9BEC45,3F80153E,3F7C5982,BF7AC902
1,HHL,2701,2681,27,1.000385,0.985744,-0.980081,0.004217,0.003946,0.003649,1.000741,0.985926,-0.979907,3F800C9E,3F7C59B0,BF7AE697,3B8A31FF,3B814A68,3B6F1D3A,3F801846,3F7C65A4,BF7ADB36
1,HHL,2701,2681,27,1.000466,0.985573,-0.980388,0.003773,0.004191,0.004536,1.000833,0.985926,-0.980093,3F800F44,3F7C4E7E,BF7AFAB1,3B773C21,3B8952CF,3B94A2C0,3F801B4E,3F7C65A4,BF7AE759
1,HHL,2701,2681,26,1.000171,0.985625,-0.980258,0.004055,0.003967,0.002635,1.000556,0.985926,-0.980000,3F800598,3F7C51E8,BF7AF228,3B84E183,3B820183,3B2CB224,3F801234,3F7C65A4,BF7AE148
1,HHL,2701,2680,26,1.000373,0.985642,-0.980234,0.002922,0.003611,0.004978,1.000648,0.985833,-0.979815,3F800C3C,3F7C5310,BF7AF0A4,3B3F7D2C,3B6CA7B3,3BA31BC7,3F80153E,3F7C5F92,BF7AD525
1,HHL,2700,2681,27,1.000321,0.985567,-0.980260,0.003519,0.007672,0.004110,1.000648,0.986204,-0.980000,3F800A88,3F7C4E22,BF7AF259,3B66A64D,3BFB6704,3B86AC78,3F80153E,3F7C77D8,BF7AE148
1,HHL,2700,2680,27,1.000339,0.985628,-0.980327,0.003095,0.003602,0.003659,1.000556,0.985926,-0.980093,3F800B1A,3F7C521A,BF7AF6B5,3B4ADA21,3B6C0F96,3B6FD153,3F801234,3F7C65A4,BF7AE759
1,HHL,2700,2680,27,1.000362,0.985477,-0.980188,0.002736,0.004097,0.004272,1.000556,0.985833,-0.979815,3F800BDA,3F7C483E,BF7AED9B,3B3352A0,3B863D21,3B8BF8F6,3F801234,3F7C5F92,BF7AD525
1,HHL,2700,2680,27,1.000321,0.985523,-0.980113,0.003794,0.001597,0.003693,1.000648,0.985648,-0.979907,3F800A86,3F7C4B40,BF7AE8AD,3B78A444,3AD1517A,3B720E80,3F80153E,3F7C5370,BF7ADB36
1,HHL,2700,2681,27,1.000422,0.985495,-0.979988,0.002890,0.003596,0.007105,1.000648,0.985833,-0.979352,3F800DD8,3F7C4960,BF7AE086,3B3D6E1B,3B6BA8D7,3BE8D3F5,3F80153E,3F7C5F92,BF7AB6CE
1,HHL,2701,2680,26,1.000348,0.985576,-0.980153,0.002893,0.003460,0.003254,1.000556,0.985833,-0.979815,3F800B64,3F7C4EB2,BF7AEB55,3B3D9B0D,3B62BD1A,3B553A77,3F801234,3F7C5F92,BF7AD525
1,HHL,2701,2680,27,1.000376,0.985671,-0.980122,0.004049,0.003170,0.007577,1.000648,0.985833,-0.979722,3F800C52,3F7C54F4,BF7AE93F,3B84AE0D,3B4FBBDC,3BF84A4B,3F80153E,3F7C5F92,BF7ACF13
1,HHL,2700,2681,26,1.000362,0.985547,-0.980107,0.003189,0.002675,0.004811,1.000556,0.985741,-0.979722,3F800BDA,3F7C4CCC,BF7AE84C,3B50F7ED,3B2F4FC1,3B9DA4AD,3F801234,3F7C5982,BF7ACF13
2,LHH,6,2680,2672,-0.995602,0.984931,0.978889,0.001637,0.003222,0.001637,-0.995556,0.985278,0.978981,BF7EDFC3,3F7C246E,3F7A987A,3AD68A96,3B532D16,3AD695B8,BF7EDCBB,3F7C3B2A,3F7A9E88
2,LHH,6,2681,2672,-0.995602,0.984954,0.979048,0.001157,0.004292,0.003892,-0.995556,0.985370,0.979445,BF7EDFC3,3F7C25F2,3F7AA2E4,3A97B421,3B8CA2C0,3B7F18FD,BF7EDCBB,3F7C413C,3F7ABCE0
2,LHH,6,2680,2671,-0.995602,0.984896,0.979193,0.001157,0.002994,0.002667,-0.995556,0.985093,0.979445,BF7EDFC3,3F7C2224,3F7AAC64,3A97B421,3B443067,3B2EC4D3,BF7EDCBB,3F7C2F08,3F7ABCE0
2,LHH,6,2681,2671,-0.995648,0.984951,0.979031,0.002951,0.004132,0.003169,-0.995463,0.985278,0.979259,BF7EE2CC,3F7C25BE,3F7AA1C8,3B41628D,3B8768C0,3B4FB04A,BF7ED6A9,3F7C3B2A,3F7AB0BC
2,LHH,6,2680,2671,-0.995538,0.984994,0.979138,0.001349,0.003611,0.006026,-0.995370,0.985185,0.979722,BF7EDB97,3F7C2896,3F7AA8C2,3AB0DFEE,3B6CA784,3BC5785B,BF7ED098,3F7C3518,3F7ACF14
2,LHH,6,2679,2673,-0.995587,0.984870,0.979195,0.001371,0.005982,0.003193,-0.995463,0.985278,0.979445,BF7EDED1,3F7C206C,3F7AAC8E,3AB3A5FC,3BC407B1,3B513BF9,BF7ED6A9,3F7C3B2A,3F7ABCE0
2,LHH,6,2680,2671,-0.995611,0.985087,0.979051,0.001622,0.002451,0.004292,-0.995556,0.985278,0.979537,BF7EE055,3F7C2EA2,3F7AA31A,3AD4A5BD,3B209C8C,3B8CA399,BF7EDCBB,3F7C3B2A,3F7AC2F0
2,LHH,6,2680,2672,-0.995558,0.984908,0.979106,0.001686,0.003063,0.005098,-0.995463,0.985093,0.979445,BF7EDCEB,3F7C22EA,3F7AA6AC,3ADCF0D9,3B48B4EC,3BA70EE1,BF7ED6A9,3F7C2F08,3F7ABCE0
2,LHH,6,2680,2672,-0.995625,0.984899,0.979135,0.001002,0.004267,0.002871,-0.995556,0.985185,0.979352,BF7EE148,3F7C2256,3F7AA890,3A836113,3B8BD1CB,3B3C20EC,BF7EDCBB,3F7C3518,3F7AB6CE
2,LHH,6,2680,2672,-0.995561,0.984910,0.979244,0.000560,0.005943,0.003330,-0.995556,0.985278,0.979445,BF7EDD1C,3F7C2314,3F7AAFC4,3A12E2EA,3BC2C17F,3B5A3B57,BF7EDCBB,3F7C3B2A,3F7ABCE0
2,LHH,6,2680,2671,-0.995521,0.984928,0.979219,0.001504,0.007010,0.004770,-0.995370,0.985463,0.979630,BF7EDA74,3F7C2436,3F7AAE16,3AC5119D,3BE5B389,3B9C4E71,BF7ED098,3F7C474C,3F7AC902
2,LHH,5,2680,2673,-0.995561,0.984913,0.979410,0.001730,0.004664,0.007562,-0.995370,0.985278,0.980185,BF7EDD1C,3F7C2346,3F7ABA9A,3AE2C392,3B98D171,3BF7C9A2,BF7ED098,3F7C3B2A,3F7AED6A
2,LHH,5,2680,2672,-0.995634,0.985052,0.979363,0.001747,0.002382,0.003828,-0.995556,0.985278,0.979722,BF7EE1D9,3F7C2C60,3F7AB78E,3AE4EF1B,3B1C155E,3B7ADDD9,BF7EDCBB,3F7C3B2A,3F7ACF14
2,LHH,6,2680,2676,-0.995590,0.985171,0.979256,0.001121,0.006127,0.003544,-0.995556,0.985648,0.979445,BF7EDF01,3F7C342A,3F7AB088,3A92E2ED,3BC8C87F,3B683A39,BF7EDCBB,3F7C5370,3F7ABCE0
2,LHH,6,2680,2672,-0.995599,0.985067,0.979138,0.001155,0.003761,0.006026,-0.995556,0.985278,0.979630,BF7EDF93,3F7C2D52,3F7AA8C4,3A976834,3B767448,3BC5770C,BF7EDCBB,3F7C3B2A,3F7AC902
2,LHH,6,2680,2671,-0.995616,0.985066,0.979256,0.001488,0.005647,0.004647,-0.995556,0.985463,0.979630,BF7EE0B6,3F7C2D50,3F7AB08A,3AC30155,3BB90C37,3B9848BB,BF7EDCBB,3F7C474C,3F7AC902
2,LHH,6,2679,2671,-0.995654,0.984916,0.979184,0.001730,0.004889,0.002416,-0.995556,0.985185,0.979352,BF7EE32D,3F7C2372,3F7AABCA,3AE2C397,3BA031EE,3B1E5AD1,BF7EDCBB,3F7C3518,3F7AB6CE
2,LHH,6,2679,2673,-0.995651,0.985014,0.979248,0.001782,0.004014,0.007628,-0.995556,0.985278,0.979630,BF7EE2FD,3F7C29E4,3F7AAFFC,3AE99944,3B83866B,3BF9F622,BF7EDCBB,3F7C3B2A,3F7AC902
2,LHH,6,2679,2672,-0.995556,0.984986,0.979196,0.000000,0.004411,0.004823,-0.995556,0.985278,0.979537,BF7EDCBB,3F7C2806,3F7AAC92,32480000,3B908DE2,3B9E07AB,BF7EDCBB,3F7C3B2A,3F7AC2F0
2,LHH,6,2679,2671,-0.995532,0.984882,0.979256,0.001002,0.004222,0.006110,-0.995463,0.985278,0.979722,BF7EDB36,3F7C2132,3F7AB088,3A836113,3B8A5B75,3BC838FA,BF7ED6A9,3F7C3B2A,3F7ACF14
2,LHH,6,2679,2672,-0.995558,0.984951,0.979285,0.000403,0.001735,0.006049,-0.995556,0.985185,0.979815,BF7EDCEB,3F7C25C4,3F7AB274,39D3299A,3AE36717,3BC63316,BF7EDCBB,3F7C3518,3F7AD524
2,LHH,6,2680,2676,-0.995599,0.984928,0.979109,0.001529,0.005102,0.004547,-0.995463,0.985278,0.979630,BF7EDF93,3F7C2438,3F7AA6DE,3AC87603,3BA73181,3B950220,BF7ED6A9,3F7C3B2A,3F7AC902
2,LHH,6,2680,2673,-0.995616,0.985049,0.979363,0.001596,0.003567,0.003739,-0.995556,0.985185,0.979630,BF7EE0B6,3F7C2C28,3F7AB78A,3AD13CEB,3B69BFD8,3B750F1C,BF7EDCBB,3F7C3518,3F7AC902
2,LHH,6,2680,2672,-0.995556,0.984982,0.979187,0.001002,0.003245,0.002936,-0.995463,0.985278,0.979445,BF7EDCBB,3F7C27D0,3F7AABFA,3A836113,3B54A973,3B406541,BF7ED6A9,3F7C3B2A,3F7ABCE0
2,LHH,6,2680,2671,-0.995556,0.984962,0.979340,0.000000,0.004974,0.002761,-0.995556,0.985185,0.979537,BF7EDCBB,3F7C267C,3F7AB60A,32480000,3BA2F9D1,3B34E992,BF7EDCBB,3F7C3518,3F7AC2F0
2,LHH,6,2681,2672,-0.995599,0.985067,0.979369,0.001529,0.004301,0.004231,-0.995556,0.985370,0.979630,BF7EDF93,3F7C2D5C,3F7AB7F2,3AC87603,3B8CF11B,3B8AA02A,BF7EDCBB,3F7C413C,3F7AC902
2,LHH,6,2680,2672,-0.995602,0.985124,0.979265,0.001157,0.002496,0.003611,-0.995556,0.985278,0.979630,BF7EDFC3,3F7C3116,3F7AB11C,3A97B422,3B23972A,3B6CADC7,BF7EDCBB,3F7C3B2A,3F7AC902
2,LHH,6,2679,2672,-0.995625,0.984948,0.979279,0.001736,0.002519,0.004040,-0.995556,0.985185,0.979630,BF7EE148,3F7C2592,3F7AB20C,3AE38E35,3B250F5E,3B845FE6,BF7EDCBB,3F7C3518,3F7AC902
2,LHH,5,2681,2672,-0.995582,0.984951,0.979317,0.001324,0.004212,0.005233,-0.995463,0.985278,0.979722,BF7EDE70,3F7C25BE,3F7AB484,3AAD8A20,3B8A08CE,3BAB7569,BF7ED6A9,3F7C3B2A,3F7ACF14
2,LHH,6,2679,2672,-0.995619,0.985229,0.979288,0.001073,0.006521,0.006325,-0.995556,0.985833,0.979722,BF7EE0E7,3F7C37F2,3F7AB2A0,3A8CA20E,3BD5B06C,3BCF3E12,BF7EDCBB,3F7C5F92,3F7ACF14
2,LHH,6,2681,2672,-0.995587,0.985133,0.979372,0.001099,0.005457,0.006332,-0.995556,0.985556,0.979815,BF7EDED1,3F7C31A8,3F7AB822,3A901B22,3BB2D3A2,3BCF7E64,BF7EDCBB,3F7C4D5E,3F7AD524
2,LHH,6,2680,2672,-0.995535,0.985153,0.979508,0.002221,0.006434,0.006907,-0.995370,0.985556,0.979907,BF7EDB67,3F7C3300,3F7AC10A,3B11947F,3BD2D46A,3BE250F7,BF7ED098,3F7C4D5E,3F7ADB36
2,LHH,6,2680,2672,-0.995602,0.984893,0.979430,0.001830,0.004449,0.004257,-0.995556,0.985278,0.979630,BF7EDFC3,3F7C21F4,3F7ABBF0,3AEFDD51,3B91CB62,3B8B7E3F,BF7EDCBB,3F7C3B2A,3F7AC902
2,LHH,6,2680,2672,-0.995579,0.984988,0.979422,0.001531,0.002937,0.004213,-0.995463,0.985185,0.979722,BF7EDE3F,3F7C2834,3F7ABB62,3AC8AF63,3B407A29,3B8A0E04,BF7ED6A9,3F7C3518,3F7ACF14
2,LHH,6,2680,2673,-0.995602,0.985185,0.979390,0.002005,0.003062,0.010105,-0.995556,0.985370,0.980093,BF7EDFC3,3F7C351A,3F7AB94C,3B036113,3B48AC76,3C258DC9,BF7EDCBB,3F7C413C,3F7AE75A
2,LHH,6,2680,2672,-0.995556,0.985122,0.979355,0.000000,0.002741,0.002278,-0.995556,0.985370,0.979722,BF7EDCBB,3F7C30EE,3F7AB6FE,32480000,3B33A07B,3B154491,BF7EDCBB,3F7C413C,3F7ACF14
2,LHH,6,2679,2672,-0.995538,0.985064,0.979190,0.000904,0.007051,0.002005,-0.995463,0.985463,0.979352,BF7EDB97,3F7C2D22,3F7AAC34,3A6CD8EB,3BE70872,3B035E00,BF7ED6A9,3F7C474C,3F7AB6CE
2,LHH,6,2681,2672,-0.995599,0.985052,0.979367,0.001918,0.004211,0.004296,-0.995556,0.985370,0.979630,BF7EDF93,3F7C2C5C,3F7AB7C4,3AFB64AE,3B89F966,3B8CC7F6,BF7EDCBB,3F7C413C,3F7AC902
2,LHH,6,2677,2672,-0.995622,0.985084,0.979279,0.001557,0.005470,0.005102,-0.995556,0.985556,0.979722,BF7EE117,3F7C2E76,3F7AB20A,3ACC045D,3BB341D7,3BA72E76,BF7EDCBB,3F7C4D5E,3F7ACF14
2,LHH,6,2679,2673,-0.995593,0.985176,0.979433,0.001137,0.005409,0.005037,-0.995556,0.985556,0.979907,BF7EDF32,3F7C3482,3F7ABC20,3A95035B,3BB13B0A,3BA50A79,BF7EDCBB,3F7C4D5E,3F7ADB36
2,LHH,6,2680,2672,-0.995602,0.985064,0.979381,0.001157,0.002485,0.004230,-0.995556,0.985278,0.979630,BF7EDFC3,3F7C2D20,3F7AB8B2,3A97B421,3B22DB87,3B8A9F71,BF7EDCBB,3F7C3B2A,3F7AC902
2,LHH,6,2681,2672,-0.995634,0.985104,0.979190,0.001929,0.001503,0.004520,-0.995556,0.985278,0.979630,BF7EE1D9,3F7C2FC6,3F7AAC30,3AFCD1D4,3AC501B8,3B941B9F,BF7EDCBB,3F7C3B2A,3F7AC902
2,LHH,6,2680,2671,-0.995582,0.985159,0.979297,0.001940,0.004378,0.003109,-0.995463,0.985463,0.979537,BF7EDE6F,3F7C3368,3F7AB330,3AFE3CF2,3B8F7362,3B4BC1DB,BF7ED6A9,3F7C474C,3F7AC2F0
2,LHH,6,2680,2671,-0.995602,0.985081,0.979329,0.001736,0.004798,0.004944,-0.995556,0.985463,0.979722,BF7EDFC3,3F7C2E46,3F7AB548,3AE38E33,3B9D3AEB,3BA20502,BF7EDCBB,3F7C474C,3F7ACF14
2,LHH,6,2681,2671,-0.995579,0.985136,0.979074,0.001002,0.003169,0.004557,-0.995556,0.985370,0.979352,BF7EDE3F,3F7C31E0,3F7AA49C,3A836113,3B4FAA82,3B9551DD,BF7EDCBB,3F7C413C,3F7AB6CE
2,LHH,6,2680,2673,-0.995648,0.984985,0.979219,0.001830,0.003619,0.006040,-0.995556,0.985278,0.979630,BF7EE2CC,3F7C2802,3F7AAE14,3AEFDD51,3B6D31C4,3BC5EC0B,BF7EDCBB,3F7C3B2A,3F7AC902
2,LHH,6,2680,2672,-0.995579,0.984971,0.979398,0.001002,0.005093,0.004910,-0.995556,0.985370,0.979815,BF7EDE3F,3F7C270E,3F7AB9D6,3A836113,3BA6E09A,3BA0E75D,BF7EDCBB,3F7C413C,3F7AD524
2,LHH,6,2680,2673,-0.995527,0.984991,0.979271,0.003725,0.002797,0.005751,-0.995278,0.985185,0.979630,BF7EDAD5,3F7C2866,3F7AB17E,3B7422F4,3B375225,3BBC713E,BF7ECA86,3F7C3518,3F7AC902
2,LHH,6,2679,2673,-0.995532,0.985110,0.979282,0.001002,0.003086,0.003520,-0.995463,0.985370,0.979537,BF7EDB36,3F7C302C,3F7AB23E,3A836115,3B4A3C27,3B66B2D5,BF7ED6A9,3F7C413C,3F7AC2F0
2,LHH,6,2680,2672,-0.995558,0.985107,0.979346,0.000705,0.005147,0.005668,-0.995463,0.985463,0.979722,BF7EDCEB,3F7C2FFE,3F7AB670,3A38D3F9,3BA8A6BF,3BB9BDCA,BF7ED6A9,3F7C474C,3F7ACF14
2,LHH,6,2679,2672,-0.995596,0.985176,0.979332,0.001148,0.002340,0.002993,-0.995556,0.985370,0.979537,BF7EDF62,3F7C3486,3F7AB57E,3A968388,3B19613F,3B44203E,BF7EDCBB,3F7C413C,3F7AC2F0
2,LHH,6,2681,2672,-0.995570,0.985052,0.979354,0.000840,0.002237,0.003034,-0.995556,0.985278,0.979722,BF7EDDAD,3F7C2C62,3F7AB6F8,3A5C5462,3B129706,3B46D853,BF7EDCBB,3F7C3B2A,3F7ACF14
2,LHH,6,2679,2673,-0.995532,0.985012,0.979401,0.001002,0.003209,0.004701,-0.995463,0.985278,0.979630,BF7EDB36,3F7C29B8,3F7ABA08,3A836113,3B524EF9,3B9A0739,BF7ED6A9,3F7C3B2A,3F7AC902
2,LHH,6,2679,2673,-0.995564,0.985203,0.979245,0.000675,0.005059,0.005905,-0.995556,0.985648,0.979815,BF7EDD4C,3F7C363E,3F7AAFCC,3A30DFE9,3BA5C93B,3BC17CA6,BF7EDCBB,3F7C5370,3F7AD524
2,LHH,6,2680,2671,-0.995639,0.984960,0.979250,0.001570,0.002832,0.002797,-0.995556,0.985093,0.979445,BF7EE23A,3F7C2650,3F7AB028,3ACDC5AA,3B399C17,3B374DF9,BF7EDCBB,3F7C2F08,3F7ABCE0
2,LHH,6,2678,2671,-0.995564,0.985059,0.979419,0.001459,0.002993,0.007812,-0.995463,0.985370,0.979907,BF7EDD4C,3F7C2CCC,3F7ABB2C,3ABF4818,3B442950,3BFFFB6B,BF7ED6A9,3F7C413C,3F7ADB36
2,LHH,6,2680,2672,-0.995576,0.985035,0.979224,0.001118,0.004321,0.008014,-0.995463,0.985463,0.979630,BF7EDE0E,3F7C2B3E,3F7AAE72,3A929482,3B8D95E3,3C034B9B,BF7ED6A9,3F7C474C,3F7AC902
2,LHH,5,2683,2672,-0.995576,0.985156,0.979273,0.000957,0.002273,0.006045,-0.995556,0.985370,0.979907,BF7EDE0E,3F7C332C,3F7AB1AA,3A7ADB3A,3B14FE6C,3BC61228,BF7EDCBB,3F7C413C,3F7ADB36
2,LHH,6,2679,2672,-0.995590,0.985173,0.979341,0.001611,0.003783,0.008240,-0.995556,0.985463,0.979907,BF7EDF01,3F7C3454,3F7AB610,3AD3299A,3B77F426,3C070298,BF7EDCBB,3F7C474C,3F7ADB36
2,LHH,6,2680,2672,-0.995602,0.985202,0.979306,0.001830,0.004716,0.004253,-0.995556,0.985463,0.979630,BF7EDFC3,3F7C3638,3F7AB3C4,3AEFDD51,3B9A8BA5,3B8B5975,BF7EDCBB,3F7C474C,3F7AC902
2,LHH,5,2679,2670,-0.995541,0.985003,0.979384,0.002659,0.003447,0.002929,-0.995370,0.985278,0.979630,BF7EDBC8,3F7C2926,3F7AB8E6,3B2E4017,3B61ED5E,3B3FED2D,BF7ED098,3F7C3B2A,3F7AC902
2,LHH,6,2679,2673,-0.995590,0.985168,0.979112,0.001261,0.004609,0.002885,-0.995556,0.985463,0.979259,BF7EDF01,3F7C33F4,3F7AA710,3AA550B1,3B9708B9,3B3D1509,BF7EDCBB,3F7C474C,3F7AB0BC
2,LHH,6,2680,2672,-0.995561,0.985035,0.979303,0.003004,0.002146,0.004173,-0.995370,0.985278,0.979630,BF7EDD1C,3F7C2B3C,3F7AB396,3B44D732,3B0CA247,3B88BC19,BF7ED098,3F7C3B2A,3F7AC902
2,LHH,6,2680,2673,-0.995665,0.985078,0.979219,0.002485,0.004137,0.005900,-0.995463,0.985278,0.979722,BF7EE3EF,3F7C2E18,3F7AAE16,3B22D989,3B879305,3BC1568E,BF7ED6A9,3F7C3B2A,3F7ACF14
2,LHH,6,2679,2672,-0.995625,0.985096,0.979288,0.001002,0.003816,0.005857,-0.995556,0.985463,0.979630,BF7EE148,3F7C2F3A,3F7AB2A0,3A836113,3B7A1689,3BBFEC9A,BF7EDCBB,3F7C474C,3F7AC902
2,LHH,6,2680,2672,-0.995573,0.985012,0.979407,0.000904,0.003828,0.005393,-0.995556,0.985278,0.979630,BF7EDDDE,3F7C29BA,3F7ABA6C,3A6CD8E8,3B7ADC33,3BB0BA18,BF7EDCBB,3F7C3B2A,3F7AC902
2,LHH,6,2680,2672,-0.995642,0.984980,0.979245,0.001630,0.003411,0.004670,-0.995556,0.985370,0.979537,BF7EE26B,3F7C27A6,3F7AAFCE,3AD5B39D,3B5F8BE7,3B99077B,BF7EDCBB,3F7C413C,3F7AC2F0
2,LHH,6,2680,2672,-0.995532,0.985008,0.979317,0.001002,0.009391,0.003957,-0.995463,0.985648,0.979630,BF7EDB36,3F7C2984,3F7AB488,3A836113,3C19DC9D,3B81AA0E,BF7ED6A9,3F7C5370,3F7AC902
2,LHH,6,2679,2672,-0.995556,0.985015,0.979343,0.001637,0.003429,0.002547,-0.995463,0.985278,0.979537,BF7EDCBB,3F7C29EC,3F7AB63E,3AD68A96,3B60BEDF,3B26E863,BF7ED6A9,3F7C3B2A,3F7AC2F0
2,LHH,6,2681,2676,-0.995608,0.985191,0.979395,0.001286,0.004591,0.005366,-0.995556,0.985556,0.979815,BF7EE024,3F7C357C,3F7AB9A0,3AA88BE4,3B966FBF,3BAFD713,BF7EDCBB,3F7C4D5E,3F7AD524
2,LHH,6,2680,2672,-0.995535,0.985072,0.979433,0.002635,0.005232,0.007129,-0.995370,0.985370,0.980093,BF7EDB67,3F7C2DB4,3F7ABC22,3B2CB216,3BAB703D,3BE99B38,BF7ED098,3F7C413C,3F7AE75A
2,LHH,6,2679,2673,-0.995625,0.984959,0.979245,0.002775,0.004367,0.007185,-0.995556,0.985370,0.980185,BF7EE148,3F7C264E,3F7AAFC8,3B35E2E4,3B8F1584,3BEB6BFD,BF7EDCBB,3F7C413C,3F7AED6A
2,LHH,6,2680,2672,-0.995663,0.984986,0.979283,0.001430,0.003478,0.005459,-0.995556,0.985278,0.979722,BF7EE3BF,3F7C280A,3F7AB244,3ABB7BEB,3B63E74E,3BB2E58E,BF7EDCBB,3F7C3B2A,3F7ACF14
2,LHH,6,2680,2672,-0.995634,0.984997,0.979306,0.002174,0.004071,0.004978,-0.995463,0.985278,0.979537,BF7EE1D9,3F7C28C8,3F7AB3C4,3B0E7581,3B8564DD,3BA32226,BF7ED6A9,3F7C3B2A,3F7AC2F0
2,LHH,6,2680,2671,-0.995625,0.985214,0.979257,0.001736,0.003680,0.004574,-0.995556,0.985556,0.979630,BF7EE148,3F7C36F8,3F7AB092,3AE38E33,3B7124C7,3B95E58B,BF7EDCBB,3F7C4D5E,3F7AC902
2,LHH,6,2682,2672,-0.995654,0.985258,0.979207,0.002382,0.003648,0.007180,-0.995556,0.985463,0.979907,BF7EE32D,3F7C39DA,3F7AAD52,3B1C15B7,3B6F0CE5,3BEB472F,BF7EDCBB,3F7C474C,3F7ADB36
2,LHH,6,2681,2672,-0.995663,0.985133,0.979337,0.001308,0.004942,0.005082,-0.995556,0.985370,0.979722,BF7EE3BF,3F7C31AE,3F7AB5DC,3AAB7473,3BA1F44F,3BA684F9,BF7EDCBB,3F7C413C,3F7ACF14
2,LHH,7,2680,2672,-0.995587,0.985124,0.979352,0.003041,0.003778,0.006418,-0.995370,0.985370,0.979815,BF7EDED1,3F7C311E,3F7AB6D0,3B4747C0,3B779243,3BD24F8C,BF7ED098,3F7C413C,3F7AD524
2,LHH,6,2682,2676,-0.995602,0.985122,0.979239,0.001637,0.004110,0.003999,-0.995463,0.985370,0.979722,BF7EDFC3,3F7C30EE,3F7AAF68,3AD68A96,3B86AC28,3B830750,BF7ED6A9,3F7C413C,3F7ACF14
2,LHH,7,2681,2672,-0.995547,0.985295,0.979390,0.002914,0.003770,0.005840,-0.995370,0.985556,0.979815,BF7EDC29,3F7C3C50,3F7AB946,3B3EFCD6,3B770A6D,3BBF6098,BF7ED098,3F7C4D5E,3F7AD524
2,LHH,5,2680,2672,-0.995616,0.985307,0.979494,0.001698,0.004230,0.003881,-0.995556,0.985833,0.979815,BF7EE0B6,3F7C3D12,3F7AC018,3ADE8FFA,3B8A9E47,3B7E5757,BF7EDCBB,3F7C5F92,3F7AD524
2,LHH,6,2680,2672,-0.995683,0.985358,0.979248,0.001261,0.003957,0.002506,-0.995556,0.985741,0.979445,BF7EE513,3F7C4072,3F7AAFFC,3AA550B3,3B81A9E1,3B244045,BF7EDCBB,3F7C5982,3F7ABCE0
2,LHH,5,2680,2672,-0.995599,0.985136,0.979317,0.001918,0.003006,0.003509,-0.995463,0.985370,0.979722,BF7EDF93,3F7C31E2,3F7AB486,3AFB64B1,3B44FF5F,3B65EF0D,BF7ED6A9,3F7C413C,3F7ACF14
2,LHH,6,2680,2673,-0.995582,0.985156,0.979332,0.001445,0.004462,0.005951,-0.995463,0.985463,0.980093,BF7EDE70,3F7C3336,3F7AB580,3ABD6474,3B9232A6,3BC2FF86,BF7ED6A9,3F7C474C,3F7AE75A
2,LHH,6,2680,2672,-0.995573,0.985096,0.979294,0.002861,0.003728,0.004282,-0.995370,0.985370,0.979722,BF7EDDDE,3F7C2F3E,3F7AB302,3B3B7BEE,3B7449B4,3B8C5124,BF7ED098,3F7C413C,3F7ACF14
2,LHH,5,2681,2672,-0.995628,0.985058,0.979164,0.002759,0.004584,0.007216,-0.995556,0.985370,0.979537,BF7EE178,3F7C2CC2,3F7AAA78,3B34D53B,3B9637D1,3BEC7547,BF7EDCBB,3F7C413C,3F7AC2F0
2,LHH,6,2681,2672,-0.995674,0.985171,0.979520,0.002402,0.003710,0.005190,-0.995556,0.985463,0.979815,BF7EE481,3F7C3428,3F7AC1CE,3B1D7261,3B73252B,3BAA1280,BF7EDCBB,3F7C474C,3F7AD524
2,LHH,6,2680,2672,-0.995561,0.985081,0.979355,0.002584,0.003828,0.003817,-0.995370,0.985370,0.979630,BF7EDD1C,3F7C2E42,3F7AB708,3B295838,3B7ADDA2,3B7A1E50,BF7ED098,3F7C413C,3F7AC902
2,LHH,6,2680,2672,-0.995657,0.985246,0.979306,0.001863,0.002690,0.004133,-0.995556,0.985463,0.979722,BF7EE35E,3F7C3912,3F7AB3C4,3AF422F4,3B30478D,3B876F98,BF7EDCBB,3F7C474C,3F7ACF14
2,LHH,6,2677,2672,-0.995561,0.985081,0.979355,0.003219,0.003209,0.003142,-0.995370,0.985278,0.979630,BF7EDD1C,3F7C2E40,3F7AB6FE,3B52F31A,3B524FD4,3B4DF265,BF7ED098,3F7C3B2A,3F7AC902
2,LHH,6,2680,2673,-0.995587,0.985162,0.979225,0.001242,0.005873,0.002506,-0.995556,0.985556,0.979445,BF7EDED1,3F7C3398,3F7AAE7A,3AA2D989,3BC07506,3B244008,BF7EDCBB,3F7C4D5E,3F7ABCE0
2,LHH,5,2680,2672,-0.995761,0.985249,0.979306,0.002437,0.003031,0.003424,-0.995556,0.985463,0.979630,BF7EEA31,3F7C3946,3F7AB3C4,3B1FB6E6,3B46A9A5,3B606062,BF7EDCBB,3F7C474C,3F7AC902
2,LHH,6,2680,2671,-0.995645,0.985176,0.979071,0.001782,0.003441,0.005160,-0.995556,0.985463,0.979537,BF7EE29C,3F7C3486,3F7AA46E,3AE99941,3B618238,3BA91305,BF7EDCBB,3F7C474C,3F7AC2F0
2,LHH,6,2680,2672,-0.995660,0.985229,0.979236,0.001984,0.003924,0.002315,-0.995556,0.985556,0.979352,BF7EE38E,3F7C37F0,3F7AAF36,3B0200E4,3B8093BB,3B17B45B,BF7EDCBB,3F7C4D5E,3F7AB6CE
2,LHH,5,2679,2672,-0.995645,0.985165,0.979387,0.001782,0.003102,0.002993,-0.995463,0.985370,0.979630,BF7EE29B,3F7C33C8,3F7AB918,3AE99942,3B4B4B21,3B442B52,BF7ED6A9,3F7C413C,3F7AC902
2,LHH,5,2680,2672,-0.995668,0.985263,0.979473,0.002635,0.007414,0.007121,-0.995463,0.985926,0.980000,BF7EE420,3F7C3A36,3F7ABEC6,3B2CB218,3BF2ED71,3BE959B1,BF7ED6A9,3F7C65A4,3F7AE148
2,LHH,6,2680,2672,-0.995694,0.984991,0.979335,0.002241,0.006349,0.006735,-0.995556,0.985370,0.979907,BF7EE5D5,3F7C285E,3F7AB5AC,3B12E2ED,3BD008AC,3BDCADE1,BF7EDCBB,3F7C413C,3F7ADB36
2,LHH,5,2681,2672,-0.995619,0.985248,0.979436,0.002919,0.003857,0.004188,-0.995556,0.985556,0.979722,BF7EE0E7,3F7C393C,3F7ABC54,3B3F4825,3B7CC910,3B8939D3,BF7EDCBB,3F7C4D5E,3F7ACF14
2,LHH,6,2680,2672,-0.995602,0.985067,0.979392,0.001830,0.003892,0.002772,-0.995556,0.985370,0.979630,BF7EDFC3,3F7C2D5A,3F7AB976,3AEFDD51,3B7F158C,3B35A4ED,BF7EDCBB,3F7C413C,3F7AC902
2,LHH,5,2680,2672,-0.995660,0.985188,0.979366,0.001984,0.005288,0.003800,-0.995556,0.985463,0.979630,BF7EE38E,3F7C3544,3F7AB7C2,3B0200E3,3BAD42FA,3B790655,BF7EDCBB,3F7C474C,3F7AC902
2,LHH,6,2681,2671,-0.995686,0.985196,0.979248,0.002231,0.002760,0.004902,-0.995556,0.985370,0.979722,BF7EE543,3F7C35D6,3F7AAFFA,3B12323F,3B34E37A,3BA0A0CC,BF7EDCBB,3F7C413C,3F7ACF14
2,LHH,6,2681,2672,-0.995694,0.985168,0.979297,0.002241,0.005857,0.002580,-0.995556,0.985648,0.979445,BF7EE5D5,3F7C33FC,3F7AB336,3B12E2F1,3BBFEC78,3B290F52,BF7EDCBB,3F7C5370,3F7ABCE0
2,LHH,6,2681,2672,-0.995648,0.985067,0.979329,0.002087,0.006372,0.004173,-0.995556,0.985556,0.979630,BF7EE2CC,3F7C2D54,3F7AB54C,3B08BE6A,3BD0CA5E,3B88BF8E,BF7EDCBB,3F7C4D5E,3F7AC902
2,LHH,6,2679,2673,-0.995668,0.985020,0.979358,0.003102,0.003602,0.002161,-0.995556,0.985278,0.979537,BF7EE420,3F7C2A4C,3F7AB730,3B4B4CC5,3B6C09A9,3B0D9D2A,BF7EDCBB,3F7C3B2A,3F7AC2F0
2,LHH,6,2680,2672,-0.995686,0.985075,0.979254,0.002376,0.005286,0.002000,-0.995556,0.985463,0.979352,BF7EE543,3F7C2DE4,3F7AB05C,3B1BB976,3BAD3634,3B030ADA,BF7EDCBB,3F7C474C,3F7AB6CE
2,LHH,6,2679,2673,-0.995692,0.985185,0.979494,0.002314,0.005550,0.007297,-0.995556,0.985556,0.980000,BF7EE5A4,3F7C3518,3F7AC018,3B17A12E,3BB5E09E,3BEF1972,BF7EDCBB,3F7C4D5E,3F7AE148
2,LHH,6,2680,2672,-0.995697,0.985177,0.979297,0.002085,0.003342,0.005516,-0.995556,0.985370,0.979722,BF7EE605,3F7C348A,3F7AB330,3B08A960,3B5B0C90,3BB4C2FF,BF7EDCBB,3F7C413C,3F7ACF14
2,LHH,6,2679,2672,-0.995784,0.985226,0.979172,0.002003,0.003564,0.002451,-0.995648,0.985463,0.979352,BF7EEBB6,3F7C37BE,3F7AAB08,3B034B3A,3B69930C,3B209E2D,BF7EE2CC,3F7C474C,3F7AB6CE
2,LHH,6,2680,2672,-0.995608,0.985179,0.979314,0.003371,0.003922,0.003267,-0.995370,0.985370,0.979630,BF7EE024,3F7C34B8,3F7AB45A,3B5CF0D9,3B808796,3B5613E5,BF7ED098,3F7C413C,3F7AC902
2,LHH,6,2680,2672,-0.995715,0.985124,0.979410,0.002603,0.004505,0.004548,-0.995556,0.985556,0.979722,BF7EE729,3F7C311A,3F7ABA98,3B2A99D3,3B939DB6,3B95038E,BF7EDCBB,3F7C4D5E,3F7ACF14
2,LHH,6,2680,2672,-0.995755,0.985168,0.979317,0.002323,0.003680,0.003872,-0.995556,0.985370,0.979537,BF7EE9D0,3F7C33FC,3F7AB488,3B1838AF,3B712D1A,3B7DBA17,BF7EDCBB,3F7C413C,3F7AC2F0
2,LHH,6,2680,2671,-0.995677,0.985006,0.979381,0.003031,0.002890,0.005886,-0.995556,0.985278,0.979907,BF7EE4B1,3F7C2958,3F7AB8B4,3B46A8C0,3B3D6AD1,3BC0DDFB,BF7EDCBB,3F7C3B2A,3F7ADB36
2,LHH,6,2679,2672,-0.995642,0.985220,0.979277,0.001410,0.004321,0.003445,-0.995556,0.985463,0.979537,BF7EE26B,3F7C3760,3F7AB1E0,3AB8D3F8,3B8D9690,3B61C4EE,BF7EDCBB,3F7C474C,3F7AC2F0
2,LHH,5,2680,2672,-0.995634,0.985173,0.979224,0.001308,0.003739,0.004547,-0.995556,0.985556,0.979630,BF7EE1D9,3F7C3454,3F7AAE72,3AAB7475,3B750A03,3B9502BF,BF7EDCBB,3F7C4D5E,3F7AC902
2,LHH,6,2680,2676,-0.995689,0.985058,0.979334,0.001524,0.002760,0.003347,-0.995556,0.985278,0.979722,BF7EE574,3F7C2CC2,3F7AB5A8,3AC7C981,3B34E5F5,3B5B52B9,BF7EDCBB,3F7C3B2A,3F7ACF14
2,LHH,6,2680,2673,-0.995694,0.985162,0.979274,0.002165,0.003007,0.006627,-0.995556,0.985370,0.979722,BF7EE5D5,3F7C3392,3F7AB1AE,3B0DE7E0,3B450E03,3BD924AE,BF7EDCBB,3F7C413C,3F7ACF14
2,LHH,6,2681,2672,-0.995556,0.985246,0.979187,0.000579,0.002985,0.006792,-0.995463,0.985370,0.979722,BF7EDCBB,3F7C3914,3F7AAC00,3A17B422,3B43A4C2,3BDE9061,BF7ED6A9,3F7C413C,3F7ACF14
2,LHH,6,2680,2672,-0.995657,0.985000,0.979228,0.001863,0.003882,0.003501,-0.995556,0.985278,0.979537,BF7EE35E,3F7C28FA,3F7AAEAA,3AF422F7,3B7E6C18,3B657836,BF7EDCBB,3F7C3B2A,3F7AC2F0
2,LHH,6,2680,2671,-0.995692,0.985035,0.979239,0.001829,0.004243,0.006938,-0.995556,0.985370,0.979630,BF7EE5A4,3F7C2B3A,3F7AAF6A,3AEFAD53,3B8B07B2,3BE35A8C,BF7EDCBB,3F7C413C,3F7AC902
2,LHH,6,2680,2672,-0.995616,0.985234,0.979123,0.003041,0.007411,0.006178,-0.995463,0.985648,0.979537,BF7EE0B6,3F7C3852,3F7AA7D4,3B4747C0,3BF2D48A,3BCA74B3,BF7ED6A9,3F7C5370,3F7AC2F0
2,LHH,5,2680,2672,-0.995781,0.985052,0.979300,0.001630,0.002648,0.004090,-0.995648,0.985278,0.979630,BF7EEB85,3F7C2C66,3F7AB362,3AD5B3A8,3B2D8B26,3B8603D2,BF7EE2CC,3F7C3B2A,3F7AC902
2,LHH,6,2680,2672,-0.995654,0.985148,0.979349,0.001524,0.002999,0.003299,-0.995556,0.985370,0.979537,BF7EE32D,3F7C32A2,3F7AB6A4,3AC7C984,3B448AA9,3B582D4B,BF7EDCBB,3F7C413C,3F7AC2F0
2,LHH,6,2680,2672,-0.995613,0.985257,0.979311,0.002146,0.005389,0.005396,-0.995463,0.985648,0.979815,BF7EE085,3F7C39D2,3F7AB426,3B0CA210,3BB096D9,3BB0D14B,BF7ED6A9,3F7C5370,3F7AD524
2,LHH,6,2680,2673,-0.995553,0.985183,0.979471,0.001782,0.003447,0.006131,-0.995370,0.985370,0.979815,BF7EDC8A,3F7C34EC,3F7ABE96,3AE99941,3B61EB9E,3BC8E404,BF7ED098,3F7C413C,3F7AD524
2,LHH,6,2679,2672,-0.995538,0.985029,0.979170,0.001870,0.002802,0.003543,-0.995370,0.985278,0.979352,BF7EDB97,3F7C2AE0,3F7AAADC,3AF50E2E,3B379E3A,3B683395,BF7ED098,3F7C3B2A,3F7AB6CE
2,LHH,6,2680,2672,-0.995619,0.984968,0.979286,0.001957,0.006588,0.006424,-0.995370,0.985370,0.979815,BF7EE0E7,3F7C26E2,3F7AB276,3B004358,3BD7E1F0,3BD2821F,BF7ED098,3F7C413C,3F7AD524
2,LHH,6,2680,2672,-0.995619,0.985029,0.979169,0.001957,0.005442,0.004425,-0.995556,0.985463,0.979537,BF7EE0E7,3F7C2ADE,3F7AAADA,3B004358,3BB2564E,3B91035A,BF7EDCBB,3F7C474C,3F7AC2F0
2,LHH,6,2679,2673,-0.995587,0.984991,0.979146,0.001099,0.003940,0.005103,-0.995556,0.985278,0.979445,BF7EDED1,3F7C2864,3F7AA956,3A901B21,3B811CFE,3BA7341E,BF7EDCBB,3F7C3B2A,3F7ABCE0
2,LHH,6,2679,2673,-0.995608,0.985182,0.979378,0.001148,0.007903,0.003579,-0.995556,0.985833,0.979630,BF7EE024,3F7C34EA,3F7AB888,3A968388,3C017A54,3B6A8696,BF7EDCBB,3F7C5F92,3F7AC902
2,LHH,6,2679,2673,-0.995619,0.984954,0.979187,0.001073,0.003063,0.002635,-0.995556,0.985278,0.979445,BF7EE0E7,3F7C25F2,3F7AABFC,3A8CA210,3B48B7D4,3B2CB020,BF7EDCBB,3F7C3B2A,3F7ABCE0
2,LHH,6,2680,2672,-0.995573,0.984962,0.979210,0.001219,0.004478,0.003659,-0.995463,0.985185,0.979445,BF7EDDDE,3F7C267C,3F7AAD7C,3A9FC8E2,3B92B877,3B6FD31E,BF7ED6A9,3F7C3518,3F7ABCE0
2,LHH,6,2680,2672,-0.995576,0.984794,0.979210,0.001896,0.004122,0.004807,-0.995370,0.985185,0.979445,BF7EDE0E,3F7C1B7E,3F7AAD7E,3AF8841D,3B8711E0,3B9D82CE,BF7ED098,3F7C3518,3F7ABCE0
2,LHH,6,2680,2672,-0.995567,0.985000,0.979086,0.002297,0.002894,0.007360,-0.995370,0.985185,0.979537,BF7EDD7D,3F7C28F4,3F7AA55A,3B168388,3B3DAD84,3BF12BA0,BF7ED098,3F7C3518,3F7AC2F0
2,LHH,6,2679,2673,-0.995619,0.984916,0.979332,0.001349,0.003027,0.004510,-0.995556,0.985185,0.979630,BF7EE0E7,3F7C2376,3F7AB580,3AB0DFEB,3B4664E8,3B93C9A3,BF7EDCBB,3F7C3518,3F7AC902
2,LHH,6,2681,2671,-0.995564,0.985058,0.979236,0.001459,0.004435,0.007135,-0.995463,0.985463,0.979815,BF7EDD4C,3F7C2CBE,3F7AAF34,3ABF4815,3B91573A,3BE9CAA9,BF7ED6A9,3F7C474C,3F7AD524
2,LHH,6,2679,2672,-0.995631,0.985212,0.979004,0.001957,0.003805,0.002588,-0.995556,0.985463,0.979167,BF7EE1A9,3F7C36D4,3F7AA008,3B004358,3B795E1D,3B299D10,BF7EDCBB,3F7C474C,3F7AAAAA
2,LHH,5,2680,2672,-0.995593,0.984951,0.979176,0.001516,0.004050,0.003898,-0.995556,0.985278,0.979445,BF7EDF32,3F7C25C0,3F7AAB40,3AC6A8B6,3B84B8FC,3B7F719E,BF7EDCBB,3F7C3B2A,3F7ABCE0
2,LHH,6,2679,2672,-0.995593,0.985223,0.979132,0.001137,0.006282,0.003460,-0.995556,0.985741,0.979445,BF7EDF32,3F7C3792,3F7AA866,3A95035B,3BCDDAD3,3B62C412,BF7EDCBB,3F7C5982,3F7ABCE0
2,LHH,6,2681,2671,-0.995596,0.984858,0.979311,0.001148,0.006232,0.007499,-0.995556,0.985185,0.979907,BF7EDF62,3F7C1FAE,3F7AB428,3A968388,3BCC38B8,3BF5BD9C,BF7EDCBB,3F7C3518,3F7ADB36
2,LHH,6,2680,2672,-0.995530,0.985061,0.978967,0.004102,0.003733,0.004449,-0.995185,0.985370,0.979259,BF7EDB06,3F7C2CF0,3F7A9D9A,3B8666FB,3B74A7F9,3B91CC33,BF7EC475,3F7C413C,3F7AB0BC
2,LHH,5,2680,2672,-0.995599,0.985029,0.979323,0.002651,0.002417,0.002347,-0.995463,0.985185,0.979537,BF7EDF93,3F7C2ADE,3F7AB4E4,3B2DBBD5,3B1E63A3,3B19CA04,BF7ED6A9,3F7C3518,3F7AC2F0
2,LHH,6,2680,2671,-0.995605,0.985049,0.979259,0.001292,0.003705,0.003007,-0.995556,0.985278,0.979445,BF7EDFF4,3F7C2C34,3F7AB0C0,3AA9583B,3B72CEE0,3B4512DD,BF7EDCBB,3F7C3B2A,3F7ABCE0
2,LHH,6,2680,2671,-0.995587,0.985101,0.979149,0.001885,0.003392,0.001578,-0.995556,0.985370,0.979259,BF7EDED1,3F7C2F96,3F7AA98A,3AF71099,3B5E4EAF,3ACEC6A5,BF7EDCBB,3F7C413C,3F7AB0BC
2,LHH,6,2681,2672,-0.995616,0.985255,0.979002,0.001371,0.005176,0.008481,-0.995556,0.985556,0.979722,BF7EE0B6,3F7C39A6,3F7A9FDA,3AB3A5FA,3BA998AA,3C0AF276,BF7EDCBB,3F7C4D5E,3F7ACF14
2,LHH,6,2680,2672,-0.995556,0.984879,0.979201,0.001637,0.002617,0.003603,-0.995463,0.985093,0.979445,BF7EDCBB,3F7C2102,3F7AACF0,3AD68A97,3B2B7D36,3B6C1A62,BF7ED6A9,3F7C2F08,3F7ABCE0
2,LHH,6,2680,2674,-0.995558,0.984905,0.979340,0.003142,0.003772,0.008321,-0.995278,0.985278,0.979907,BF7EDCEB,3F7C22BA,3F7AB606,3B4DEF95,3B77317F,3C08551C,BF7ECA86,3F7C3B2A,3F7ADB36
2,LHH,6,2680,2672,-0.995608,0.984864,0.979115,0.001730,0.002950,0.006597,-0.995556,0.985093,0.979537,BF7EE024,3F7C2010,3F7AA74A,3AE2C393,3B41549F,3BD82CCC,BF7EDCBB,3F7C2F08,3F7AC2F0
2,LHH,6,2680,2671,-0.995587,0.984951,0.979294,0.001099,0.003472,0.002506,-0.995556,0.985185,0.979445,BF7EDED1,3F7C25C2,3F7AB300,3A901B23,3B63877E,3B244190,BF7EDCBB,3F7C3518,3F7ABCE0
2,LHH,6,2680,2673,-0.995584,0.985086,0.979210,0.002679,0.003371,0.006339,-0.995370,0.985278,0.979722,BF7EDEA0,3F7C2E9C,3F7AAD84,3B2F9972,3B5CF00E,3BCFB610,BF7ED098,3F7C3B2A,3F7ACF14
2,LHH,6,2680,2671,-0.995625,0.984925,0.979117,0.001830,0.004191,0.003659,-0.995556,0.985185,0.979445,BF7EE148,3F7C240A,3F7AA76C,3AEFDD53,3B895317,3B6FD344,BF7EDCBB,3F7C3518,3F7ABCE0
2,LHH,6,2679,2672,-0.995556,0.984962,0.979172,0.000000,0.003514,0.007566,-0.995556,0.985185,0.979630,BF7EDCBB,3F7C2680,3F7AAB0A,32480000,3B664489,3BF7EDAC,BF7EDCBB,3F7C3518,3F7AC902
2,LHH,6,2679,2674,-0.995547,0.985029,0.979208,0.002341,0.003986,0.003271,-0.995370,0.985370,0.979537,BF7EDC29,3F7C2ADA,3F7AAD58,3B1965DA,3B829B60,3B565652,BF7ED098,3F7C413C,3F7AC2F0
2,LHH,6,2680,2672,-0.995556,0.985061,0.979352,0.000000,0.004542,0.003325,-0.995556,0.985370,0.979630,BF7EDCBB,3F7C2CF4,3F7AB6D2,32480000,3B94D7F3,3B59E2ED,BF7EDCBB,3F7C413C,3F7AC902
2,LHH,5,2678,2672,-0.995553,0.984997,0.979175,0.001583,0.003682,0.003343,-0.995463,0.985278,0.979352,BF7EDC8A,3F7C28C6,3F7AAB3A,3ACF8325,3B715343,3B5B0EC0,BF7ED6A9,3F7C3B2A,3F7AB6CE
2,LHH,6,2679,2672,-0.995573,0.984983,0.979216,0.001578,0.003032,0.005045,-0.995463,0.985185,0.979445,BF7EDDDE,3F7C27D2,3F7AADE2,3ACEDC87,3B46B06C,3BA54E41,BF7ED6A9,3F7C3518,3F7ABCE0
2,LHH,6,2680,2672,-0.995616,0.985240,0.979092,0.001099,0.002706,0.002679,-0.995556,0.985463,0.979259,BF7EE0B6,3F7C38B6,3F7AA5BE,3A901B23,3B314F38,3B2F9483,BF7EDCBB,3F7C474C,3F7AB0BC
2,LHH,6,2680,2673,-0.995657,0.984844,0.979465,0.001673,0.007121,0.009236,-0.995556,0.985278,0.980185,BF7EE35E,3F7C1EBA,3F7ABE34,3ADB4EA4,3BE95A1B,3C175328,BF7EDCBB,3F7C3B2A,3F7AED6A
2,LHH,6,2681,2671,-0.995532,0.985101,0.979118,0.002523,0.002479,0.004841,-0.995370,0.985278,0.979445,BF7EDB36,3F7C2F9A,3F7AA772,3B2550B1,3B227D55,3B9EA244,BF7ED098,3F7C3B2A,3F7ABCE0
2,LHH,6,2679,2673,-0.995692,0.985041,0.979228,0.001635,0.002831,0.005805,-0.995556,0.985185,0.979537,BF7EE5A4,3F7C2B9E,3F7AAEAC,3AD654EE,3B398F60,3BBE37C5,BF7EDCBB,3F7C3518,3F7AC2F0
2,LHH,6,2679,2673,-0.995616,0.985029,0.979337,0.001596,0.002741,0.003330,-0.995556,0.985278,0.979722,BF7EE0B6,3F7C2ADE,3F7AB5D2,3AD13CED,3B33A8AC,3B5A4245,BF7EDCBB,3F7C3B2A,3F7ACF14
2,LHH,6,2680,2672,-0.995639,0.984772,0.979198,0.001863,0.002892,0.003596,-0.995556,0.985000,0.979537,BF7EE23A,3F7C1A00,3F7AACBE,3AF422F7,3B3D8DA1,3B6BA880,BF7EDCBB,3F7C28F6,3F7AC2F0
2,LHH,6,2680,2672,-0.995602,0.985029,0.979095,0.001637,0.003725,0.005232,-0.995463,0.985278,0.979445,BF7EDFC3,3F7C2AE4,3F7AA5F2,3AD68A96,3B7423C7,3BAB708F,BF7ED6A9,3F7C3B2A,3F7ABCE0
2,LHH,5,2681,2672,-0.995608,0.984951,0.979172,0.001286,0.006232,0.004367,-0.995556,0.985185,0.979537,BF7EE024,3F7C25BE,3F7AAB0A,3AA88BE3,3BCC38C2,3B8F1763,BF7EDCBB,3F7C3518,3F7AC2F0
2,LHH,6,2680,2670,-0.995648,0.984884,0.979320,0.003324,0.005045,0.004237,-0.995370,0.985185,0.979630,BF7EE2CC,3F7C2162,3F7AB4B8,3B59DE26,3BA550D9,3B8AD874,BF7ED098,3F7C3518,3F7AC902
2,LHH,6,2680,2672,-0.995671,0.985246,0.979120,0.002315,0.004931,0.001829,-0.995556,0.985648,0.979259,BF7EE450,3F7C3910,3F7AA79A,3B17B425,3BA194AC,3AEFC91D,BF7EDCBB,3F7C5370,3F7AB0BC
2,LHH,6,2680,2671,-0.995556,0.985165,0.979401,0.000000,0.003208,0.004876,-0.995556,0.985370,0.979722,BF7EDCBB,3F7C33C6,3F7ABA08,32480000,3B524043,3B9FC7C7,BF7EDCBB,3F7C413C,3F7ACF14
2,LHH,6,2680,2672,-0.995648,0.984942,0.979445,0.001418,0.006743,0.004520,-0.995556,0.985370,0.979907,BF7EE2CC,3F7C252C,3F7ABCE2,3AB9CC5A,3BDCF088,3B9419BD,BF7EDCBB,3F7C413C,3F7ADB36
2,LHH,5,2679,2673,-0.995651,0.985124,0.979097,0.001355,0.005032,0.003222,-0.995556,0.985463,0.979259,BF7EE2FD,3F7C311C,3F7AA61E,3AB1A2AC,3BA4E4AD,3B5324C7,BF7EDCBB,3F7C474C,3F7AB0BC
2,LHH,6,2679,2673,-0.995596,0.984957,0.979190,0.002310,0.003374,0.004369,-0.995463,0.985185,0.979537,BF7EDF62,3F7C261C,3F7AAC32,3B176835,3B5D1BF8,3B8F2BFF,BF7ED6A9,3F7C3518,3F7AC2F0
2,LHH,6,2680,2671,-0.995579,0.984977,0.979239,0.001418,0.003472,0.004473,-0.995556,0.985185,0.979537,BF7EDE3F,3F7C276E,3F7AAF68,3AB9CC5A,3B639092,3B928F99,BF7EDCBB,3F7C3518,3F7AC2F0
2,LHH,6,2680,2673,-0.995677,0.985118,0.979172,0.001681,0.002964,0.005579,-0.995556,0.985278,0.979537,BF7EE4B1,3F7C30B8,3F7AAB0C,3ADC5464,3B423D26,3BB6D218,BF7EDCBB,3F7C3B2A,3F7AC2F0
2,LHH,6,2680,2672,-0.995628,0.984985,0.979277,0.002698,0.003800,0.005857,-0.995463,0.985278,0.979815,BF7EE178,3F7C2800,3F7AB1E2,3B30CFA5,3B790B62,3BBFEE75,BF7ED6A9,3F7C3B2A,3F7AD524
2,LHH,5,2679,2672,-0.995628,0.985104,0.979291,0.001118,0.008158,0.004392,-0.995556,0.985556,0.979630,BF7EE178,3F7C2FCA,3F7AB2D2,3A929482,3C05AA15,3B8FEDC5,BF7EDCBB,3F7C4D5E,3F7AC902
2,LHH,6,2680,2672,-0.995611,0.984945,0.979233,0.001817,0.005040,0.003020,-0.995463,0.985278,0.979537,BF7EE055,3F7C255A,3F7AAF0A,3AEE2C09,3BA5297A,3B45EC19,BF7ED6A9,3F7C3B2A,3F7AC2F0
2,LHH,6,2680,2673,-0.995570,0.985000,0.979323,0.000840,0.001831,0.005060,-0.995556,0.985093,0.979815,BF7EDDAD,3F7C28FA,3F7AB4EA,3A5C5462,3AEFF392,3BA5CAA2,BF7EDCBB,3F7C2F08,3F7AD524
2,LHH,6,2680,2672,-0.995556,0.984905,0.979384,0.001294,0.003772,0.003549,-0.995370,0.985278,0.979722,BF7EDCBB,3F7C22B6,3F7AB8E2,3AA99C1D,3B773328,3B6899C7,BF7ED098,3F7C3B2A,3F7ACF14
2,LHH,6,2679,2672,-0.995602,0.984896,0.979094,0.001418,0.003508,0.006767,-0.995556,0.985185,0.979445,BF7EDFC3,3F7C221E,3F7AA5E8,3AB9CC5A,3B65EC49,3BDDC1A9,BF7EDCBB,3F7C3518,3F7ABCE0
2,LHH,6,2680,2672,-0.995712,0.984980,0.979202,0.002199,0.004833,0.005809,-0.995556,0.985278,0.979537,BF7EE6F8,3F7C27A2,3F7AACF8,3B101B21,3B9E5AF6,3BBE5D90,BF7EDCBB,3F7C3B2A,3F7AC2F0
2,LHH,6,2680,2672,-0.995732,0.985023,0.979250,0.002675,0.002315,0.003677,-0.995556,0.985185,0.979445,BF7EE84C,3F7C2A78,3F7AB026,3B2F477C,3B17BF51,3B70F4A2,BF7EDCBB,3F7C3518,3F7ABCE0
2,LHH,6,2680,2671,-0.995634,0.984980,0.979166,0.001929,0.004321,0.003751,-0.995556,0.985370,0.979445,BF7EE1D9,3F7C27AA,3F7AAAA6,3AFCD1D5,3B8D94B5,3B75CC0E,BF7EDCBB,3F7C413C,3F7ABCE0
2,LHH,6,2680,2672,-0.995599,0.985006,0.979204,0.002085,0.003219,0.004004,-0.995463,0.985278,0.979537,BF7EDF93,3F7C295A,3F7AAD20,3B08A960,3B52F82C,3B8330A2,BF7ED6A9,3F7C3B2A,3F7AC2F0
2,LHH,6,2680,2672,-0.995579,0.985177,0.979474,0.001002,0.003342,0.006533,-0.995556,0.985370,0.979907,BF7EDE3F,3F7C3488,3F7ABEC8,3A836115,3B5B0DB5,3BD61123,BF7EDCBB,3F7C413C,3F7ADB36
2,LHH,6,2680,2672,-0.995602,0.985078,0.979204,0.001830,0.004257,0.003919,-0.995556,0.985370,0.979537,BF7EDFC3,3F7C2E18,3F7AAD1A,3AEFDD51,3B8B7FF1,3B806952,BF7EDCBB,3F7C413C,3F7AC2F0
2,LHH,6,2681,2672,-0.995535,0.985090,0.979268,0.002505,0.003247,0.003767,-0.995370,0.985370,0.979537,BF7EDB67,3F7C2ED6,3F7AB150,3B2427D3,3B54CF94,3B76DB62,BF7ED098,3F7C413C,3F7AC2F0
2,LHH,6,2679,2671,-0.995654,0.985243,0.979178,0.001999,0.007473,0.004360,-0.995556,0.985741,0.979445,BF7EE32D,3F7C38DE,3F7AAB6E,3B030961,3BF4DFE7,3B8EDDCD,BF7EDCBB,3F7C5982,3F7ABCE0
2,LHH,6,2680,2671,-0.995625,0.985081,0.979300,0.001736,0.002820,0.004048,-0.995556,0.985278,0.979537,BF7EE148,3F7C2E40,3F7AB364,3AE38E33,3B38D152,3B84A77F,BF7EDCBB,3F7C3B2A,3F7AC2F0
2,LHH,6,2679,2672,-0.995611,0.985107,0.979262,0.001137,0.004056,0.005319,-0.995556,0.985370,0.979722,BF7EE055,3F7C2FFE,3F7AB0EC,3A95035C,3B84E588,3BAE4CC2,BF7EDCBB,3F7C413C,3F7ACF14
2,LHH,6,2680,2673,-0.995663,0.984864,0.979219,0.002095,0.002651,0.002772,-0.995556,0.985093,0.979445,BF7EE3BF,3F7C200E,3F7AAE16,3B09515E,3B2DBDD7,3B35A970,BF7EDCBB,3F7C2F08,3F7ABCE0
2,LHH,5,2681,2672,-0.995587,0.985171,0.979311,0.001099,0.002462,0.003792,-0.995556,0.985370,0.979722,BF7EDED1,3F7C3428,3F7AB426,3A901B23,3B215EF0,3B7888D0,BF7EDCBB,3F7C413C,3F7ACF14
2,LHH,6,2680,2673,-0.995590,0.985122,0.979248,0.001121,0.004682,0.005633,-0.995556,0.985463,0.979722,BF7EDF01,3F7C30F0,3F7AAFFE,3A92E2ED,3B9967D4,3BB895AE,BF7EDCBB,3F7C474C,3F7ACF14
2,LHH,6,2680,2672,-0.995665,0.985093,0.979389,0.002041,0.003520,0.002513,-0.995556,0.985370,0.979630,BF7EE3EF,3F7C2F0C,3F7AB944,3B05C0B1,3B66B36B,3B24B6CD,BF7EDCBB,3F7C413C,3F7AC902
2,LHH,6,2681,2672,-0.995628,0.984960,0.979288,0.001502,0.003836,0.001958,-0.995556,0.985370,0.979445,BF7EE178,3F7C2650,3F7AB2A0,3AC4D732,3B7B6868,3B004F18,BF7EDCBB,3F7C413C,3F7ABCE0
2,LHH,6,2681,2671,-0.995550,0.985145,0.979123,0.002451,0.004664,0.005272,-0.995370,0.985370,0.979445,BF7EDC59,3F7C3270,3F7AA7D0,3B20A05D,3B98D0EE,3BACC1DE,BF7ED098,3F7C413C,3F7ABCE0
2,LHH,6,2680,2671,-0.995619,0.984994,0.979184,0.001073,0.003565,0.004682,-0.995556,0.985185,0.979445,BF7EE0E7,3F7C2894,3F7AABD4,3A8CA20F,3B699C19,3B9969CF,BF7EDCBB,3F7C3518,3F7ABCE0
2,LHH,6,2680,2672,-0.995634,0.984985,0.979343,0.001747,0.003711,0.003940,-0.995556,0.985278,0.979630,BF7EE1D9,3F7C2800,3F7AB63E,3AE4EF1B,3B732E9E,3B811D55,BF7EDCBB,3F7C3B2A,3F7AC902
2,LHH,6,2680,2672,-0.995602,0.985081,0.979213,0.001531,0.003156,0.002894,-0.995556,0.985370,0.979352,BF7EDFC3,3F7C2E44,3F7AADB0,3AC8AF60,3B4EDA61,3B3DA1B3,BF7EDCBB,3F7C413C,3F7AB6CE
2,LHH,6,2679,2673,-0.995651,0.984959,0.979529,0.001355,0.003469,0.005531,-0.995556,0.985278,0.979907,BF7EE2FD,3F7C264E,3F7AC262,3AB1A2AB,3B635FF9,3BB53C6C,BF7EDCBB,3F7C3B2A,3F7ADB36
2,LHH,6,2680,2672,-0.995642,0.985009,0.979381,0.001524,0.002612,0.004386,-0.995556,0.985185,0.979815,BF7EE26B,3F7C298A,3F7AB8B4,3AC7C983,3B2B283E,3B8FB82F,BF7EDCBB,3F7C3518,3F7AD524
2,LHH,6,2680,2672,-0.995674,0.985333,0.979149,0.001940,0.002999,0.003541,-0.995556,0.985556,0.979352,BF7EE481,3F7C3EC4,3F7AA988,3AFE3CED,3B448C36,3B680EB9,BF7EDCBB,3F7C4D5E,3F7AB6CE
2,LHH,6,2680,2671,-0.995584,0.985298,0.979196,0.002041,0.006489,0.002121,-0.995463,0.985926,0.979445,BF7EDEA0,3F7C3C82,3F7AAC92,3B05C0B1,3BD4A098,3B0B05EA,BF7ED6A9,3F7C65A4,3F7ABCE0
2,LHH,6,2680,2672,-0.995642,0.985000,0.979120,0.001630,0.006179,0.006042,-0.995556,0.985463,0.979630,BF7EE26B,3F7C28F8,3F7AA7A4,3AD5B3A1,3BCA75C9,3BC5FB88,BF7EDCBB,3F7C474C,3F7AC902
2,LHH,6,2680,2672,-0.995645,0.985078,0.979155,0.002045,0.003619,0.003739,-0.995556,0.985370,0.979352,BF7EE29C,3F7C2E18,3F7AA9EC,3B060128,3B6D2EE4,3B75114E,BF7EDCBB,3F7C413C,3F7AB6CE
2,LHH,6,2679,2673,-0.995579,0.985003,0.979288,0.001157,0.004232,0.007121,-0.995463,0.985278,0.979907,BF7EDE3F,3F7C2924,3F7AB2A2,3A97B422,3B8AB026,3BE95B0F,BF7ED6A9,3F7C3B2A,3F7ADB36
2,LHH,6,2680,2673,-0.995556,0.985064,0.979317,0.000000,0.004028,0.003649,-0.995556,0.985370,0.979630,BF7EDCBB,3F7C2D22,3F7AB48A,32480000,3B83F995,3B6F21EA,BF7EDCBB,3F7C413C,3F7AC902
2,LHH,6,2680,2672,-0.995590,0.984974,0.979187,0.002223,0.003761,0.005200,-0.995463,0.985278,0.979537,BF7EDF01,3F7C2746,3F7AABFE,3B11A840,3B7679BD,3BAA63B4,BF7ED6A9,3F7C3B2A,3F7AC2F0
2,LHH,5,2681,2672,-0.995602,0.984928,0.979285,0.001294,0.004969,0.006266,-0.995463,0.985278,0.979630,BF7EDFC3,3F7C243A,3F7AB274,3AA99C1D,3BA2D466,3BCD5240,BF7ED6A9,3F7C3B2A,3F7AC902
2,LHH,6,2679,2672,-0.995611,0.985084,0.979268,0.001137,0.003392,0.005315,-0.995556,0.985278,0.979630,BF7EE055,3F7C2E72,3F7AB14E,3A95035C,3B5E4F34,3BAE2935,BF7EDCBB,3F7C3B2A,3F7AC902
2,LHH,6,2679,2672,-0.995639,0.985043,0.979410,0.001570,0.006896,0.005168,-0.995556,0.985463,0.979815,BF7EE23A,3F7C2BCA,3F7ABA98,3ACDC5A6,3BE1F4CA,3BA958C8,BF7EDCBB,3F7C474C,3F7AD524
2,LHH,6,2679,2672,-0.995599,0.985090,0.979257,0.002521,0.004071,0.004350,-0.995463,0.985463,0.979537,BF7EDF93,3F7C2EDA,3F7AB08E,3B253F4B,3B8565AD,3B8E8683,BF7ED6A9,3F7C474C,3F7AC2F0
2,LHH,6,2679,2672,-0.995550,0.985058,0.979219,0.002772,0.003784,0.002710,-0.995370,0.985278,0.979445,BF7EDC5A,3F7C2CC0,3F7AAE16,3B35A394,3B77F9F6,3B31A23E,BF7ED098,3F7C3B2A,3F7ABCE0
2,LHH,6,2680,2672,-0.995590,0.985023,0.979384,0.002066,0.002589,0.003202,-0.995463,0.985185,0.979630,BF7EDF01,3F7C2A7A,3F7AB8E4,3B076C2D,3B29A447,3B51D882,BF7ED6A9,3F7C3518,3F7AC902
2,LHH,6,2680,2672,-0.995663,0.985130,0.979413,0.001308,0.002643,0.004076,-0.995556,0.985370,0.979630,BF7EE3BF,3F7C317E,3F7ABACA,3AAB7474,3B2D3139,3B85925E,BF7EDCBB,3F7C413C,3F7AC902
2,LHH,6,2680,2671,-0.995556,0.985096,0.979138,0.000000,0.002125,0.004499,-0.995556,0.985278,0.979445,BF7EDCBB,3F7C2F38,3F7AA8C4,32480000,3B0B3F1B,3B936E8B,BF7EDCBB,3F7C3B2A,3F7ABCE0
2,LHH,6,2680,2671,-0.995596,0.985096,0.979367,0.001524,0.007839,0.004880,-0.995556,0.985741,0.979815,BF7EDF62,3F7C2F38,3F7AB7C4,3AC7C981,3C0070A6,3B9FEBE1,BF7EDCBB,3F7C5982,3F7AD524
2,LHH,6,2680,2672,-0.995613,0.985217,0.979300,0.001504,0.006329,0.005206,-0.995556,0.985648,0.979722,BF7EE086,3F7C3730,3F7AB362,3AC5119D,3BCF627F,3BAA9A9B,BF7EDCBB,3F7C5370,3F7ACF14
2,LHH,6,2680,2676,-0.995611,0.985070,0.979308,0.001817,0.005873,0.003472,-0.995556,0.985556,0.979630,BF7EE055,3F7C2D86,3F7AB3F6,3AEE2C07,3BC0748E,3B63831B,BF7EDCBB,3F7C4D5E,3F7AC902
2,LHH,6,2680,2670,-0.995631,0.985419,0.979274,0.002274,0.004050,0.004597,-0.995463,0.985648,0.979630,BF7EE1A9,3F7C446E,3F7AB1B0,3B15035C,3B84B70A,3B96A572,BF7ED6A9,3F7C5370,3F7AC902
2,LHH,8,2678,2672,-0.995642,0.984968,0.979288,0.002082,0.008378,0.004925,-0.995370,0.985370,0.979630,BF7EE26B,3F7C26E0,3F7AB29E,3B086A29,3C09442D,3BA1622F,BF7ED098,3F7C413C,3F7AC902
2,LHH,6,2679,2672,-0.995660,0.985095,0.979341,0.002572,0.003298,0.004936,-0.995463,0.985278,0.979722,BF7EE38E,3F7C2F34,3F7AB612,3B288BE4,3B582614,3BA1C13F,BF7ED6A9,3F7C3B2A,3F7ACF14
2,LHH,6,2679,2672,-0.995599,0.984893,0.979444,0.001155,0.006776,0.003274,-0.995556,0.985278,0.979722,BF7EDF93,3F7C21EE,3F7ABCDE,3A976836,3BDE08BB,3B568934,BF7EDCBB,3F7C3B2A,3F7ACF14
2,LHH,5,2680,2672,-0.995579,0.985038,0.979497,0.001637,0.003163,0.005609,-0.995463,0.985278,0.979907,BF7EDE3F,3F7C2B6C,3F7AC050,3AD68A99,3B4F425B,3BB7CB7A,BF7ED6A9,3F7C3B2A,3F7ADB36
2,LHH,6,2680,2672,-0.995631,0.985119,0.979288,0.002861,0.002258,0.004573,-0.995556,0.985278,0.979722,BF7EE1A9,3F7C30BC,3F7AB2A2,3B3B7BF4,3B14006D,3B95D722,BF7EDCBB,3F7C3B2A,3F7ACF14
2,LHH,6,2679,2671,-0.995689,0.985122,0.979155,0.002518,0.003944,0.005722,-0.995556,0.985370,0.979537,BF7EE574,3F7C30F2,3F7AA9EE,3B250B08,3B813A03,3BBB804F,BF7EDCBB,3F7C413C,3F7AC2F0
2,LHH,6,2680,2672,-0.995556,0.985142,0.979138,0.000000,0.004629,0.005914,-0.995556,0.985556,0.979537,BF7EDCBB,3F7C3240,3F7AA8C2,32480000,3B97AAB3,3BC1CBFB,BF7EDCBB,3F7C4D5E,3F7AC2F0
2,LHH,6,2680,2672,-0.995608,0.985070,0.979430,0.001148,0.002588,0.003380,-0.995556,0.985278,0.979722,BF7EE024,3F7C2D84,3F7ABBEE,3A968388,3B299A83,3B5D8159,BF7EDCBB,3F7C3B2A,3F7ACF14
2,LHH,6,2680,2672,-0.995732,0.985000,0.979268,0.003441,0.005640,0.002915,-0.995556,0.985463,0.979445,BF7EE84C,3F7C28F6,3F7AB14E,3B61859B,3BB8D3E0,3B3F014D,BF7EDCBB,3F7C474C,3F7ABCE0
2,LHH,6,2679,2673,-0.995556,0.985110,0.979363,0.000000,0.003346,0.004936,-0.995556,0.985370,0.979815,BF7EDCBB,3F7C302C,3F7AB78E,32480000,3B5B4D17,3BA1BC8D,BF7EDCBB,3F7C413C,3F7AD524
2,LHH,6,2680,2672,-0.995602,0.985150,0.979036,0.001830,0.002699,0.005107,-0.995556,0.985370,0.979352,BF7EDFC3,3F7C32CE,3F7AA220,3AEFDD51,3B30DBC6,3BA75746,BF7EDCBB,3F7C413C,3F7AB6CE
2,LHH,6,2680,2672,-0.995660,0.984904,0.979178,0.001611,0.006028,0.003312,-0.995556,0.985278,0.979352,BF7EE38E,3F7C22B0,3F7AAB6C,3AD3299B,3BC582BC,3B590908,BF7EDCBB,3F7C3B2A,3F7AB6CE
2,LHH,6,2680,2672,-0.995619,0.985055,0.979169,0.001468,0.003962,0.005061,-0.995556,0.985370,0.979352,BF7EE0E7,3F7C2C92,3F7AAADA,3AC073F8,3B81D1B1,3BA5D8D0,BF7EDCBB,3F7C413C,3F7AB6CE
2,LHH,6,2680,2672,-0.995642,0.984902,0.979277,0.001999,0.003611,0.005564,-0.995556,0.985185,0.979722,BF7EE26B,3F7C2284,3F7AB1E0,3B03095F,3B6CA833,3BB652E0,BF7EDCBB,3F7C3518,3F7ACF14
2,LHH,6,2680,2671,-0.995550,0.984841,0.979228,0.001914,0.005086,0.003733,-0.995370,0.985093,0.979537,BF7EDC59,3F7C1E8A,3F7AAEA8,3AFADB37,3BA6A8F0,3B74A1A8,BF7ED098,3F7C2F08,3F7AC2F0
2,LHH,6,2679,2674,-0.995628,0.985130,0.979210,0.001118,0.005869,0.005429,-0.995556,0.985556,0.979722,BF7EE178,3F7C3178,3F7AAD82,3A929482,3BC05152,3BB1E1B5,BF7EDCBB,3F7C4D5E,3F7ACF14
2,LHH,6,2680,2672,-0.995576,0.984841,0.979207,0.000957,0.004850,0.005519,-0.995556,0.985185,0.979537,BF7EDE0E,3F7C1E88,3F7AAD52,3A7ADB37,3B9EEAAC,3BB4D686,BF7EDCBB,3F7C3518,3F7AC2F0
2,LHH,5,2679,2672,-0.995616,0.984977,0.979430,0.002563,0.004051,0.005082,-0.995370,0.985278,0.979722,BF7EE0B6,3F7C2770,3F7ABBEE,3B27F201,3B84BEED,3BA686A9,BF7ED098,3F7C3B2A,3F7ACF14
2,LHH,6,2680,2673,-0.995639,0.985055,0.979370,0.001673,0.002885,0.004857,-0.995556,0.985278,0.979722,BF7EE23A,3F7C2C90,3F7AB7F6,3ADB4EA6,3B3D191D,3B9F2B52,BF7EDCBB,3F7C3B2A,3F7ACF14
2,LHH,6,2680,2672,-0.995628,0.985078,0.979233,0.001118,0.004257,0.004301,-0.995556,0.985463,0.979537,BF7EE178,3F7C2E18,3F7AAF08,3A929482,3B8B7DB1,3B8CED90,BF7EDCBB,3F7C474C,3F7AC2F0
2,LHH,6,2679,2672,-0.995654,0.985179,0.979340,0.003113,0.005668,0.004243,-0.995463,0.985648,0.979630,BF7EE32D,3F7C34B4,3F7AB60C,3B4C045F,3BB9BCE1,3B8B0794,BF7ED6A9,3F7C5370,3F7AC902
2,LHH,6,2680,2672,-0.995605,0.985165,0.979323,0.001292,0.003208,0.007488,-0.995556,0.985463,0.979907,BF7EDFF4,3F7C33C4,3F7AB4E8,3AA95839,3B523A22,3BF55FA3,BF7EDCBB,3F7C474C,3F7ADB36
2,LHH,6,2679,2673,-0.995593,0.985087,0.979381,0.001137,0.002160,0.004151,-0.995556,0.985278,0.979630,BF7EDF32,3F7C2EA4,3F7AB8B8,3A95035C,3B0D921D,3B88033F,BF7EDCBB,3F7C3B2A,3F7AC902
2,LHH,6,2680,2673,-0.995712,0.985241,0.979392,0.001681,0.001723,0.004805,-0.995648,0.985370,0.979722,BF7EE6F8,3F7C38BA,3F7AB974,3ADC5462,3AE1CDAC,3B9D7150,BF7EE2CC,3F7C413C,3F7ACF14
2,LHH,5,2680,2671,-0.995660,0.985101,0.979433,0.002066,0.005561,0.005296,-0.995556,0.985463,0.980000,BF7EE38E,3F7C2F96,3F7ABC1E,3B076C2F,3BB63C03,3BAD8A26,BF7EDCBB,3F7C474C,3F7AE148
2,LHH,6,2680,2671,-0.995642,0.985124,0.979392,0.002310,0.003778,0.003421,-0.995463,0.985370,0.979722,BF7EE26B,3F7C311A,3F7AB970,3B176835,3B779255,3B602D55,BF7ED6A9,3F7C413C,3F7ACF14
2,LHH,6,2679,2672,-0.995631,0.985255,0.979329,0.002199,0.003925,0.002835,-0.995463,0.985556,0.979537,BF7EE1A9,3F7C39A6,3F7AB54E,3B101B23,3B809A0F,3B39D15A,BF7ED6A9,3F7C4D5E,3F7AC2F0
2,LHH,6,2680,2675,-0.995671,0.985234,0.979363,0.002005,0.004944,0.003914,-0.995556,0.985648,0.979722,BF7EE450,3F7C3852,3F7AB790,3B036113,3BA1FE24,3B804408,BF7EDCBB,3F7C5370,3F7ACF14
2,LHH,6,2680,2673,-0.995611,0.985157,0.979433,0.001722,0.003725,0.005951,-0.995463,0.985370,0.979907,BF7EE055,3F7C3338,3F7ABC20,3AE1C54C,3B742416,3BC2FF30,BF7ED6A9,3F7C413C,3F7ADB36
2,LHH,5,2680,2673,-0.995602,0.985272,0.979323,0.002386,0.005609,0.006558,-0.995463,0.985741,0.979907,BF7EDFC3,3F7C3AC8,3F7AB4E4,3B1C5F5F,3BB7CA20,3BD6E7D2,BF7ED6A9,3F7C5982,3F7ADB36
2,LHH,6,2680,2671,-0.995628,0.985153,0.979277,0.002145,0.003549,0.005190,-0.995556,0.985463,0.979630,BF7EE178,3F7C3300,3F7AB1E4,3B0C8DA0,3B6893C1,3BAA123C,BF7EDCBB,3F7C474C,3F7AC902
2,LHH,5,2680,2671,-0.995631,0.985255,0.979288,0.001468,0.005728,0.004151,-0.995556,0.985648,0.979630,BF7EE1A9,3F7C39A8,3F7AB2A4,3AC073F7,3BBBB583,3B880217,BF7EDCBB,3F7C5370,3F7AC902
2,LHH,6,2681,2672,-0.995686,0.985367,0.979364,0.001622,0.003727,0.002369,-0.995556,0.985648,0.979537,BF7EE543,3F7C4108,3F7AB796,3AD4A5BA,3B7446EB,3B1B4385,BF7EDCBB,3F7C5370,3F7AC2F0
2,LHH,6,2679,2673,-0.995665,0.985324,0.979257,0.002199,0.004876,0.003496,-0.995556,0.985741,0.979630,BF7EE3EF,3F7C3E32,3F7AB090,3B101B21,3B9FC819,3B651958,BF7EDCBB,3F7C5982,3F7AC902
2,LHH,6,2680,2672,-0.995567,0.985269,0.979309,0.000766,0.003240,0.004737,-0.995556,0.985463,0.979630,BF7EDD7D,3F7C3A94,3F7AB3F8,3A48AF61,3B545B92,3B9B3513,BF7EDCBB,3F7C474C,3F7AC902
2,LHH,6,2680,2673,-0.995582,0.985069,0.979358,0.001557,0.003660,0.007827,-0.995463,0.985370,0.979907,BF7EDE6F,3F7C2D82,3F7AB72E,3ACC045F,3B6FDE7D,3C003E17,BF7ED6A9,3F7C413C,3F7ADB36
2,LHH,6,2680,2672,-0.995648,0.985128,0.979360,0.002087,0.003784,0.007025,-0.995556,0.985463,0.980000,BF7EE2CC,3F7C3152,3F7AB75C,3B08BE6A,3B77F696,3BE631A4,BF7EDCBB,3F7C474C,3F7AE148
2,LHH,5,2679,2673,-0.995625,0.985264,0.979326,0.001830,0.002782,0.003337,-0.995556,0.985370,0.979630,BF7EE148,3F7C3A3C,3F7AB51E,3AEFDD50,3B3653AF,3B5AA978,BF7EDCBB,3F7C413C,3F7AC902
2,LHH,6,2681,2672,-0.995680,0.985298,0.979456,0.002358,0.004242,0.005136,-0.995463,0.985648,0.979722,BF7EE4E2,3F7C3C7A,3F7ABDA4,3B1A90C7,3B8AFFF0,3BA847CF,BF7ED6A9,3F7C5370,3F7ACF14
2,LHH,6,2680,2672,-0.995579,0.984933,0.979360,0.001002,0.005248,0.004107,-0.995556,0.985185,0.979722,BF7EDE3F,3F7C2498,3F7AB75C,3A836113,3BABF57A,3B8690FF,BF7EDCBB,3F7C3518,3F7ACF14
2,LHH,6,2679,2672,-0.995671,0.985133,0.979288,0.001830,0.006571,0.004386,-0.995556,0.985463,0.979537,BF7EE450,3F7C31AE,3F7AB2A2,3AEFDD53,3BD751CF,3B8FB821,BF7EDCBB,3F7C474C,3F7AC2F0
2,LHH,6,2681,2672,-0.995697,0.985012,0.979393,0.002164,0.006792,0.003113,-0.995556,0.985463,0.979630,BF7EE605,3F7C29BC,3F7AB97A,3B0DD39A,3BDE908A,3B4C03D5,BF7EDCBB,3F7C474C,3F7AC902
2,LHH,6,2681,2673,-0.995689,0.985229,0.979306,0.002890,0.002950,0.003063,-0.995556,0.985463,0.979630,BF7EE574,3F7C37F2,3F7AB3CE,3B3D6480,3B4150A9,3B48BE15,BF7EDCBB,3F7C474C,3F7AC902
2,LHH,6,2680,2673,-0.995677,0.985145,0.979398,0.001468,0.004805,0.007633,-0.995648,0.985463,0.979907,BF7EE4B1,3F7C3270,3F7AB9DA,3AC073F7,3B9D7139,3BFA2102,BF7EE2CC,3F7C474C,3F7ADB36
2,LHH,6,2680,2672,-0.995703,0.985275,0.979697,0.002827,0.005535,0.007939,-0.995556,0.985648,0.980370,BF7EE666,3F7C3AFE,3F7ACD64,3B3940D5,3BB55DE5,3C021461,BF7EDCBB,3F7C5370,3F7AF98E
2,LHH,6,2681,2672,-0.995648,0.985168,0.979485,0.001919,0.006955,0.005396,-0.995556,0.985648,0.979815,BF7EE2CC,3F7C33F4,3F7ABF84,3AFB9270,3BE3E556,3BB0D215,BF7EDCBB,3F7C5370,3F7AD524
2,LHH,6,2681,2672,-0.995599,0.985347,0.979361,0.002003,0.002951,0.001951,-0.995370,0.985556,0.979537,BF7EDF93,3F7C3FB6,3F7AB762,3B034B2C,3B4162C2,3AFFB66C,BF7ED098,3F7C4D5E,3F7AC2F0
2,LHH,6,2681,2672,-0.995671,0.985477,0.979277,0.002241,0.007916,0.002680,-0.995556,0.986111,0.979537,BF7EE450,3F7C4840,3F7AB1E0,3B12E2ED,3C01B243,3B2F9FCE,BF7EDCBB,3F7C71C8,3F7AC2F0
2,LHH,5,2680,2672,-0.995651,0.985107,0.979427,0.002350,0.008798,0.004681,-0.995556,0.986111,0.979722,BF7EE2FD,3F7C2FFA,3F7ABBC0,3B19FB9B,3C102524,3B99663A,BF7EDCBB,3F7C71C8,3F7ACF14
2,LHH,6,2680,2673,-0.995700,0.985105,0.979537,0.002160,0.004902,0.003750,-0.995556,0.985556,0.979815,BF7EE636,3F7C2FD0,3F7AC2F4,3B0D96B3,3BA09EC1,3B75CA12,BF7EDCBB,3F7C4D5E,3F7AD524
2,LHH,6,2679,2673,-0.995668,0.985182,0.979233,0.001609,0.003195,0.002849,-0.995463,0.985463,0.979445,BF7EE420,3F7C34E8,3F7AAF0A,3AD2F317,3B5160EC,3B3AB8F8,BF7ED6A9,3F7C474C,3F7ABCE0
2,LHH,6,2679,2672,-0.995628,0.985141,0.979393,0.001710,0.001828,0.002382,-0.995556,0.985278,0.979537,BF7EE178,3F7C3238,3F7AB97E,3AE02C1B,3AEF9953,3B1C1B0B,BF7EDCBB,3F7C3B2A,3F7AC2F0
2,LHH,6,2680,2672,-0.995521,0.985229,0.979271,0.001897,0.003115,0.004041,-0.995370,0.985463,0.979445,BF7EDA74,3F7C37F4,3F7AB17C,3AF8B265,3B4C2D52,3B846A0A,BF7ED098,3F7C474C,3F7ABCE0
2,LHH,6,2680,2671,-0.995645,0.985396,0.979378,0.002488,0.003625,0.004528,-0.995556,0.985741,0.979630,BF7EE29C,3F7C42EC,3F7AB884,3B230E7E,3B6D8EE0,3B9462C2,BF7EDCBB,3F7C5982,3F7AC902
2,LHH,5,2680,2673,-0.995648,0.985220,0.979204,0.002714,0.003102,0.003514,-0.995463,0.985463,0.979445,BF7EE2CC,3F7C375C,3F7AAD1E,3B31E367,3B4B503E,3B6644C5,BF7ED6A9,3F7C474C,3F7ABCE0
2,LHH,6,2680,2673,-0.995590,0.985359,0.979395,0.002066,0.005003,0.002454,-0.995463,0.985648,0.979630,BF7EDF01,3F7C4076,3F7AB9A8,3B076C30,3BA3F119,3B20D5C6,BF7ED6A9,3F7C5370,3F7AC902
2,LHH,6,2681,2672,-0.995590,0.985096,0.979479,0.002506,0.003682,0.005102,-0.995370,0.985278,0.979815,BF7EDF01,3F7C2F3C,3F7ABF2A,3B243959,3B7151E8,3BA73252,BF7ED098,3F7C3B2A,3F7AD524
2,LHH,6,2680,2669,-0.995512,0.985072,0.979225,0.002893,0.004122,0.003362,-0.995278,0.985370,0.979445,BF7ED9E2,3F7C2DB6,3F7AAE76,3B3D9202,3B871481,3B5C563C,BF7ECA86,3F7C413C,3F7ABCE0
2,LHH,5,2680,2672,-0.995619,0.985237,0.979346,0.001073,0.002831,0.008059,-0.995556,0.985463,0.980000,BF7EE0E7,3F7C3882,3F7AB66C,3A8CA20F,3B3984C1,3C040B10,BF7EDCBB,3F7C474C,3F7AE148
2,LHH,6,2680,2672,-0.995558,0.985226,0.979071,0.001355,0.003219,0.004501,-0.995463,0.985370,0.979445,BF7EDCEB,3F7C37C2,3F7AA468,3AB1A2AA,3B52F5F4,3B937BA9,BF7ED6A9,3F7C413C,3F7ABCE0
2,LHH,5,2680,2672,-0.995576,0.985211,0.979352,0.001609,0.004815,0.001637,-0.995463,0.985556,0.979445,BF7EDE0E,3F7C36CA,3F7AB6CE,3AD2F317,3B9DC747,3AD69E33,BF7ED6A9,3F7C4D5E,3F7ABCE0
2,LHH,6,2680,2672,-0.995631,0.985084,0.979467,0.003086,0.005592,0.003925,-0.995463,0.985556,0.979722,BF7EE1A9,3F7C2E76,3F7ABE60,3B4A3F37,3BB73B5D,3B809D6E,BF7ED6A9,3F7C4D5E,3F7ACF14
2,LHH,6,2679,2672,-0.995668,0.985072,0.979326,0.001806,0.004242,0.005909,-0.995463,0.985370,0.979722,BF7EE420,3F7C2DAE,3F7AB520,3AECA849,3B8B03D5,3BC19D37,BF7ED6A9,3F7C413C,3F7ACF14
2,LHH,6,2680,2671,-0.995668,0.985269,0.979488,0.002065,0.003982,0.004875,-0.995556,0.985463,0.979907,BF7EE420,3F7C3A96,3F7ABFB8,3B0756EE,3B827AD3,3B9FC1C3,BF7EDCBB,3F7C474C,3F7ADB36
2,LHH,6,2681,2672,-0.995625,0.985205,0.979494,0.001418,0.004727,0.007366,-0.995556,0.985556,0.980093,BF7EE148,3F7C366A,3F7AC01C,3AB9CC5E,3B9AE6E7,3BF15A89,BF7EDCBB,3F7C4D5E,3F7AE75A
2,LHH,6,2680,2677,-0.995602,0.985081,0.979265,0.002315,0.006890,0.004328,-0.995463,0.985556,0.979630,BF7EDFC3,3F7C2E3E,3F7AB11E,3B17B425,3BE1C58F,3B8DD443,BF7ED6A9,3F7C4D5E,3F7AC902
2,LHH,6,2680,2672,-0.995538,0.985058,0.979268,0.003031,0.006035,0.006052,-0.995278,0.985556,0.980000,BF7EDB97,3F7C2CC2,3F7AB14C,3B46A8B6,3BC5C006,3BC64E28,BF7ECA86,3F7C4D5E,3F7AE148
2,LHH,6,2680,2671,-0.995671,0.985151,0.979286,0.002315,0.003156,0.004816,-0.995556,0.985278,0.979537,BF7EE450,3F7C32D6,3F7AB276,3B17B422,3B4ED9E7,3B9DCBB0,BF7EDCBB,3F7C3B2A,3F7AC2F0
2,LHH,6,2679,2672,-0.995625,0.985116,0.979427,0.001637,0.005111,0.006481,-0.995556,0.985463,0.979907,BF7EE148,3F7C308C,3F7ABBB8,3AD68A97,3BA777E6,3BD45E40,BF7EDCBB,3F7C474C,3F7ADB36
2,LHH,6,2679,2671,-0.995671,0.985203,0.979257,0.003062,0.005828,0.003860,-0.995463,0.985648,0.979537,BF7EE450,3F7C363E,3F7AB08E,3B48AF61,3BBEFCA2,3B7CF2B8,BF7ED6A9,3F7C5370,3F7AC2F0
2,LHH,6,2681,2672,-0.995735,0.985124,0.979271,0.002947,0.004157,0.002369,-0.995556,0.985463,0.979537,BF7EE87C,3F7C311E,3F7AB17E,3B41270C,3B88394C,3B1B3E7A,BF7EDCBB,3F7C474C,3F7AC2F0
2,LHH,6,2680,2672,-0.995602,0.985159,0.979358,0.001157,0.005280,0.003517,-0.995556,0.985463,0.979630,BF7EDFC3,3F7C3366,3F7AB730,3A97B421,3BAD017E,3B668299,BF7EDCBB,3F7C474C,3F7AC902
2,LHH,5,2680,2673,-0.995570,0.985121,0.979077,0.001430,0.002198,0.004193,-0.995370,0.985278,0.979445,BF7EDDAD,3F7C30EA,3F7AA4D2,3ABB7BEC,3B101318,3B89633A,BF7ED098,3F7C3B2A,3F7ABCE0
2,LHH,6,2681,2673,-0.995570,0.985237,0.979444,0.002530,0.005042,0.003614,-0.995370,0.985556,0.979722,BF7EDDAD,3F7C3884,3F7ABCDC,3B25CA55,3BA53B81,3B6CD994,BF7ED098,3F7C4D5E,3F7ACF14
2,LHH,6,2680,2672,-0.995671,0.985005,0.979381,0.003472,0.003421,0.005318,-0.995463,0.985185,0.979722,BF7EE450,3F7C2952,3F7AB8B6,3B638E40,3B603051,3BAE4223,BF7ED6A9,3F7C3518,3F7ACF14
2,LHH,6,2680,2672,-0.995642,0.985127,0.979352,0.001524,0.005603,0.003222,-0.995556,0.985556,0.979537,BF7EE26B,3F7C314C,3F7AB6D4,3AC7C984,3BB79794,3B532FA6,BF7EDCBB,3F7C4D5E,3F7AC2F0
2,LHH,6,2680,2672,-0.995556,0.985211,0.979523,0.001637,0.005405,0.003068,-0.995463,0.985648,0.979722,BF7EDCBB,3F7C36C8,3F7AC204,3AD68A96,3BB11A24,3B491138,BF7ED6A9,3F7C5370,3F7ACF14
2,LHH,6,2681,2672,-0.995616,0.985064,0.979355,0.001794,0.005380,0.004232,-0.995556,0.985463,0.979630,BF7EE0B6,3F7C2D24,3F7AB702,3AEB220B,3BB04A54,3B8AABDC,BF7EDCBB,3F7C474C,3F7AC902
2,LHH,6,2680,2672,-0.995587,0.985252,0.979187,0.001242,0.002106,0.002505,-0.995463,0.985370,0.979352,BF7EDED1,3F7C397C,3F7AABFC,3AA2D988,3B09FCBF,3B2425EA,BF7ED6A9,3F7C413C,3F7AB6CE
2,LHH,6,2680,2673,-0.995544,0.985252,0.979306,0.002879,0.004416,0.005729,-0.995278,0.985648,0.979815,BF7EDBF8,3F7C3972,3F7AB3CA,3B3CADD4,3B90B1DA,3BBBB734,BF7ECA86,3F7C5370,3F7AD524
2,LHH,6,2681,2672,-0.995651,0.985026,0.979300,0.002420,0.004638,0.003004,-0.995556,0.985463,0.979537,BF7EE2FD,3F7C2AAE,3F7AB366,3B1E95AA,3B97FAEF,3B44E331,BF7EDCBB,3F7C474C,3F7AC2F0
2,LHH,6,2681,2672,-0.995625,0.985208,0.979175,0.001418,0.003007,0.004715,-0.995556,0.985463,0.979445,BF7EE148,3F7C369C,3F7AAB3C,3AB9CC5C,3B45097A,3B9A7C6B,BF7EDCBB,3F7C474C,3F7ABCE0
2,LHH,6,2679,2672,-0.995564,0.985292,0.979288,0.001950,0.005015,0.003635,-0.995463,0.985648,0.979630,BF7EDD4C,3F7C3C1C,3F7AB2A2,3AFFA604,3BA4547C,3B6E3191,BF7ED6A9,3F7C5370,3F7AC902
3,HLH,2701,22,26,1.000391,-0.983950,-0.980260,0.005136,0.002690,0.003858,1.000741,-0.983796,-0.980000,3F800CD0,BF7BE420,BF7AF259,3BA8488F,3B304D53,3B7CD1D1,3F801846,BF7BDA13,BF7AE148
3,HLH,2701,22,26,1.000402,-0.983900,-0.980313,0.003596,0.003312,0.002223,1.000648,-0.983704,-0.980093,3F800D30,BF7BE0E7,BF7AF5C3,3B6BA7C9,3B590A7D,3B11A84D,3F80153E,BF7BD402,BF7AE759
3,HLH,2700,21,27,1.000339,-0.984045,-0.980547,0.003549,0.003140,0.006807,1.000648,-0.983704,-0.980093,3F800B1C,BF7BEA62,BF7B051F,3B689397,3B4DC5B3,3BDF0DE2,3F80153E,BF7BD402,BF7AE759
3,HLH,2701,21,26,1.000411,-0.984094,-0.980492,0.004664,0.004162,0.007168,1.000741,-0.983889,-0.980185,3F800D78,BF7BED9B,BF7B0184,3B98D222,3B8864E8,3BEAE4D2,3F801846,BF7BE024,BF7AED6B
3,HLH,2701,21,27,1.000504,-0.984306,-0.980544,0.002948,0.002165,0.004282,1.000741,-0.984167,-0.980185,3F801080,BF7BFB73,BF7B04EE,3B413178,3B0DE7CB,3B8C502B,3F801846,BF7BF259,BF7AED6B
3,HLH,2701,22,26,1.000458,-0.984187,-0.980446,0.003966,0.002571,0.014691,1.000648,-0.983981,-0.979259,3F800EFE,BF7BF3AD,BF7AFE7C,3B81F2D5,3B287ABF,3C70B1DC,3F80153E,BF7BE636,BF7AB0BC
3,HLH,2701,22,27,1.000481,-0.984190,-0.980480,0.003246,0.001919,0.004386,1.000741,-0.984074,-0.980185,3F800FC0,BF7BF3DD,BF7B00C2,3B54B603,3AFB921D,3B8FB73B,3F801846,BF7BEC47,BF7AED6B
3,HLH,2701,22,27,1.000677,-0.984158,-0.980680,0.002802,0.003342,0.006382,1.000926,-0.983981,-0.980463,3F801632,BF7BF1C7,BF7B0DD8,3B37A357,3B5B0CFB,3BD11E0F,3F801E58,BF7BE636,BF7AFF9F
3,HLH,2700,21,28,1.000527,-0.984129,-0.980657,0.003589,0.002943,0.004496,1.000833,-0.983796,-0.980370,3F801142,BF7BEFE2,BF7B0C53,3B6B34A7,3B40DC7E,3B93535B,3F801B4E,BF7BDA13,BF7AF98D
3,HLH,2700,21,27,1.000495,-0.984288,-0.980495,0.003454,0.004891,0.007055,1.000741,-0.983889,-0.980093,3F801038,BF7BFA50,BF7B01B5,3B625787,3BA046BB,3BE72B3B,3F801846,BF7BE024,BF7AE759
3,HLH,2701,20,26,1.000567,-0.984239,-0.980700,0.002223,0.005167,0.001999,1.000741,-0.983704,-0.980556,3F801294,BF7BF716,BF7B0F2C,3B11B543,3BA953EA,3B030958,3F801846,BF7BD402,BF7B05B0
3,HLH,2701,21,26,1.000393,-0.984143,-0.980596,0.002653,0.006097,0.004250,1.000648,-0.983796,-0.980278,3F800CE4,BF7BF0D4,BF7B0858,3B2DD8E2,3BC7C979,3B8B449B,3F80153E,BF7BDA13,BF7AF37C
3,HLH,2700,21,27,1.000538,-0.984421,-0.980541,0.002920,0.003520,0.010905,1.000741,-0.984259,-0.979722,3F8011A2,BF7C0309,BF7B04BE,3B3F585D,3B66B1DA,3C32AC20,3F801846,BF7BF86A,BF7ACF13
3,HLH,2701,21,26,1.000391,-0.983993,-0.980440,0.003102,0.006866,0.002588,1.000556,-0.983519,-0.980278,3F800CCE,BF7BE6F8,BF7AFE1A,3B4B4952,3BE0F914,3B299BFE,3F801234,BF7BC7DF,BF7AF37C
3,HLH,2701,22,27,1.000452,-0.984210,-0.980729,0.005722,0.007320,0.004398,1.000741,-0.983611,-0.980463,3F800ECE,BF7BF531,BF7B1111,3BBB8262,3BEFDA55,3B901B22,3F801846,BF7BCDF0,BF7AFF9F
3,HLH,2701,21,26,1.000524,-0.983999,-0.980605,0.002871,0.004857,0.005366,1.000833,-0.983611,-0.980185,3F80112A,BF7BE759,BF7B08EA,3B3C293A,3B9F2682,3BAFD6CF,3F801B4E,BF7BCDF0,BF7AED6B
3,HLH,2701,22,26,1.000434,-0.984219,-0.980642,0.004028,0.005427,0.002518,1.000741,-0.983704,-0.980463,3F800E38,BF7BF5C3,BF7B0B61,3B83FF02,3BB1D32D,3B250B21,3F801846,BF7BD402,BF7AFF9F
3,HLH,2701,22,26,1.000553,-0.984204,-0.980874,0.002278,0.006645,0.006919,1.000741,-0.983704,-0.980648,3F80121E,BF7BF4D0,BF7B1A8C,3B15507F,3BD9C063,3BE2B6E8,3F801846,BF7BD402,BF7B0BC2
3,HLH,2701,21,26,1.000512,-0.984187,-0.980726,0.005078,0.003648,0.005401,1.000833,-0.983981,-0.980370,3F8010C8,BF7BF3AD,BF7B10E1,3BA66287,3B6F1105,3BB0FC69,3F801B4E,BF7BE636,BF7AF98D
3,HLH,2701,22,25,1.000457,-0.984303,-0.980541,0.003060,0.005044,0.004705,1.000741,-0.983981,-0.980185,3F800EFC,BF7BFB42,BF7B04BE,3B4882BD,3BA54C4E,3B9A2EF0,3F801846,BF7BE636,BF7AED6B
3,HLH,2701,21,24,1.000561,-0.984219,-0.980874,0.002832,0.002584,0.005519,1.000741,-0.983981,-0.980556,3F801266,BF7BF5C3,BF7B1A8C,3B39A0A7,3B29580F,3BB4D53D,3F801846,BF7BE636,BF7B05B0
3,HLH,2700,21,26,1.000469,-0.984378,-0.980532,0.003658,0.002332,0.006470,1.000741,-0.984259,-0.980093,3F800F5C,BF7C0030,BF7B042C,3B6FB40A,3B18CF96,3BD4032F,3F801846,BF7BF86A,BF7AE759
3,HLH,2700,21,26,1.000527,-0.984476,-0.980781,0.003140,0.005131,0.004770,1.000741,-0.984167,-0.980648,3F801144,BF7C06A3,BF7B147B,3B4DCA56,3BA82122,3B9C4CFF,3F801846,BF7BF259,BF7B0BC2
3,HLH,2701,22,24,1.000452,-0.984337,-0.980619,0.002146,0.001929,0.002919,1.000556,-0.984259,-0.980463,3F800ECC,BF7BFD89,BF7B09DC,3B0CA845,3AFCD1D9,3B3F4834,3F801234,BF7BF86A,BF7AFF9F
3,HLH,2700,21,26,1.000385,-0.984511,-0.980723,0.003176,0.003977,0.002199,1.000648,-0.984259,-0.980556,3F800C9C,BF7C08EA,BF7B10B0,3B50201B,3B8253D6,3B101B0A,3F80153E,BF7BF86A,BF7B05B0
3,HLH,2701,22,26,1.000501,-0.984363,-0.980773,0.002644,0.001388,0.001698,1.000741,-0.984259,-0.980648,3F801068,BF7BFF3E,BF7B13E9,3B2D4780,3AB5E2F0,3ADE8FAF,3F801846,BF7BF86A,BF7B0BC2
3,HLH,2701,21,26,1.000553,-0.984248,-0.980428,0.001783,0.005780,0.005809,1.000648,-0.983889,-0.980000,3F80121C,BF7BF7A8,BF7AFD58,3AE9B49A,3BBD6477,3BBE56E5,3F80153E,BF7BE024,BF7AE148
3,HLH,2700,22,27,1.000498,-0.984401,-0.980706,0.002700,0.003471,0.007694,1.000741,-0.984074,-0.980278,3F80104E,BF7C01B5,BF7B0F8D,3B30F2CB,3B638188,3BFC1B8D,3F801846,BF7BEC47,BF7AF37C
3,HLH,2701,21,26,1.000587,-0.984277,-0.980541,0.003096,0.003140,0.003228,1.000926,-0.984167,-0.980185,3F80133E,BF7BF98E,BF7B04BE,3B4AE617,3B4DC58F,3B538907,3F801E58,BF7BF259,BF7AED6B
3,HLH,2700,21,26,1.000425,-0.984352,-0.980642,0.002514,0.004520,0.003166,1.000648,-0.984074,-0.980370,3F800DF0,BF7BFE7C,BF7B0B61,3B24BEF1,3B941AFE,3B4F832C,3F80153E,BF7BEC47,BF7AF98D
3,HLH,2701,21,26,1.000510,-0.984447,-0.980747,0.003795,0.004463,0.006204,1.000833,-0.984167,-0.980463,3F8010B2,BF7C04BE,BF7B1234,3B78B160,3B924110,3BCB4CBF,3F801B4E,BF7BF259,BF7AFF9F
3,HLH,2702,21,26,1.000460,-0.984358,-0.980486,0.006457,0.004805,0.009150,1.000833,-0.984074,-0.979722,3F800F10,BF7BFEDD,BF7B0123,3BD39549,3B9D725A,3C15EA59,3F801B4E,BF7BEC47,BF7ACF13
3,HLH,2700,21,25,1.000668,-0.984427,-0.980567,0.004360,0.002274,0.003209,1.000926,-0.984259,-0.980185,3F8015E6,BF7C036A,BF7B0673,3B8EDBA3,3B15037C,3B524F55,3F801E58,BF7BF86A,BF7AED6B
3,HLH,2701,22,26,1.000414,-0.984317,-0.980683,0.001919,0.002066,0.005979,1.000556,-0.984167,-0.980370,3F800D8E,BF7BFC35,BF7B0E08,3AFB7F9F,3B076C1C,3BC3ECCD,3F801234,BF7BF259,BF7AF98D
3,HLH,2701,22,26,1.000588,-0.984109,-0.980214,0.002287,0.007866,0.007238,1.000741,-0.983426,-0.979722,3F801342,BF7BEE8E,BF7AEF50,3B15E92C,3C00DFF5,3BED2DDE,3F801846,BF7BC1CD,BF7ACF13
3,HLH,2700,21,26,1.000634,-0.984187,-0.980608,0.003279,0.003739,0.006672,1.000926,-0.983981,-0.980093,3F8014C6,BF7BF3AD,BF7B091A,3B56EA29,3B750259,3BDAA3E3,3F801E58,BF7BE636,BF7AE759
3,HLH,2700,21,26,1.000602,-0.984395,-0.980781,0.002715,0.001635,0.004840,1.000741,-0.984259,-0.980463,3F8013B6,BF7C0154,BF7B147B,3B31F13C,3AD6551B,3B9E95A8,3F801846,BF7BF86A,BF7AFF9F
3,HLH,2701,21,26,1.000521,-0.984282,-0.980880,0.002439,0.002894,0.005986,1.000648,-0.984074,-0.980463,3F801112,BF7BF9EF,BF7B1AED,3B1FD9BE,3B3DA100,3BC42786,3F80153E,BF7BEC47,BF7AFF9F
3,HLH,2701,21,25,1.000420,-0.984274,-0.980631,0.004701,0.003619,0.004645,1.000741,-0.983981,-0.980278,3F800DC0,BF7BF95D,BF7B0A9F,3B9A0BAF,3B6D2DBF,3B9838A1,3F801846,BF7BE636,BF7AF37C
3,HLH,2701,22,26,1.000544,-0.984363,-0.980637,0.003649,0.001807,0.003649,1.000833,-0.984259,-0.980278,3F8011D4,BF7BFF3E,BF7B0B00,3B6F2AD2,3AECD8FC,3B6F1D21,3F801B4E,BF7BF86A,BF7AF37C
3,HLH,2700,21,27,1.000434,-0.984320,-0.980723,0.002552,0.003202,0.004230,1.000648,-0.984167,-0.980463,3F800E36,BF7BFC66,BF7B10B0,3B273F86,3B51D3EA,3B8A9EFA,3F80153E,BF7BF259,BF7AFF9F
3,HLH,2700,21,26,1.000660,-0.984378,-0.980856,0.002067,0.001851,0.008965,1.000833,-0.984259,-0.980185,3F8015A0,BF7C0030,BF7B1969,3B076F79,3AF2A8D0,3C12E2F1,3F801B4E,BF7BF86A,BF7AED6B
3,HLH,2701,21,27,1.000613,-0.984407,-0.980587,0.003509,0.005172,0.006563,1.000926,-0.984074,-0.979907,3F80141A,BF7C0216,BF7B07C6,3B65F93D,3BA975EE,3BD70D2E,3F801E58,BF7BEC47,BF7ADB36
3,HLH,2701,21,26,1.000622,-0.984236,-0.980585,0.005497,0.003567,0.004462,1.000833,-0.983981,-0.980185,3F801462,BF7BF6E6,BF7B0796,3BB41F96,3B69CA64,3B92323D,3F801B4E,BF7BE636,BF7AED6B
3,HLH,2701,22,26,1.000402,-0.984236,-0.980692,0.003095,0.002241,0.003838,1.000648,-0.984074,-0.980370,3F800D2E,BF7BF6E6,BF7B0E9A,3B4ADB18,3B12E2BC,3B7B86F8,3F80153E,BF7BEC47,BF7AF98D
3,HLH,2700,21,26,1.000478,-0.984225,-0.980692,0.003176,0.002066,0.004212,1.000648,-0.984074,-0.980370,3F800FA6,BF7BF624,BF7B0E9A,3B5026E4,3B076C03,3B8A0837,3F80153E,BF7BEC47,BF7AF98D
3,HLH,2701,21,26,1.000567,-0.984155,-0.980648,0.002636,0.002879,0.002835,1.000741,-0.983981,-0.980463,3F801294,BF7BF197,BF7B0BC2,3B2CC7FD,3B3CADC5,3B39CC61,3F801846,BF7BE636,BF7AFF9F
3,HLH,2701,22,26,1.000448,-0.984404,-0.980608,0.002722,0.003219,0.003517,1.000648,-0.984167,-0.980370,3F800EB2,BF7C01E5,BF7B091A,3B325FEA,3B52F320,3B667FE2,3F80153E,BF7BF259,BF7AF98D
3,HLH,2701,21,26,1.000564,-0.984193,-0.980593,0.003812,0.004061,0.002154,1.000833,-0.983889,-0.980463,3F80127C,BF7BF40E,BF7B0827,3B79CC7E,3B850EC3,3B0D311A,3F801B4E,BF7BE024,BF7AFF9F
3,HLH,2701,22,26,1.000475,-0.984187,-0.980527,0.005004,0.003648,0.003445,1.000926,-0.983889,-0.980278,3F800F8E,BF7BF3AD,BF7B03CB,3BA3F5EE,3B6F1105,3B61C543,3F801E58,BF7BE024,BF7AF37C
3,HLH,2700,25,27,1.000559,-0.984288,-0.980865,0.003195,0.003086,0.004652,1.000833,-0.983889,-0.980648,3F80124E,BF7BFA50,BF7B19FB,3B5167FA,3B4A3F1B,3B986C8D,3F801B4E,BF7BE024,BF7B0BC2
3,HLH,2701,21,26,1.000419,-0.984091,-0.980666,0.002241,0.005125,0.006710,1.000648,-0.983704,-0.980370,3F800DBC,BF7BED6B,BF7B0CE5,3B12DE9A,3BA7F1F4,3BDBDEC5,3F80153E,BF7BD402,BF7AF98D
3,HLH,2700,21,26,1.000622,-0.984355,-0.980822,0.004102,0.005444,0.005482,1.000926,-0.983981,-0.980556,3F801462,BF7BFEAC,BF7B1722,3B866B12,3BB26095,3BB3A5F4,3F801E58,BF7BE636,BF7B05B0
3,HLH,2700,22,26,1.000474,-0.984456,-0.980622,0.003650,0.005200,0.005086,1.000741,-0.984167,-0.980370,3F800F8C,BF7C054F,BF7B0A0D,3B6F2E8A,3BAA6733,3BA6A700,3F801846,BF7BF259,BF7AF98D
3,HLH,2700,21,27,1.000643,-0.984268,-0.980593,0.002585,0.003136,0.005754,1.000926,-0.983981,-0.980185,3F80150E,BF7BF8FC,BF7B0827,3B296600,3B4D7F92,3BBC8B7C,3F801E58,BF7BE636,BF7AED6B
3,HLH,2701,22,26,1.000550,-0.984216,-0.980483,0.002382,0.004772,0.002437,1.000741,-0.983796,-0.980278,3F801204,BF7BF592,BF7B00F3,3B1C1F3F,3B9C5AC1,3B1FB6CC,3F801846,BF7BDA13,BF7AF37C
3,HLH,2701,21,27,1.000660,-0.984199,-0.980602,0.001611,0.003778,0.006774,1.000741,-0.983981,-0.980185,3F8015A0,BF7BF46F,BF7B08B9,3AD33421,3B779073,3BDDF4B1,3F801846,BF7BE636,BF7AED6B
3,HLH,2701,22,25,1.000593,-0.984242,-0.980680,0.002706,0.005411,0.007380,1.000741,-0.983796,-0.980093,3F80136E,BF7BF747,BF7B0DD8,3B3154BA,3BB1519D,3BF1D003,3F801846,BF7BDA13,BF7AE759
3,HLH,2701,23,27,1.000683,-0.984210,-0.980503,0.002698,0.002713,0.002160,1.000926,-0.983981,-0.980370,3F80165E,BF7BF531,BF7B0247,3B30D881,3B31D31B,3B0D96AD,3F801E58,BF7BE636,BF7AF98D
3,HLH,2701,21,25,1.000417,-0.984115,-0.980677,0.004593,0.002890,0.008295,1.000833,-0.983889,-0.980278,3F800DA6,BF7BEEEF,BF7B0DA7,3B968386,3B3D647C,3C07E624,3F801B4E,BF7BE024,BF7AF37C
3,HLH,2701,22,26,1.000371,-0.984135,-0.980680,0.004945,0.002563,0.004965,1.000648,-0.983889,-0.980278,3F800C24,BF7BF043,BF7B0DD8,3BA20BC9,3B27F1FD,3BA2B1B8,3F80153E,BF7BE024,BF7AF37C
3,HLH,2700,21,27,1.000371,-0.984178,-0.980645,0.003839,0.001807,0.002488,1.000648,-0.983981,-0.980556,3F800C24,BF7BF31B,BF7B0B91,3B7B92DA,3AECD8B9,3B230E91,3F80153E,BF7BE636,BF7B05B0
3,HLH,2700,21,26,1.000419,-0.984358,-0.980657,0.004213,0.005519,0.004606,1.000741,-0.984167,-0.980185,3F800DBE,BF7BFEDD,BF7B0C53,3B8A0BB0,3BB4D53D,3B96F152,3F801846,BF7BF259,BF7AED6B
3,HLH,2701,22,26,1.000446,-0.984248,-0.980718,0.002617,0.004243,0.006470,1.000648,-0.983981,-0.980185,3F800E9A,BF7BF7A8,BF7B104F,3B2B7CB5,3B8B0696,3BD40332,3F80153E,BF7BE636,BF7AED6B
3,HLH,2700,22,27,1.000535,-0.984149,-0.980692,0.003694,0.002616,0.004091,1.000741,-0.983981,-0.980463,3F80118C,BF7BF135,BF7B0E9A,3B721DE8,3B2B7470,3B861146,3F801846,BF7BE636,BF7AFF9F
3,HLH,2700,21,26,1.000428,-0.984282,-0.980434,0.002637,0.001919,0.005060,1.000648,-0.984167,-0.980093,3F800E0A,BF7BF9EE,BF7AFDBA,3B2CC9B8,3AFB923B,3BA5CA61,3F80153E,BF7BF259,BF7AE759
3,HLH,2700,21,26,1.000634,-0.984306,-0.980553,0.002394,0.003967,0.005382,1.000833,-0.984074,-0.980000,3F8014C4,BF7BFB73,BF7B0580,3B1CE14F,3B8200E2,3BB05995,3F801B4E,BF7BEC47,BF7AE148
3,HLH,2699,21,27,1.000512,-0.984233,-0.980587,0.003705,0.008127,0.001596,1.000833,-0.983704,-0.980463,3F8010C4,BF7BF6B5,BF7B07C6,3B72D23F,3C052870,3AD13D4D,3F801B4E,BF7BD402,BF7AFF9F
3,HLH,2701,21,26,1.000642,-0.984349,-0.980683,0.002584,0.003682,0.007540,1.000833,-0.983981,-0.980278,3F80150C,BF7BFE4B,BF7B0E08,3B29555C,3B714FFD,3BF7109E,3F801B4E,BF7BE636,BF7AF37C
3,HLH,2701,21,26,1.000515,-0.984146,-0.980804,0.004481,0.004798,0.005998,1.001019,-0.983704,-0.980556,3F8010E0,BF7BF105,BF7B15FF,3B92D851,3B9D36ED,3BC48E14,3F802160,BF7BD402,BF7B05B0
3,HLH,2701,21,26,1.000458,-0.984164,-0.980790,0.003219,0.001782,0.005640,1.000648,-0.983981,-0.980556,3F800EFE,BF7BF228,BF7B150C,3B52FAA2,3AE99918,3BB8D016,3F80153E,BF7BE636,BF7B05B0
3,HLH,2701,21,26,1.000457,-0.984282,-0.980495,0.003965,0.002455,0.003951,1.000741,-0.984074,-0.980185,3F800EFA,BF7BF9EE,BF7B01B5,3B81F0D4,3B20E7D0,3B817656,3F801846,BF7BEC47,BF7AED6B
3,HLH,2701,21,26,1.000492,-0.984314,-0.980431,0.002802,0.002231,0.004354,1.000648,-0.984167,-0.980093,3F801020,BF7BFC04,BF7AFD89,3B37A7D6,3B123236,3B8EAD01,3F80153E,BF7BF259,BF7AE759
3,HLH,2701,21,27,1.000460,-0.984158,-0.980755,0.002921,0.002797,0.006899,1.000648,-0.983889,-0.980463,3F800F16,BF7BF1C7,BF7B12C6,3B3F765A,3B374D36,3BE20E82,3F80153E,BF7BE024,BF7AFF9F
3,HLH,2700,21,26,1.000492,-0.984146,-0.980741,0.003902,0.005200,0.002588,1.000833,-0.983796,-0.980556,3F801020,BF7BF105,BF7B11D3,3B7FB5CA,3BAA62EF,3B299BFD,3F801B4E,BF7BDA13,BF7B05B0
3,HLH,2700,21,26,1.000443,-0.984123,-0.980723,0.003508,0.003324,0.007098,1.000741,-0.983796,-0.980370,3F800E82,BF7BEF81,BF7B10B0,3B65E62F,3B59D0DF,3BE89629,3F801846,BF7BDA13,BF7AF98D
3,HLH,2701,21,26,1.000529,-0.984349,-0.980503,0.003936,0.002420,0.002310,1.000926,-0.984167,-0.980278,3F801158,BF7BFE4B,BF7B0247,3B80F5BD,3B1E959D,3B17682B,3F801E58,BF7BF259,BF7AF37C
3,HLH,2700,21,25,1.000472,-0.984126,-0.980550,0.002857,0.002584,0.004130,1.000648,-0.983889,-0.980093,3F800F76,BF7BEFB1,BF7B054F,3B3B409B,3B295831,3B8756F1,3F80153E,BF7BE024,BF7AE759
3,HLH,2701,21,26,1.000457,-0.984141,-0.980657,0.003322,0.006553,0.002411,1.000741,-0.983519,-0.980463,3F800EFA,BF7BF0A4,BF7B0C54,3B59B7C9,3BD6BCCF,3B1E0454,3F801846,BF7BC7DF,BF7AFF9F
3,HLH,2701,21,27,1.000460,-0.984277,-0.980642,0.003496,0.003986,0.002890,1.000741,-0.983981,-0.980370,3F800F14,BF7BF98D,BF7B0B61,3B6521F6,3B829B6E,3B3D6481,3F801846,BF7BE636,BF7AF98D
3,HLH,2701,22,26,1.000437,-0.984164,-0.980327,0.003182,0.004859,0.004841,1.000648,-0.983796,-0.980000,3F800E50,BF7BF228,BF7AF6B5,3B508626,3B9F3414,3B9EA349,3F80153E,BF7BDA13,BF7AE148
3,HLH,2701,21,26,1.000515,-0.984256,-0.980625,0.004367,0.002978,0.005729,1.000833,-0.983981,-0.980185,3F8010E0,BF7BF83A,BF7B0A3D,3B8F1C1F,3B432D7D,3BBBB949,3F801B4E,BF7BE636,BF7AED6B
3,HLH,2700,21,26,1.000535,-0.984242,-0.980694,0.004123,0.003944,0.001830,1.000926,-0.983889,-0.980556,3F80118A,BF7BF747,BF7B0ECA,3B87181E,3B81391B,3AEFDD96,3F801E58,BF7BE024,BF7B05B0
3,HLH,2701,21,27,1.000460,-0.984395,-0.980677,0.003590,0.008485,0.002485,1.000741,-0.984074,-0.980556,3F800F14,BF7C0154,BF7B0DA7,3B6B4CCE,3C0B054F,3B22D989,3F801846,BF7BEC47,BF7B05B0
3,HLH,2700,22,26,1.000553,-0.984010,-0.980608,0.004719,0.004386,0.003792,1.000833,-0.983611,-0.980370,3F80121C,BF7BE81B,BF7B091A,3B9AA1E8,3B8FB730,3B78841A,3F801B4E,BF7BCDF0,BF7AF98D
3,HLH,2701,21,27,1.000613,-0.984132,-0.980611,0.002820,0.002223,0.003961,1.000833,-0.983981,-0.980370,3F801418,BF7BF012,BF7B094B,3B38D4A3,3B11A839,3B81CF11,3F801B4E,BF7BE636,BF7AF98D
3,HLH,2701,21,26,1.000480,-0.984291,-0.980524,0.002417,0.008595,0.007357,1.000741,-0.983704,-0.980000,3F800FBE,BF7BFA80,BF7B039A,3B1E663A,3C0CD3E6,3BF1115E,3F801846,BF7BD402,BF7AE148
3,HLH,2701,21,29,1.000443,-0.984280,-0.980142,0.004163,0.006385,0.005610,1.000833,-0.983796,-0.979444,3F800E82,BF7BF9BE,BF7AEA92,3B88693C,3BD13978,3BB7D65C,3F801B4E,BF7BDA13,BF7ABCDF
3,HLH,2701,22,25,1.000521,-0.984256,-0.980466,0.002067,0.002804,0.006083,1.000741,-0.984074,-0.980000,3F801112,BF7BF83A,BF7AFFCF,3B0772E8,3B37CA80,3BC75291,3F801846,BF7BEC47,BF7AE148
3,HLH,2701,22,27,1.000448,-0.984120,-0.980446,0.002531,0.002241,0.003725,1.000648,-0.983889,-0.980278,3F800EB0,BF7BEF50,BF7AFE7C,3B25D9A8,3B12E2EA,3B7422D1,3F80153E,BF7BE024,BF7AF37C
3,HLH,2700,22,27,1.000579,-0.983932,-0.980512,0.002386,0.002834,0.007411,1.000833,-0.983704,-0.980093,3F8012F6,BF7BE2FD,BF7B02D8,3B1C63D7,3B39BCD4,3BF2D535,3F801B4E,BF7BD402,BF7AE759
3,HLH,2701,21,27,1.000426,-0.983984,-0.980405,0.003000,0.002420,0.004398,1.000648,-0.983796,-0.980185,3F800DF2,BF7BE666,BF7AFBD4,3B449348,3B1E95BC,3B901B1B,3F80153E,BF7BDA13,BF7AED6B
3,HLH,2702,21,26,1.000570,-0.983898,-0.980394,0.002901,0.006953,0.003882,1.000741,-0.983426,-0.980093,3F8012AE,BF7BE0B6,BF7AFB12,3B3E2424,3BE3D6DA,3B7E6A1F,3F801846,BF7BC1CD,BF7AE759
3,HLH,2701,21,26,1.000590,-0.984164,-0.980321,0.002506,0.002744,0.005758,1.000833,-0.983981,-0.979907,3F801358,BF7BF228,BF7AF654,3B2441E0,3B33D5ED,3BBCAA13,3F801B4E,BF7BE636,BF7ADB36
3,HLH,2701,21,26,1.000498,-0.984230,-0.980616,0.003363,0.006191,0.005717,1.000741,-0.983889,-0.980278,3F80104E,BF7BF685,BF7B09AC,3B5C6667,3BCADB69,3BBB5966,3F801846,BF7BE024,BF7AF37C
3,HLH,2701,21,27,1.000559,-0.984068,-0.980483,0.003544,0.003421,0.002571,1.000833,-0.983796,-0.980278,3F80124E,BF7BEBE6,BF7B00F3,3B6840B2,3B602C26,3B287ABC,3F801B4E,BF7BDA13,BF7AF37C
3,HLH,2701,22,26,1.000400,-0.984170,-0.980477,0.003770,0.004112,0.005212,1.000741,-0.983889,-0.980185,3F800D1A,BF7BF289,BF7B0092,3B7716C9,3B86BC76,3BAAC81D,3F801846,BF7BE024,BF7AED6B
3,HLH,2701,21,26,1.000507,-0.984268,-0.980605,0.003795,0.005562,0.004841,1.000741,-0.983981,-0.980278,3F80109A,BF7BF8FC,BF7B08EA,3B78AF71,3BB63DB8,3B9EA34E,3F801846,BF7BE636,BF7AF37C
3,HLH,2700,22,26,1.000498,-0.984219,-0.980492,0.004041,0.001999,0.005158,1.000741,-0.984074,-0.980093,3F801050,BF7BF5C2,BF7B0184,3B846D3A,3B030936,3BA90339,3F801846,BF7BEC47,BF7AE759
3,HLH,2700,21,26,1.000576,-0.984132,-0.980550,0.004868,0.005003,0.004554,1.000926,-0.983796,-0.980185,3F8012DE,BF7BF012,BF7B054F,3B9F83AB,3BA3F329,3B953D35,3F801E58,BF7BDA13,BF7AED6B
3,HLH,2702,22,26,1.000530,-0.984199,-0.980582,0.005184,0.006460,0.005086,1.000926,-0.983796,-0.980093,3F80115A,BF7BF46F,BF7B0765,3BA9DF5F,3BD3AE47,3BA6A6FC,3F801E58,BF7BDA13,BF7AE759
3,HLH,2701,21,27,1.000556,-0.984201,-0.980712,0.002456,0.004970,0.003680,1.000741,-0.983796,-0.980463,3F801236,BF7BF49F,BF7B0FEE,3B20F0D2,3BA2D983,3B712C3C,3F801846,BF7BDA13,BF7AFF9F
3,HLH,2701,23,26,1.000489,-0.984349,-0.980535,0.002184,0.005028,0.005808,1.000648,-0.983889,-0.980000,3F801004,BF7BFE4B,BF7B045C,3B0F2943,3BA4C0E2,3BBE5320,3F80153E,BF7BE024,BF7AE148
3,HLH,2700,21,26,1.000538,-0.984204,-0.980856,0.003246,0.003561,0.007456,1.000741,-0.983889,-0.980648,3F8011A4,BF7BF4D0,BF7B1969,3B54B2CD,3B695B8D,3BF4520D,3F801846,BF7BE024,BF7B0BC2
3,HLH,2700,21,27,1.000310,-0.984117,-0.980694,0.003778,0.004407,0.005304,1.000556,-0.983796,-0.980463,3F800A26,BF7BEF1F,BF7B0ECB,3B7795FF,3B9065E9,3BADCC74,3F801234,BF7BDA13,BF7AFF9F
3,HLH,2700,21,26,1.000478,-0.984268,-0.980706,0.004335,0.001863,0.005951,1.000833,-0.984167,-0.980370,3F800FA8,BF7BF8FC,BF7B0F8D,3B8E0ED2,3AF422B2,3BC30158,3F801B4E,BF7BF259,BF7AF98D
3,HLH,2700,22,26,1.000408,-0.984057,-0.980561,0.003514,0.003396,0.002451,1.000648,-0.983796,-0.980370,3F800D60,BF7BEB24,BF7B0612,3B664760,3B5E9002,3B20A081,3F80153E,BF7BDA13,BF7AF98D
3,HLH,2701,22,26,1.000486,-0.984491,-0.980648,0.001830,0.005873,0.001294,1.000648,-0.984167,-0.980556,3F800FEC,BF7C0796,BF7B0BC2,3AEFE1BE,3BC07402,3AA99C56,3F80153E,BF7BF259,BF7B05B0
3,HLH,2701,21,26,1.000550,-0.984271,-0.980573,0.002772,0.003871,0.004028,1.000833,-0.983981,-0.980278,3F801204,BF7BF92C,BF7B06D4,3B35ADAA,3B7DB4EF,3B83FA00,3F801B4E,BF7BE636,BF7AF37C
3,HLH,2700,21,26,1.000501,-0.984199,-0.980645,0.002514,0.003149,0.003727,1.000741,-0.983889,-0.980463,3F801068,BF7BF46F,BF7B0B91,3B24BBD0,3B4E5F1F,3B74464F,3F801846,BF7BE024,BF7AFF9F
3,HLH,2701,21,26,1.000613,-0.984343,-0.980683,0.003103,0.004923,0.005168,1.000833,-0.983981,-0.980278,3F801418,BF7BFDEA,BF7B0E08,3B4B5CF7,3BA14E98,3BA95830,3F801B4E,BF7BE636,BF7AF37C
3,HLH,2700,21,26,1.000556,-0.984155,-0.980822,0.003171,0.009610,0.006718,1.000741,-0.983519,-0.980370,3F801234,BF7BF197,BF7B1722,3B4FD46A,3C1D7263,3BDC202B,3F801846,BF7BC7DF,BF7AF98D
3,HLH,2700,21,26,1.000512,-0.984201,-0.980631,0.002455,0.003649,0.002485,1.000648,-0.983796,-0.980463,3F8010C6,BF7BF49F,BF7B0A9E,3B20E1DA,3B6F1D08,3B22D9A2,3F80153E,BF7BDA13,BF7AFF9F
3,HLH,2701,21,26,1.000715,-0.984459,-0.980677,0.003386,0.004449,0.003680,1.000926,-0.984259,-0.980370,3F80176C,BF7C0580,BF7B0DA7,3B5DEABD,3B91CAE0,3B712C31,3F801E58,BF7BF86A,BF7AF98D
3,HLH,2700,22,27,1.000509,-0.984193,-0.980692,0.002316,0.001759,0.001635,1.000648,-0.984074,-0.980556,3F8010B0,BF7BF40E,BF7B0E9A,3B17C842,3AE67F8D,3AD654F5,3F80153E,BF7BEC47,BF7B05B0
3,HLH,2701,21,26,1.000443,-0.984219,-0.980590,0.003312,0.004405,0.005780,1.000648,-0.983889,-0.980185,3F800E84,BF7BF5C3,BF7B07F7,3B5908A1,3B9056F6,3BBD6474,3F80153E,BF7BE024,BF7AED6B
3,HLH,2701,21,26,1.000518,-0.984262,-0.980718,0.004589,0.004030,0.001418,1.000833,-0.983981,-0.980648,3F8010FA,BF7BF89B,BF7B104F,3B965B7B,3B840A52,3AB9CC1E,3F801B4E,BF7BE636,BF7B0BC2
3,HLH,2700,22,26,1.000579,-0.984256,-0.980498,0.004252,0.003860,0.004473,1.001019,-0.983981,-0.980093,3F8012F8,BF7BF83A,BF7B01E5,3B8B5791,3B7CF3D9,3B929482,3F802160,BF7BE636,BF7AE759
3,HLH,2700,21,26,1.000512,-0.984094,-0.980749,0.002086,0.006865,0.002856,1.000648,-0.983796,-0.980463,3F8010C8,BF7BED9B,BF7B1265,3B08B7C6,3BE0F5E2,3B3B2F1C,3F80153E,BF7BDA13,BF7AFF9F
3,HLH,2701,21,32,1.000521,-0.984308,-0.980512,0.003915,0.002240,0.004701,1.000833,-0.984167,-0.980000,3F801112,BF7BFBA3,BF7B02D8,3B8046A6,3B12CF3D,3B9A0997,3F801B4E,BF7BF259,BF7AE148
3,HLH,2701,21,25,1.000654,-0.984320,-0.980570,0.003321,0.001099,0.005212,1.000833,-0.984259,-0.980000,3F80156A,BF7BFC66,BF7B06A3,3B59A944,3A901AF3,3BAAC82C,3F801B4E,BF7BF86A,BF7AE148
3,HLH,2701,21,25,1.000567,-0.984303,-0.980639,0.002994,0.002950,0.002675,1.000741,-0.984074,-0.980463,3F801294,BF7BFB42,BF7B0B30,3B443290,3B41538A,3B2F4789,3F801846,BF7BEC47,BF7AFF9F
3,HLH,2701,21,26,1.000451,-0.984323,-0.980692,0.002439,0.005254,0.002774,1.000648,-0.983981,-0.980463,3F800ECA,BF7BFC96,BF7B0E9A,3B1FD3CA,3BAC2C9E,3B35D319,3F80153E,BF7BE636,BF7AFF9F
3,HLH,2701,22,27,1.000437,-0.984172,-0.980637,0.003287,0.004211,0.003261,1.000648,-0.983796,-0.980463,3F800E52,BF7BF2BA,BF7B0B00,3B57632B,3B89F88E,3B55B3B1,3F80153E,BF7BDA13,BF7AFF9F
3,HLH,2701,21,26,1.000582,-0.984167,-0.980775,0.002539,0.003750,0.005603,1.000741,-0.983796,-0.980278,3F80130E,BF7BF259,BF7B141A,3B26647A,3B75C9A7,3BB79BA5,3F801846,BF7BDA13,BF7AF37C
3,HLH,2701,21,23,1.000448,-0.984332,-0.980778,0.004336,0.003411,0.005139,1.000741,-0.984074,-0.980278,3F800EB0,BF7BFD28,BF7B144A,3B8E13A1,3B5F84F9,3BA86576,3F801846,BF7BEC47,BF7AF37C
3,HLH,2701,21,26,1.000616,-0.984117,-0.980657,0.003254,0.004212,0.003722,1.000741,-0.983704,-0.980463,3F801432,BF7BEF1F,BF7B0C53,3B5544C6,3B8A082D,3B73E806,3F801846,BF7BD402,BF7AFF9F
3,HLH,2700,21,26,1.000466,-0.984311,-0.980856,0.004349,0.001914,0.005816,1.000833,-0.984167,-0.980463,3F800F46,BF7BFBD4,BF7B1969,3B8E835B,3AFADB19,3BBE9358,3F801B4E,BF7BF259,BF7AFF9F
3,HLH,2702,22,27,1.000613,-0.984199,-0.980700,0.003784,0.003865,0.006123,1.000833,-0.983889,-0.980278,3F801418,BF7BF46F,BF7B0F2C,3B78035C,3B7D4ECA,3BC8A109,3F801B4E,BF7BE024,BF7AF37C
3,HLH,2700,22,26,1.000605,-0.984245,-0.980680,0.003751,0.004487,0.006664,1.000926,-0.983981,-0.980278,3F8013D2,BF7BF778,BF7B0DD8,3B75CD00,3B930523,3BDA5EB9,3F801E58,BF7BE636,BF7AF37C
3,HLH,2701,21,27,1.000518,-0.984389,-0.980897,0.003655,0.003561,0.003901,1.000741,-0.984167,-0.980648,3F8010FA,BF7C00F3,BF7B1C11,3B6F8454,3B695BA9,3B7FA5F8,3F801846,BF7BF259,BF7B0BC2
3,HLH,2701,21,26,1.000515,-0.984233,-0.980576,0.004555,0.003435,0.002221,1.000833,-0.983981,-0.980463,3F8010E2,BF7BF6B5,BF7B0704,3B95431A,3B611F6F,3B1194A7,3F801B4E,BF7BE636,BF7AFF9F
3,HLH,2700,21,26,1.000608,-0.984199,-0.980602,0.004405,0.004579,0.006260,1.001019,-0.983796,-0.980185,3F8013EC,BF7BF46F,BF7B08B9,3B905B19,3B960BDD,3BCD1D9C,3F802160,BF7BDA13,BF7AED6B
3,HLH,2700,21,26,1.000399,-0.984329,-0.980518,0.005503,0.005367,0.007225,1.000833,-0.983981,-0.980000,3F800D16,BF7BFCF7,BF7B0339,3BB45635,3BAFDAF5,3BECBD94,3F801B4E,BF7BE636,BF7AE148
3,HLH,2701,21,26,1.000515,-0.984447,-0.980709,0.003422,0.005474,0.004999,1.000741,-0.984167,-0.980370,3F8010E0,BF7C04BE,BF7B0FBD,3B603F8F,3BB361EF,3BA3CBBA,3F801846,BF7BF259,BF7AF98D
3,HLH,2700,21,25,1.000639,-0.984404,-0.980593,0.004188,0.004518,0.006492,1.000833,-0.984167,-0.980093,3F8014F2,BF7C01E5,BF7B0827,3B8938BE,3B940796,3BD4BD74,3F801B4E,BF7BF259,BF7AE759
3,HLH,2700,21,26,1.000645,-0.984288,-0.980709,0.005506,0.001578,0.003095,1.000926,-0.984167,-0.980463,3F801520,BF7BFA50,BF7B0FBD,3BB46880,3ACEDC42,3B4ADB67,3F801E58,BF7BF259,BF7AFF9F
3,HLH,2700,21,27,1.000547,-0.984262,-0.980755,0.003442,0.003816,0.003755,1.000741,-0.983981,-0.980556,3F8011EE,BF7BF89B,BF7B12C6,3B619220,3B7A17DB,3B761B96,3F801846,BF7BE636,BF7B05B0
3,HLH,2701,21,26,1.000501,-0.984329,-0.980535,0.004248,0.001531,0.006411,1.000833,-0.984259,-0.980093,3F801068,BF7BFCF7,BF7B045D,3B8B30AA,3AC8AF4D,3BD21519,3F801B4E,BF7BF86A,BF7AE759
3,HLH,2700,21,27,1.000506,-0.984378,-0.980590,0.002241,0.003761,0.003957,1.000648,-0.984074,-0.980278,3F801096,BF7C0030,BF7B07F7,3B12E1DE,3B76790C,3B81A841,3F80153E,BF7BEC47,BF7AF37C
3,HLH,2701,21,26,1.000521,-0.984303,-0.980741,0.004437,0.002587,0.002165,1.000741,-0.984167,-0.980556,3F801110,BF7BFB42,BF7B11D3,3B916025,3B298B13,3B0DE7DB,3F801846,BF7BF259,BF7B05B0
3,HLH,2701,21,26,1.000611,-0.984311,-0.980622,0.002377,0.003703,0.003484,1.000833,-0.984074,-0.980370,3F801402,BF7BFBD4,BF7B0A0D,3B1BBF48,3B72A8A8,3B644B8E,3F801B4E,BF7BEC47,BF7AF98D
3,HLH,2701,22,26,1.000587,-0.984251,-0.980868,0.003550,0.004383,0.006963,1.000741,-0.983981,-0.980556,3F801340,BF7BF7D8,BF7B1A2B,3B68AD3C,3B8F9E20,3BE425B4,3F801846,BF7BE636,BF7B05B0
3,HLH,2701,21,26,1.000486,-0.984201,-0.980744,0.003375,0.005037,0.002202,1.000741,-0.983796,-0.980556,3F800FF0,BF7BF49F,BF7B1204,3B5D3468,3BA50AFC,3B1056D7,3F801846,BF7BDA13,BF7B05B0
3,HLH,2701,21,26,1.000497,-0.984280,-0.980715,0.002572,0.003998,0.001191,1.000833,-0.983889,-0.980556,3F80104C,BF7BF9BE,BF7B101E,3B288C6F,3B8303DA,3A9C15AC,3F801B4E,BF7BE024,BF7B05B0
3,HLH,2701,21,26,1.000552,-0.984285,-0.980642,0.005288,0.003435,0.004699,1.000926,-0.983889,-0.980278,3F80121A,BF7BFA1F,BF7B0B61,3BAD44DF,3B611F5E,3B99FB8C,3F801E58,BF7BE024,BF7AF37C
3,HLH,2701,21,26,1.000454,-0.984300,-0.980804,0.005440,0.001914,0.003944,1.000833,-0.984167,-0.980648,3F800EE4,BF7BFB12,BF7B15FF,3BB23FF6,3AFADAFF,3B813919,3F801B4E,BF7BF259,BF7B0BC2
3,HLH,2702,21,26,1.000582,-0.984439,-0.980828,0.002849,0.004443,0.006622,1.000926,-0.984167,-0.980278,3F80130E,BF7C042C,BF7B1784,3B3AB6E5,3B91947F,3BD8FD35,3F801E58,BF7BF259,BF7AF37C
3,HLH,2701,22,26,1.000622,-0.984375,-0.980799,0.002789,0.002835,0.002368,1.000833,-0.984167,-0.980648,3F801464,BF7C0000,BF7B159E,3B36CED3,3B39CC65,3B1B37E6,3F801B4E,BF7BF259,BF7B0BC2
3,HLH,2700,21,26,1.000607,-0.984392,-0.980712,0.001915,0.002237,0.003396,1.000741,-0.984259,-0.980556,3F8013E8,BF7C0123,BF7B0FEE,3AFAF623,3B12948C,3B5E900F,3F801846,BF7BF86A,BF7B05B0
3,HLH,2700,21,26,1.000512,-0.984395,-0.980738,0.002715,0.002713,0.002420,1.000741,-0.984167,-0.980556,3F8010C8,BF7C0154,BF7B11A3,3B31E65E,3B31D340,3B1E95B0,3F801846,BF7BF259,BF7B05B0
3,HLH,2701,21,26,1.000376,-0.984444,-0.980911,0.003421,0.007274,0.006473,1.000648,-0.984074,-0.980556,3F800C54,BF7C048D,BF7B1D03,3B602DFB,3BEE5C53,3BD41AF2,3F80153E,BF7BEC47,BF7B05B0
3,HLH,2701,21,26,1.000529,-0.984470,-0.980671,0.002729,0.003075,0.002588,1.000741,-0.984167,-0.980463,3F801158,BF7C0642,BF7B0D46,3B32DF74,3B4985F8,3B299C19,3F801846,BF7BF259,BF7AFF9F
3,HLH,2702,21,26,1.000504,-0.984323,-0.980590,0.003005,0.002274,0.005513,1.000741,-0.984167,-0.980185,3F801080,BF7BFC96,BF7B07F7,3B44F1A1,3B150355,3BB4A57C,3F801846,BF7BF259,BF7AED6B
3,HLH,2702,21,26,1.000480,-0.984366,-0.980804,0.007285,0.002323,0.007145,1.000926,-0.984167,-0.980370,3F800FBE,BF7BFF6E,BF7B15FF,3BEEB93A,3B1838A3,3BEA209C,3F801E58,BF7BF259,BF7AF98D
3,HLH,2701,21,26,1.000570,-0.984193,-0.980579,0.003229,0.006212,0.006042,1.000833,-0.983796,-0.980185,3F8012AC,BF7BF40E,BF7B0735,3B539705,3BCB8FE9,3BC5FAA0,3F801B4E,BF7BDA13,BF7AED6B
3,HLH,2700,21,26,1.000486,-0.984149,-0.980744,0.004253,0.004681,0.007945,1.000741,-0.983796,-0.980185,3F800FEE,BF7BF135,BF7B1204,3B8B5F34,3B9965CF,3C022BC5,3F801846,BF7BDA13,BF7AED6B
3,HLH,2701,22,26,1.000347,-0.984251,-0.980747,0.003274,0.002268,0.002710,1.000556,-0.984074,-0.980556,3F800B62,BF7BF7D9,BF7B1234,3B568C03,3B14A285,3B31A292,3F801234,BF7BEC47,BF7B05B0
3,HLH,2701,21,26,1.000440,-0.984401,-0.980888,0.002456,0.003116,0.008403,1.000648,-0.984167,-0.980370,3F800E6A,BF7C01B5,BF7B1B7F,3B20F8E2,3B4C2EBF,3C09AE40,3F80153E,BF7BF259,BF7AF98D
3,HLH,2700,21,26,1.000446,-0.984213,-0.980877,0.005223,0.003472,0.008102,1.000833,-0.983981,-0.980185,3F800E9A,BF7BF561,BF7B1ABD,3BAB24F5,3B638E0F,3C04BC48,3F801B4E,BF7BE636,BF7AED6B
3,HLH,2701,21,26,1.000443,-0.984508,-0.980767,0.002222,0.005286,0.004918,1.000648,-0.984259,-0.980370,3F800E80,BF7C08B9,BF7B1388,3B11A341,3BAD373F,3BA12AF2,3F80153E,BF7BF86A,BF7AF98D
3,HLH,2700,21,26,1.000468,-0.984329,-0.980668,0.002891,0.002835,0.005232,1.000741,-0.984074,-0.980278,3F800F5A,BF7BFCF7,BF7B0D16,3B3D79C8,3B39CC44,3BAB7034,3F801846,BF7BEC47,BF7AF37C
3,HLH,2701,21,26,1.000520,-0.984143,-0.980538,0.004511,0.003472,0.003086,1.000833,-0.983981,-0.980278,3F80110E,BF7BF0D4,BF7B048D,3B93D0F7,3B638E28,3B4A3F3A,3F801B4E,BF7BE636,BF7AF37C
3,HLH,2701,22,26,1.000544,-0.984511,-0.980613,0.003958,0.003892,0.006145,1.000926,-0.984167,-0.980185,3F8011D4,BF7C08EA,BF7B097B,3B81B109,3B7F13A9,3BC95B22,3F801E58,BF7BF259,BF7AED6B
3,HLH,2701,21,26,1.000469,-0.984242,-0.980778,0.003114,0.003031,0.003055,1.000648,-0.984074,-0.980463,3F800F5C,BF7BF747,BF7B144A,3B4C138B,3B46A894,3B482E0D,3F80153E,BF7BEC47,BF7AFF9F
3,HLH,2701,21,26,1.000422,-0.984404,-0.980625,0.002648,0.002648,0.007343,1.000556,-0.984167,-0.980000,3F800DD8,BF7C01E5,BF7B0A3D,3B2D8970,3B2D8A21,3BF09CE5,3F801234,BF7BF259,BF7AE148
3,HLH,2701,21,26,1.000460,-0.984358,-0.980816,0.003448,0.002382,0.009811,1.000648,-0.984167,-0.980370,3F800F14,BF7BFEDD,BF7B16C1,3B61FA82,3B1C15B5,3C20BFB3,3F80153E,BF7BF259,BF7AF98D
3,HLH,2700,21,26,1.000506,-0.984381,-0.980715,0.003614,0.005503,0.001445,1.000833,-0.984074,-0.980556,3F801096,BF7C0061,BF7B101E,3B6CD436,3BB455D2,3ABD6479,3F801B4E,BF7BEC47,BF7B05B0
3,HLH,2701,21,27,1.000423,-0.984320,-0.980668,0.003748,0.002812,0.002571,1.000648,-0.984074,-0.980556,3F800DDA,BF7BFC66,BF7B0D16,3B75A95E,3B38479D,3B287ACE,3F80153E,BF7BEC47,BF7B05B0
3,HLH,2701,21,26,1.000683,-0.984346,-0.980697,0.003461,0.002237,0.004330,1.000926,-0.984167,-0.980370,3F80165E,BF7BFE1A,BF7B0EFB,3B62CB1D,3B12947B,3B8DE2C9,3F801E58,BF7BF259,BF7AF98D
3,HLH,2702,22,26,1.000570,-0.984158,-0.980683,0.005308,0.003811,0.003556,1.001019,-0.983889,-0.980463,3F8012AC,BF7BF1C7,BF7B0E08,3BADEFC8,3B79BBCD,3B690546,3F802160,BF7BE024,BF7AFF9F
3,HLH,2701,22,26,1.000637,-0.984294,-0.980917,0.003312,0.002223,0.006880,1.000926,-0.984167,-0.980556,3F8014DC,BF7BFAB1,BF7B1D64,3B590994,3B11A827,3BE175A6,3F801E58,BF7BF259,BF7B05B0
3,HLH,2701,21,25,1.000550,-0.984384,-0.980596,0.003880,0.003095,0.002890,1.000741,-0.984074,-0.980463,3F801204,BF7C0092,BF7B0858,3B7E464F,3B4ADB60,3B3D648F,3F801846,BF7BEC47,BF7AFF9F
3,HLH,2701,21,26,1.000634,-0.984424,-0.980842,0.003973,0.003555,0.005090,1.000926,-0.984074,-0.980370,3F8014C6,BF7C0339,BF7B1876,3B82301D,3B68F8F8,3BA6C97F,3F801E58,BF7BEC47,BF7AF98D
3,HLH,2701,21,26,1.000463,-0.984430,-0.980694,0.002242,0.001747,0.002588,1.000648,-0.984352,-0.980370,3F800F2A,BF7C039A,BF7B0ECB,3B12F3A8,3AE4EF66,3B299C1E,3F80153E,BF7BFE7C,BF7AF98D
3,HLH,2701,20,26,1.000486,-0.984392,-0.980694,0.002716,0.005488,0.002588,1.000741,-0.984074,-0.980556,3F800FEE,BF7C0123,BF7B0ECA,3B31FDAA,3BB3D608,3B299C29,3F801846,BF7BEC47,BF7B05B0
3,HLH,2701,21,26,1.000590,-0.984505,-0.980726,0.003412,0.003688,0.002900,1.000926,-0.984259,-0.980556,3F801358,BF7C0888,BF7B10E0,3B5F9410,3B71AF6E,3B3E0B48,3F801E58,BF7BF86A,BF7B05B0
3,HLH,2702,21,26,1.000477,-0.984306,-0.980596,0.004097,0.001637,0.005174,1.000741,-0.984167,-0.980185,3F800FA4,BF7BFB73,BF7B0858,3B864372,3AD68A5D,3BA98B27,3F801846,BF7BF259,BF7AED6B
3,HLH,2701,22,26,1.000564,-0.984256,-0.980715,0.004267,0.003590,0.007394,1.000833,-0.983981,-0.980278,3F801278,BF7BF83A,BF7B101E,3B8BD1D5,3B6B46AF,3BF246DF,3F801B4E,BF7BE636,BF7AF37C
3,HLH,2701,21,26,1.000498,-0.984349,-0.980706,0.006146,0.001782,0.004282,1.000926,-0.984259,-0.980463,3F80104E,BF7BFE4B,BF7B0F8D,3BC96324,3AE99941,3B8C503D,3F801E58,BF7BF86A,BF7AFF9F
3,HLH,2701,21,26,1.000558,-0.984387,-0.980790,0.003299,0.001897,0.003374,1.000833,-0.984259,-0.980556,3F80124C,BF7C00C2,BF7B150C,3B583218,3AF8B281,3B5D17D9,3F801B4E,BF7BF86A,BF7B05B0
3,HLH,2700,21,26,1.000512,-0.984421,-0.980851,0.002835,0.002523,0.002741,1.000741,-0.984259,-0.980648,3F8010C8,BF7C0309,BF7B1908,3B39CDE6,3B2550C6,3B33A5FB,3F801846,BF7BF86A,BF7B0BC2
3,HLH,2701,21,26,1.000614,-0.984372,-0.980642,0.002699,0.002437,0.006520,1.000833,-0.984167,-0.980185,3F80141C,BF7BFFCF,BF7B0B61,3B30E0CA,3B1FB6ED,3BD5A61B,3F801B4E,BF7BF259,BF7AED6B
3,HLH,2702,21,26,1.000541,-0.984404,-0.980721,0.003756,0.001824,0.002698,1.000833,-0.984259,-0.980370,3F8011BA,BF7C01E5,BF7B1080,3B76297D,3AEF1D4B,3B30CF96,3F801B4E,BF7BF86A,BF7AF98D
3,HLH,2701,21,26,1.000578,-0.984320,-0.980686,0.003706,0.003404,0.006466,1.000833,-0.984074,-0.980370,3F8012F4,BF7BFC66,BF7B0E39,3B72E346,3B5F1DED,3BD3E4A6,3F801B4E,BF7BEC47,BF7AF98D
3,HLH,2701,20,26,1.000640,-0.984352,-0.980654,0.005024,0.001418,0.003469,1.001019,-0.984259,-0.980463,3F8014F6,BF7BFE7C,BF7B0C23,3BA4A31B,3AB9CC5A,3B635BB5,3F802160,BF7BF86A,BF7AFF9F
3,HLH,2701,21,26,1.000454,-0.984433,-0.980651,0.002798,0.002146,0.003349,1.000648,-0.984259,-0.980370,3F800EE0,BF7C03CB,BF7B0BF2,3B37625A,3B0CA22F,3B5B7601,3F80153E,BF7BF86A,BF7AF98D
3,HLH,2701,21,26,1.000573,-0.984450,-0.980613,0.003815,0.004735,0.002636,1.000741,-0.984259,-0.980463,3F8012C6,BF7C04EE,BF7B097B,3B7A0792,3B9B257A,3B2CC2E1,3F801846,BF7BF86A,BF7AFF9F
3,HLH,2701,22,26,1.000498,-0.984413,-0.980498,0.002700,0.002212,0.006841,1.000741,-0.984259,-0.979815,3F801050,BF7C0277,BF7B01E6,3B30F2CF,3B10F627,3BE02C23,3F801846,BF7BF86A,BF7AD525
3,HLH,2701,21,26,1.000405,-0.984326,-0.980729,0.003784,0.004416,0.002146,1.000648,-0.983981,-0.980556,3F800D46,BF7BFCC7,BF7B1111,3B77FE46,3B90B586,3B0CA1FA,3F80153E,BF7BE636,BF7B05B0
3,HLH,2701,23,26,1.000481,-0.984468,-0.980564,0.003087,0.003274,0.009175,1.000648,-0.984074,-0.980093,3F800FC0,BF7C0611,BF7B0642,3B4A48C6,3B568A9C,3C165288,3F80153E,BF7BEC47,BF7AE759
3,HLH,2701,21,26,1.000567,-0.984230,-0.980804,0.002994,0.002679,0.002199,1.000833,-0.983981,-0.980648,3F801298,BF7BF685,BF7B15FF,3B443A35,3B2F994F,3B101B11,3F801B4E,BF7BE636,BF7B0BC2
3,HLH,2701,21,26,1.000582,-0.984580,-0.980718,0.002403,0.006944,0.004407,1.000741,-0.984167,-0.980278,3F80130E,BF7C0D77,BF7B104F,3B1D781B,3BE38B18,3B906AE2,3F801846,BF7BF259,BF7AF37C
3,HLH,2701,21,26,1.000335,-0.984381,-0.980579,0.002937,0.003944,0.004253,1.000556,-0.984074,-0.980185,3F800AFE,BF7C0061,BF7B0735,3B407722,3B81391B,3B8B5944,3F801234,BF7BEC47,BF7AED6B
3,HLH,2700,21,25,1.000466,-0.984352,-0.980819,0.005413,0.003116,0.007345,1.000833,-0.984167,-0.980556,3F800F46,BF7BFE7C,BF7B16F2,3BB15D2D,3B4C3CC1,3BF0B1D9,3F801B4E,BF7BF259,BF7B05B0
3,HLH,2701,22,26,1.000596,-0.984369,-0.980961,0.004171,0.002551,0.005200,1.001019,-0.984074,-0.980648,3F801388,BF7BFF9F,BF7B203D,3B88AD86,3B273524,3BAA6724,3F802160,BF7BEC47,BF7B0BC2
3,HLH,2700,21,26,1.000541,-0.984343,-0.980767,0.005016,0.004643,0.001191,1.000926,-0.984167,-0.980648,3F8011BA,BF7BFDEA,BF7B1388,3BA45AA4,3B98210F,3A9C1584,3F801E58,BF7BF259,BF7B0BC2
3,HLH,2701,21,26,1.000561,-0.984395,-0.980706,0.005728,0.006896,0.004243,1.000926,-0.983981,-0.980370,3F801266,BF7C0154,BF7B0F8D,3BBBB1FB,3BE1F517,3B8B0690,3F801E58,BF7BE636,BF7AF98D
3,HLH,2700,21,27,1.000590,-0.984334,-0.980741,0.004163,0.001349,0.003062,1.001019,-0.984259,-0.980556,3F801356,BF7BFD58,BF7B11D3,3B886801,3AB0DFD5,3B48AF48,3F802160,BF7BF86A,BF7B05B0
3,HLH,2701,21,26,1.000561,-0.984268,-0.980553,0.005175,0.003136,0.002350,1.000926,-0.984074,-0.980463,3F801266,BF7BF8FC,BF7B0580,3BA98FD3,3B4D7F92,3B19FBBA,3F801E58,BF7BEC47,BF7AFF9F
3,HLH,2700,21,26,1.000556,-0.984277,-0.980625,0.005305,0.003031,0.003424,1.001019,-0.984074,-0.980370,3F801234,BF7BF98D,BF7B0A3D,3BADD208,3B46A88C,3B605F71,3F802160,BF7BEC47,BF7AF98D
3,HLH,2701,21,26,1.000573,-0.984242,-0.980799,0.004892,0.002861,0.004282,1.000833,-0.984074,-0.980556,3F8012C4,BF7BF747,BF7B159E,3BA04A35,3B3B7BC5,3B8C5028,3F801B4E,BF7BEC47,BF7B05B0
3,HLH,2701,21,26,1.000553,-0.984352,-0.980683,0.002490,0.001002,0.003312,1.000648,-0.984259,-0.980463,3F80121E,BF7BFE7C,BF7B0E08,3B23289C,3A836114,3B590A92,3F80153E,BF7BF86A,BF7AFF9F
3,HLH,2701,22,26,1.000434,-0.984424,-0.980715,0.003347,0.002145,0.004142,1.000648,-0.984259,-0.980370,3F800E3A,BF7C0339,BF7B101E,3B5B59B0,3B0C8DB5,3B87BBC4,3F80153E,BF7BF86A,BF7AF98D
3,HLH,2701,21,26,1.000489,-0.984248,-0.980752,0.004183,0.003049,0.003312,1.000741,-0.983981,-0.980556,3F801006,BF7BF7A8,BF7B1295,3B891517,3B47C972,3B590A8B,3F801846,BF7BE636,BF7B05B0
3,HLH,2701,21,26,1.000665,-0.984265,-0.980718,0.001778,0.002160,0.005641,1.000741,-0.984074,-0.980185,3F8015CE,BF7BF8CB,BF7B104F,3AE9118F,3B0D9691,3BB8D3F9,3F801846,BF7BEC47,BF7AED6B
3,HLH,2700,21,25,1.000524,-0.984337,-0.980648,0.003150,0.002782,0.005930,1.000833,-0.984167,-0.980093,3F801128,BF7BFD89,BF7B0BC2,3B4E69D6,3B365167,3BC24FFC,3F801B4E,BF7BF259,BF7AE759
3,HLH,2701,21,26,1.000434,-0.984485,-0.980729,0.001470,0.003270,0.002146,1.000556,-0.984259,-0.980463,3F800E36,BF7C0735,BF7B1111,3AC09EF1,3B5654F9,3B0CA201,3F801234,BF7BF86A,BF7AFF9F
3,HLH,2700,21,26,1.000431,-0.984387,-0.980622,0.003643,0.002368,0.004918,1.000833,-0.984259,-0.980185,3F800E20,BF7C00C2,BF7B0A0D,3B6EBA82,3B1B3808,3BA12AE9,3F801B4E,BF7BF86A,BF7AED6B
3,HLH,2700,21,26,1.000541,-0.984404,-0.980755,0.002843,0.001410,0.004524,1.000741,-0.984259,-0.980463,3F8011BA,BF7C01E5,BF7B12C6,3B3A50E0,3AB8D427,3B943CFE,3F801846,BF7BF86A,BF7AFF9F
3,HLH,2702,21,26,1.000599,-0.984453,-0.980697,0.002314,0.003811,0.002454,1.000833,-0.984074,-0.980556,3F8013A0,BF7C051F,BF7B0EFB,3B17A749,3B79BBDB,3B20D610,3F801B4E,BF7BEC47,BF7B05B0
3,HLH,2700,21,24,1.000510,-0.984401,-0.980764,0.002715,0.003006,0.002652,1.000648,-0.984167,-0.980556,3F8010B2,BF7C01B5,BF7B1358,3B31F11E,3B45030F,3B2DCC40,3F80153E,BF7BF259,BF7B05B0
3,HLH,2701,21,26,1.000405,-0.984280,-0.980683,0.004868,0.002505,0.004657,1.000741,-0.984074,-0.980370,3F800D46,BF7BF9BE,BF7B0E08,3B9F85D1,3B2427B9,3B9896FB,3F801846,BF7BEC47,BF7AF98D
3,HLH,2701,21,26,1.000553,-0.984262,-0.980761,0.003090,0.003142,0.005894,1.000833,-0.983981,-0.980185,3F80121C,BF7BF89B,BF7B1327,3B4A7965,3B4DEF7F,3BC12348,3F801B4E,BF7BE636,BF7AED6B
3,HLH,2700,21,26,1.000541,-0.984378,-0.980799,0.005181,0.004301,0.004548,1.000926,-0.984167,-0.980556,3F8011BA,BF7C0030,BF7B159E,3BA9C236,3B8CEEB2,3B950367,3F801E58,BF7BF259,BF7B05B0
3,HLH,2702,21,26,1.000434,-0.984517,-0.980816,0.001579,0.005808,0.007443,1.000556,-0.984074,-0.980370,3F800E36,BF7C094B,BF7B16C1,3ACF0428,3BBE531D,3BF3E818,3F801234,BF7BEC47,BF7AF98D
3,HLH,2700,21,26,1.000474,-0.984439,-0.980790,0.003649,0.004090,0.004050,1.000741,-0.984259,-0.980463,3F800F8C,BF7C042C,BF7B150D,3B6F2C4F,3B860139,3B84B835,3F801846,BF7BF86A,BF7AFF9F
3,HLH,2701,21,26,1.000572,-0.984363,-0.980639,0.003347,0.002223,0.007793,1.000833,-0.984167,-0.980185,3F8012C2,BF7BFF3E,BF7B0B30,3B5B5CB6,3B11A84B,3BFF5FB1,3F801B4E,BF7BF259,BF7AED6B
3,HLH,2701,21,26,1.000460,-0.984416,-0.980385,0.003089,0.002679,0.010289,1.000648,-0.984167,-0.979630,3F800F16,BF7C02A8,BF7AFA80,3B4A7172,3B2F997E,3C289362,3F80153E,BF7BF259,BF7AC902
3,HLH,2700,21,27,1.000657,-0.984395,-0.980825,0.005681,0.002164,0.005024,1.001111,-0.984259,-0.980463,3F801586,BF7C0154,BF7B1753,3BBA25AB,3B0DD3B1,3BA49DEF,3F802468,BF7BF86A,BF7AFF9F
3,HLH,2700,21,26,1.000553,-0.984236,-0.980744,0.002489,0.003062,0.005714,1.000648,-0.983981,-0.980370,3F80121E,BF7BF6E6,BF7B1204,3B231FB9,3B48AF47,3BBB3AAC,3F80153E,BF7BE636,BF7AF98D
3,HLH,2701,21,26,1.000347,-0.984222,-0.980709,0.002241,0.003833,0.004897,1.000556,-0.983981,-0.980463,3F800B62,BF7BF5F3,BF7B0FBD,3B12E2B9,3B7B2B5E,3BA07800,3F801234,BF7BE636,BF7AFF9F
3,HLH,2700,21,26,1.000454,-0.984407,-0.980616,0.002341,0.001907,0.005131,1.000648,-0.984167,-0.980278,3F800EE2,BF7C0216,BF7B09AC,3B196FE5,3AF9F594,3BA82119,3F80153E,BF7BF259,BF7AF37C
3,HLH,2700,21,27,1.000457,-0.984248,-0.980608,0.003612,0.003261,0.003657,1.000648,-0.983981,-0.980370,3F800EFA,BF7BF7A8,BF7B091A,3B6CB171,3B55B37E,3B6FAD56,3F80153E,BF7BE636,BF7AF98D
3,HLH,2701,21,26,1.000579,-0.984413,-0.980637,0.003839,0.002286,0.002223,1.000833,-0.984352,-0.980463,3F8012F8,BF7C0277,BF7B0B00,3B7B9538,3B15D73E,3B11A861,3F801B4E,BF7BFE7C,BF7AFF9F
3,HLH,2701,21,26,1.000396,-0.984418,-0.980804,0.002259,0.002849,0.002919,1.000556,-0.984259,-0.980556,3F800CFE,BF7C02D8,BF7B15FF,3B140B62,3B3AB41A,3B3F4810,3F801234,BF7BF86A,BF7B05B0
3,HLH,2699,22,25,1.000359,-0.984308,-0.980744,0.005104,0.004172,0.002921,1.000648,-0.983889,-0.980556,3F800BC2,BF7BFBA3,BF7B1204,3BA73D47,3B88B919,3B3F7529,3F80153E,BF7BE024,BF7B05B0
3,HLH,2701,21,27,1.000454,-0.984332,-0.980712,0.002547,0.001386,0.004028,1.000648,-0.984259,-0.980463,3F800EE4,BF7BFD28,BF7B0FEE,3B26F0A2,3AB5A381,3B83FA0B,3F80153E,BF7BF86A,BF7AFF9F
3,HLH,2701,21,26,1.000645,-0.984387,-0.980877,0.002804,0.002297,0.007365,1.000833,-0.984259,-0.980463,3F801524,BF7C00C2,BF7B1ABD,3B37C4DF,3B168394,3BF15900,3F801B4E,BF7BF86A,BF7AFF9F
3,HLH,2700,21,26,1.000489,-0.984251,-0.980616,0.002966,0.005592,0.003305,1.000741,-0.983889,-0.980370,3F801006,BF7BF7D9,BF7B09AC,3B425F92,3BB739A6,3B589318,3F801846,BF7BE024,BF7AF98D
3,HLH,2701,21,26,1.000492,-0.984288,-0.980946,0.002200,0.002121,0.007360,1.000648,-0.984074,-0.980556,3F80101E,BF7BFA50,BF7B1F4A,3B102E7D,3B0B0675,3BF12948,3F80153E,BF7BEC47,BF7B05B0
3,HLH,2701,23,26,1.000454,-0.984442,-0.980833,0.003027,0.003247,0.002241,1.000648,-0.984074,-0.980648,3F800EE2,BF7C045C,BF7B17E5,3B46666D,3B54CE59,3B12E2C9,3F80153E,BF7BEC47,BF7B0BC2
3,HLH,2701,22,26,1.000423,-0.984334,-0.980787,0.003060,0.003140,0.006206,1.000648,-0.983981,-0.980463,3F800DDA,BF7BFD58,BF7B14DC,3B488348,3B4DC59A,3BCB5AEB,3F80153E,BF7BE636,BF7AFF9F
3,HLH,2700,21,26,1.000451,-0.984297,-0.980842,0.004657,0.002706,0.007663,1.000648,-0.984167,-0.980370,3F800ECA,BF7BFAE1,BF7B1876,3B989CD2,3B31518E,3BFB1D30,3F80153E,BF7BF259,BF7AF98D
3,HLH,2700,21,26,1.000411,-0.984245,-0.980883,0.003748,0.001747,0.007111,1.000648,-0.984167,-0.980648,3F800D78,BF7BF777,BF7B1B1E,3B759C84,3AE4EED0,3BE9023C,3F80153E,BF7BF259,BF7B0BC2
3,HLH,2701,21,26,1.000477,-0.984517,-0.980628,0.002842,0.004473,0.003739,1.000741,-0.984259,-0.980370,3F800FA4,BF7C094B,BF7B0A6E,3B3A3EA6,3B928FAF,3B750276,3F801846,BF7BF86A,BF7AF98D
3,HLH,2701,21,26,1.000333,-0.984392,-0.980761,0.001907,0.003166,0.006566,1.000463,-0.984259,-0.980278,3F800AEA,BF7C0123,BF7B1327,3AF9EFF5,3B4F8332,3BD727E1,3F800F2C,BF7BF86A,BF7AF37C
3,HLH,2700,23,26,1.000469,-0.984256,-0.980804,0.002711,0.002488,0.007752,1.000648,-0.984074,-0.980556,3F800F5C,BF7BF83A,BF7B15FF,3B31A913,3B230E48,3BFE0465,3F80153E,BF7BEC47,BF7B05B0
3,HLH,2701,21,25,1.000518,-0.984207,-0.980700,0.002768,0.002237,0.002947,1.000741,-0.983981,-0.980463,3F8010F6,BF7BF500,BF7B0F2C,3B35692A,3B12947F,3B412702,3F801846,BF7BE636,BF7AFF9F
3,HLH,2701,21,26,1.000391,-0.984473,-0.980822,0.002145,0.003986,0.005692,1.000556,-0.984259,-0.980556,3F800CCC,BF7C0672,BF7B1722,3B0C9525,3B829B7B,3BBA85D1,3F801234,BF7BF86A,BF7B05B0
3,HLH,2701,21,26,1.000500,-0.984407,-0.980605,0.004906,0.001722,0.005044,1.000833,-0.984259,-0.980278,3F801064,BF7C0216,BF7B08EA,3BA0C1BE,3AE1C57E,3BA54C4A,3F801B4E,BF7BF86A,BF7AF37C
3,HLH,2701,25,27,1.000402,-0.984303,-0.980830,0.004506,0.004556,0.001961,1.000741,-0.983981,-0.980741,3F800D2E,BF7BFB42,BF7B17B4,3B93A52B,3B954BAB,3B008674,3F801846,BF7BE636,BF7B11D3
3,HLH,2700,21,26,1.000512,-0.984340,-0.980680,0.001829,0.005751,0.005509,1.000648,-0.983796,-0.980185,3F8010C8,BF7BFDB9,BF7B0DD8,3AEFBB79,3BBC70C9,3BB481A6,3F80153E,BF7BDA13,BF7AED6B
3,HLH,2701,21,26,1.000538,-0.984242,-0.980718,0.002742,0.002274,0.004213,1.000741,-0.984074,-0.980370,3F8011A4,BF7BF747,BF7B104F,3B33BAE5,3B15032A,3B8A0D67,3F801846,BF7BEC47,BF7AF98D
3,HLH,2701,22,27,1.000474,-0.984300,-0.980613,0.005037,0.006468,0.007082,1.000926,-0.983889,-0.980093,3F800F8C,BF7BFB12,BF7B097B,3BA50AF3,3BD3F599,3BE80DE6,3F801E58,BF7BE024,BF7AE759
3,HLH,2701,21,26,1.000472,-0.984314,-0.980851,0.002857,0.001722,0.007687,1.000741,-0.984167,-0.980463,3F800F76,BF7BFC04,BF7B1908,3B3B3E8E,3AE1C512,3BFBE273,3F801846,BF7BF259,BF7AFF9F
3,HLH,2701,21,26,1.000278,-0.984291,-0.981004,0.002835,0.002212,0.012707,1.000463,-0.984167,-0.980556,3F80091E,BF7BFA80,BF7B2315,3B39C444,3B10F5F4,3C502F52,3F800F2C,BF7BF259,BF7B05B0
3,HLH,2701,21,26,1.000451,-0.984407,-0.980639,0.001807,0.003513,0.001673,1.000556,-0.984167,-0.980556,3F800EC8,BF7C0216,BF7B0B30,3AECE913,3B664163,3ADB4EF8,3F801234,BF7BF259,BF7B05B0
3,HLH,2701,22,26,1.000405,-0.984277,-0.980671,0.002067,0.004424,0.008965,1.000648,-0.983889,-0.979907,3F800D44,BF7BF98D,BF7B0D46,3B077D80,3B90F60D,3C12E2F2,3F80153E,BF7BE024,BF7ADB36
3,HLH,2700,21,26,1.000660,-0.984444,-0.980891,0.003157,0.004944,0.004936,1.000926,-0.984167,-0.980648,3F80159E,BF7C048D,BF7B1BB0,3B4EE0D6,3BA20512,3BA1BDE9,3F801E58,BF7BF259,BF7B0BC2
3,HLH,2700,21,26,1.000463,-0.984158,-0.980775,0.003473,0.004854,0.001712,1.000648,-0.983704,-0.980648,3F800F2E,BF7BF1C7,BF7B141A,3B6398B4,3B9F0FE0,3AE05F22,3F80153E,BF7BD402,BF7B0BC2
3,HLH,2700,23,26,1.000477,-0.984314,-0.980744,0.002722,0.001817,0.004112,1.000741,-0.984167,-0.980463,3F800FA4,BF7BFC04,BF7B1204,3B325DC9,3AEE2BE8,3B86BC7E,3F801846,BF7BF259,BF7AFF9F
3,HLH,2701,20,26,1.000252,-0.984329,-0.980761,0.001757,0.002241,0.002221,1.000370,-0.984167,-0.980463,3F800846,BF7BFCF7,BF7B1327,3AE64C42,3B12E2DB,3B119473,3F800C22,BF7BF259,BF7AFF9F
3,HLH,2701,21,26,1.000315,-0.984476,-0.980885,0.003514,0.004897,0.006443,1.000556,-0.984259,-0.980556,3F800A54,BF7C06A3,BF7B1B4F,3B664854,3BA07822,3BD31C15,3F801234,BF7BF86A,BF7B05B0
3,HLH,2701,21,26,1.000399,-0.984424,-0.980564,0.003396,0.001386,0.005968,1.000556,-0.984352,-0.980000,3F800D16,BF7C0339,BF7B0642,3B5E8D91,3AB5A3BA,3BC390FD,3F801234,BF7BFE7C,BF7AE148
3,HLH,2700,21,26,1.000342,-0.984291,-0.980663,0.003815,0.001371,0.004948,1.000648,-0.984167,-0.980370,3F800B32,BF7BFA80,BF7B0CB5,3B79FFAF,3AB3A5BF,3BA2240A,3F80153E,BF7BF259,BF7AF98D
3,HLH,2700,21,26,1.000336,-0.984485,-0.981091,0.002222,0.002451,0.006617,1.000463,-0.984352,-0.980741,3F800B02,BF7C0735,BF7B28C5,3B11A51D,3B20A077,3BD8D22C,3F800F2C,BF7BFE7C,BF7B11D3
3,HLH,2700,22,26,1.000454,-0.984436,-0.980625,0.002342,0.004496,0.003324,1.000648,-0.984074,-0.980370,3F800EE2,BF7C03FB,BF7B0A3D,3B197895,3B935365,3B59DE38,3F80153E,BF7BEC47,BF7AF98D
3,HLH,2700,21,26,1.000524,-0.984421,-0.980804,0.002287,0.002241,0.003770,1.000741,-0.984259,-0.980648,3F801128,BF7C0309,BF7B15FF,3B15DDD7,3B12E307,3B771090,3F801846,BF7BF86A,BF7B0BC2
3,HLH,2701,20,27,1.000486,-0.984447,-0.980810,0.003522,0.001583,0.002835,1.000648,-0.984352,-0.980648,3F800FEE,BF7C04BE,BF7B1660,3B66C9EC,3ACF8368,3B39CC4C,3F80153E,BF7BFE7C,BF7B0BC2
3,HLH,2700,26,26,1.000457,-0.984346,-0.980862,0.003271,0.005458,0.002679,1.000741,-0.983796,-0.980648,3F800EFC,BF7BFE1B,BF7B19CA,3B5660CE,3BB2D54F,3B2F9971,3F801846,BF7BDA13,BF7B0BC2
3,HLH,2701,21,28,1.000512,-0.984372,-0.980836,0.003170,0.003507,0.002744,1.000741,-0.983981,-0.980556,3F8010CA,BF7BFFCF,BF7B1815,3B4FC219,3B65DD60,3B33D600,3F801846,BF7BE636,BF7B05B0
3,HLH,2700,21,26,1.000402,-0.984372,-0.980830,0.003305,0.001806,0.007666,1.000648,-0.984259,-0.980370,3F800D30,BF7BFFCF,BF7B17B4,3B589BB6,3AECA855,3BFB3418,3F80153E,BF7BF86A,BF7AF98D
3,HLH,2701,21,26,1.000327,-0.984427,-0.980799,0.003794,0.002616,0.008260,1.000648,-0.984259,-0.980185,3F800ABA,BF7C036A,BF7B159E,3B78AB46,3B2B748D,3C0756EF,3F80153E,BF7BF86A,BF7AED6B
3,HLH,2700,21,26,1.000330,-0.984476,-0.980787,0.001913,0.001099,0.001830,1.000463,-0.984444,-0.980648,3F800ACE,BF7C06A3,BF7B14DC,3AFACB00,3A901B52,3AEFDD03,3F800F2C,BF7C048D,BF7B0BC2
3,HLH,2701,21,26,1.000494,-0.984430,-0.980564,0.001973,0.002595,0.003537,1.000648,-0.984259,-0.980278,3F801034,BF7C039A,BF7B0642,3B014581,3B2A12C2,3B67CFDC,3F80153E,BF7BF86A,BF7AF37C
3,HLH,2700,20,25,1.000350,-0.984427,-0.980608,0.003102,0.001073,0.008621,1.000648,-0.984352,-0.979907,3F800B7A,BF7C036A,BF7B091A,3B4B516C,3A8CA23D,3C0D4049,3F80153E,BF7BFE7C,BF7ADB36
3,HLH,2700,21,27,1.000509,-0.984488,-0.980856,0.002836,0.004807,0.002005,1.000741,-0.984259,-0.980648,3F8010AE,BF7C0765,BF7B1969,3B39E28A,3B9D802C,3B036102,3F801846,BF7BF86A,BF7B0BC2
3,HLH,2700,21,26,1.000451,-0.984340,-0.980839,0.002821,0.001504,0.005458,1.000648,-0.984167,-0.980370,3F800ECA,BF7BFDB9,BF7B1846,3B38E772,3AC51189,3BB2D559,3F80153E,BF7BF259,BF7AF98D
3,HLH,2701,21,26,1.000535,-0.984459,-0.980883,0.003049,0.002249,0.002521,1.000741,-0.984167,-0.980741,3F80118A,BF7C0580,BF7B1B1E,3B47D7B9,3B136BD4,3B253F53,3F801846,BF7BF259,BF7B11D3
3,HLH,2702,21,26,1.000431,-0.984361,-0.980775,0.004077,0.003983,0.004321,1.000833,-0.984074,-0.980556,3F800E22,BF7BFF0D,BF7B141A,3B85942A,3B827FD8,3B8D96BD,3F801B4E,BF7BEC47,BF7B05B0
3,HLH,2701,21,26,1.000512,-0.984427,-0.980781,0.004331,0.001349,0.005639,1.001019,-0.984352,-0.980370,3F8010C6,BF7C036A,BF7B147B,3B8DE717,3AB0E025,3BB8C469,3F802160,BF7BFE7C,BF7AF98D
3,HLH,2701,21,26,1.000460,-0.984557,-0.980657,0.006405,0.002936,0.008232,1.000926,-0.984444,-0.980093,3F800F12,BF7C0BF2,BF7B0C53,3BD1E402,3B406518,3C06E082,3F801E58,BF7C048D,BF7AE759
3,HLH,2701,21,26,1.000422,-0.984473,-0.980949,0.002312,0.003858,0.008102,1.000648,-0.984259,-0.980185,3F800DD8,BF7C0673,BF7B1F7A,3B177CEA,3B7CD1F6,3C04BDA6,3F80153E,BF7BF86A,BF7AED6B
3,HLH,2700,22,26,1.000526,-0.984421,-0.980940,0.003944,0.002005,0.002174,1.000833,-0.984259,-0.980833,3F801140,BF7C0309,BF7B1EE9,3B813FA5,3B036138,3B0E75A5,3F801B4E,BF7BF86A,BF7B17E5
3,HLH,2700,21,24,1.000382,-0.984332,-0.980735,0.003649,0.005721,0.005206,1.000648,-0.983889,-0.980370,3F800C86,BF7BFD28,BF7B1172,3B6F28AF,3BBB7819,3BAA99CB,3F80153E,BF7BE024,BF7AF98D
3,HLH,2700,21,26,1.000405,-0.984317,-0.980972,0.001898,0.004548,0.003472,1.000556,-0.983981,-0.980741,3F800D44,BF7BFC35,BF7B20FF,3AF8CB5D,3B95035A,3B638E41,3F801234,BF7BE636,BF7B11D3
3,HLH,2701,21,26,1.000518,-0.984410,-0.980790,0.001818,0.008520,0.003116,1.000648,-0.983889,-0.980463,3F8010FA,BF7C0247,BF7B150C,3AEE3B1C,3C0B972E,3B4C2EA3,3F80153E,BF7BE024,BF7AFF9F
3,HLH,2701,21,26,1.000310,-0.984511,-0.980903,0.002985,0.003286,0.008102,1.000648,-0.984352,-0.980556,3F800A28,BF7C08EA,BF7B1C72,3B43A489,3B57537D,3C04BDA4,3F80153E,BF7BFE7C,BF7B05B0
3,HLH,2701,21,26,1.000327,-0.984444,-0.981021,0.002313,0.001157,0.007052,1.000556,-0.984352,-0.980648,3F800ABA,BF7C048D,BF7B2438,3B179787,3A97B454,3BE71254,3F801234,BF7BFE7C,BF7B0BC2
3,HLH,2700,21,26,1.000373,-0.984497,-0.980729,0.003637,0.005109,0.003460,1.000648,-0.984259,-0.980463,3F800C3C,BF7C07F7,BF7B1111,3B6E5440,3BA768D0,3B62C389,3F80153E,BF7BF86A,BF7AFF9F
3,HLH,2700,21,25,1.000388,-0.984381,-0.980738,0.003193,0.001073,0.004426,1.000648,-0.984352,-0.980370,3F800CB6,BF7C0061,BF7B11A3,3B514261,3A8CA23E,3B9104F0,3F80153E,BF7BFE7C,BF7AF98D
3,HLH,2701,21,26,1.000440,-0.984337,-0.980761,0.002387,0.004597,0.003648,1.000648,-0.983981,-0.980556,3F800E68,BF7BFD89,BF7B1327,3B1C6CFB,3B96A4F2,3B6F110A,3F80153E,BF7BE636,BF7B05B0
3,HLH,2701,21,26,1.000365,-0.984444,-0.980851,0.004007,0.003062,0.003634,1.000556,-0.984259,-0.980648,3F800BF6,BF7C048D,BF7B1908,3B834C4F,3B48AF6B,3B6E2C07,3F801234,BF7BF86A,BF7B0BC2
3,HLH,2701,21,25,1.000405,-0.984410,-0.980645,0.005070,0.001121,0.003860,1.000648,-0.984352,-0.980278,3F800D44,BF7C0246,BF7B0B91,3BA62624,3A92E31F,3B7CF3F8,3F80153E,BF7BFE7C,BF7AF37C
3,HLH,2701,20,26,1.000376,-0.984520,-0.980995,0.002451,0.004717,0.007914,1.000556,-0.984259,-0.980741,3F800C56,BF7C097B,BF7B2283,3B20A6C5,3B9A90D8,3C01A842,3F801234,BF7BF86A,BF7B11D3
3,HLH,2700,21,26,1.000292,-0.984401,-0.980787,0.002462,0.003169,0.003007,1.000463,-0.984167,-0.980556,3F800994,BF7C01B5,BF7B14DC,3B215B65,3B4FACCA,3B451181,3F800F2C,BF7BF259,BF7B05B0
3,HLH,2701,21,20,1.000379,-0.984468,-0.980981,0.002035,0.001531,0.009524,1.000556,-0.984352,-0.980648,3F800C6C,BF7C0611,BF7B2190,3B055908,3AC8AF82,3C1C0B5A,3F801234,BF7BFE7C,BF7B0BC2
3,HLH,2702,21,26,1.000365,-0.984378,-0.981033,0.004628,0.002729,0.008986,1.000648,-0.984259,-0.980648,3F800BF4,BF7C0031,BF7B24FA,3B97A4A7,3B32D565,3C1339BE,3F80153E,BF7BF86A,BF7B0BC2
3,HLH,2700,21,31,1.000420,-0.984436,-0.980807,0.004173,0.000675,0.002603,1.000741,-0.984352,-0.980370,3F800DC0,BF7C03FB,BF7B1630,3B88C1AA,3A30E029,3B2A99AB,3F801846,BF7BFE7C,BF7AF98D
3,HLH,2700,21,26,1.000417,-0.984294,-0.980744,0.001920,0.005543,0.004232,1.000556,-0.983889,-0.980370,3F800DA6,BF7BFAB1,BF7B1204,3AFBAD46,3BB5A394,3B8AAE83,3F801234,BF7BE024,BF7AF98D
3,HLH,2700,21,26,1.000494,-0.984543,-0.980862,0.002359,0.006443,0.006533,1.000741,-0.984074,-0.980463,3F801034,BF7C0B00,BF7B19CA,3B1AA06A,3BD31C0D,3BD611E2,3F801846,BF7BEC47,BF7AFF9F
3,HLH,2700,21,26,1.000419,-0.984444,-0.980674,0.002004,0.004173,0.004378,1.000556,-0.984074,-0.980370,3F800DBC,BF7C048D,BF7B0D77,3B0355A3,3B88BE67,3B8F760A,3F801234,BF7BEC47,BF7AF98D
3,HLH,2700,20,26,1.000492,-0.984233,-0.981042,0.003297,0.006730,0.005551,1.000741,-0.983796,-0.980741,3F80101C,BF7BF6B5,BF7B258C,3B58122C,3BDC854B,3BB5E2E9,3F801846,BF7BDA13,BF7B11D3
3,HLH,2700,21,26,1.000394,-0.984473,-0.980813,0.004051,0.002121,0.004969,1.000648,-0.984352,-0.980463,3F800CEA,BF7C0672,BF7B1691,3B84BE20,3B0B06B1,3BA2D52C,3F80153E,BF7BFE7C,BF7AFF9F
3,HLH,2700,21,32,1.000457,-0.984456,-0.980877,0.004480,0.003508,0.004910,1.000741,-0.984167,-0.980278,3F800EFA,BF7C054F,BF7B1ABD,3B92D128,3B65E9EC,3BA0E375,3F801846,BF7BF259,BF7AF37C
3,HLH,2701,21,26,1.000405,-0.984384,-0.980833,0.004083,0.001698,0.004630,1.000741,-0.984259,-0.980370,3F800D46,BF7C0092,BF7B17E5,3B85C77F,3ADE900A,3B97B41F,3F801846,BF7BF86A,BF7AF98D
3,HLH,2700,21,25,1.000532,-0.984421,-0.980697,0.004051,0.002588,0.007478,1.000833,-0.984259,-0.980185,3F801172,BF7C0309,BF7B0EFB,3B84BF43,3B299C2F,3BF50B40,3F801B4E,BF7BF86A,BF7AED6B
3,HLH,2701,21,27,1.000457,-0.984398,-0.980718,0.003004,0.001418,0.002165,1.000648,-0.984259,-0.980463,3F800EFC,BF7C0184,BF7B104F,3B44E0CB,3AB9CC79,3B0DE7D1,3F80153E,BF7BF86A,BF7AFF9F
3,HLH,2701,21,26,1.000443,-0.984398,-0.980819,0.003914,0.001637,0.002842,1.000648,-0.984259,-0.980648,3F800E84,BF7C0184,BF7B16F2,3B8040F2,3AD68AA7,3B3A3876,3F80153E,BF7BF86A,BF7B0BC2
0,HHH,2700,2681,2670,1.000648,0.985480,0.977945,0.003660,0.002041,0.006109,1.000926,0.985648,0.978333,3F80153E,3F7C486A,3F7A5A9E,3B6FE179,3B05BED3,3BC82F19,3F801E58,3F7C5370,3F7A740E
0,HHH,2699,2681,2670,1.000596,0.985614,0.977830,0.002772,0.006306,0.003836,1.000833,0.986111,0.978148,3F801388,3F7C512C,3F7A5310,3B35A45F,3BCEA585,3B7B6492,3F801B4E,3F7C71C8,3F7A67EA
0,HHH,2700,2679,2671,1.000628,0.985446,0.978024,0.002437,0.006244,0.006329,1.000833,0.985926,0.978333,3F801494,3F7C462A,3F7A5FC4,3B1FB933,3BCC9C4E,3BCF627E,3F801B4E,3F7C65A4,3F7A740E
0,HHH,2700,2680,2671,1.000431,0.985474,0.977905,0.003454,0.008117,0.006253,1.000648,0.986019,0.978333,3F800E20,3F7C480E,3F7A57FC,3B62626D,3C04FF30,3BCCE7EA,3F80153E,3F7C6BB6,3F7A740E
0,HHH,2700,2681,2670,1.000524,0.985489,0.977963,0.002930,0.006655,0.004557,1.000648,0.985833,0.978333,3F80112A,3F7C4902,3F7A5BCC,3B3FFFEC,3BDA0FF2,3B955379,3F80153E,3F7C5F92,3F7A740E
0,HHH,2700,2681,2669,1.000622,0.985509,0.978267,0.002332,0.004702,0.002729,1.000833,0.985833,0.978518,3F801462,3F7C4A56,3F7A6FB0,3B18D5EF,3B9A10D1,3B32DB75,3F801B4E,3F7C5F92,3F7A8030
0,HHH,2701,2680,2669,1.000836,0.985425,0.977974,0.003298,0.002579,0.005328,1.001111,0.985648,0.978333,3F801B66,3F7C44D4,3F7A5C88,3B581E18,3B28FE98,3BAE930B,3F802468,3F7C5370,3F7A740E
0,HHH,2700,2680,2671,1.000538,0.985391,0.978154,0.001958,0.002367,0.003219,1.000648,0.985556,0.978426,3F8011A4,3F7C4290,3F7A6848,3B004EA8,3B1B1F25,3B52F4F7,3F80153E,3F7C4D5E,3F7A7A20
0,HHH,2701,2680,2672,1.000515,0.985628,0.978038,0.003323,0.004833,0.004788,1.000741,0.986019,0.978518,3F8010E4,3F7C5218,3F7A60B6,3B59C2EB,3B9E5D3C,3B9CE0F6,3F801846,3F7C6BB6,3F7A8030
0,HHH,2701,2680,2671,1.000617,0.985396,0.978024,0.003643,0.004710,0.007031,1.000926,0.985741,0.978704,3F801434,3F7C42F0,3F7A5FC6,3B6EBA81,3B9A54F3,3BE664A6,3F801E58,3F7C5982,3F7A8C54
0,HHH,2700,2680,2670,1.000689,0.985561,0.978030,0.002310,0.003167,0.006829,1.000926,0.985833,0.978518,3F801692,3F7C4DB8,3F7A6026,3B176154,3B4F8534,3BDFC1A6,3F801E58,3F7C5F92,3F7A8030
0,HHH,2701,2680,2671,1.000486,0.985509,0.978067,0.003170,0.005143,0.005390,1.000833,0.985833,0.978426,3F800FF0,3F7C4A58,3F7A6298,3B4FC36C,3BA889E6,3BB0A0A3,3F801B4E,3F7C5F92,3F7A7A20
0,HHH,2701,2680,2671,1.000752,0.985443,0.978032,0.004936,0.005390,0.005758,1.001019,0.985741,0.978518,3F8018A6,3F7C45FA,3F7A6054,3BA1BF9D,3BB09AA4,3BBCADB9,3F802160,3F7C5982,3F7A8030
0,HHH,2702,2680,2672,1.000437,0.985532,0.978012,0.002908,0.005873,0.004910,1.000648,0.985833,0.978426,3F800E50,3F7C4BD4,3F7A5EFE,3B3E963B,3BC07298,3BA0E3E6,3F80153E,3F7C5F92,3F7A7A20
0,HHH,2701,2681,2670,1.000498,0.985628,0.978116,0.003509,0.003694,0.006223,1.000741,0.985926,0.978611,3F80104E,3F7C5216,3F7A65D0,3B65F7F8,3B720FBF,3BCBE9B1,3F801846,3F7C65A4,3F7A8642
0,HHH,2700,2681,2670,1.000602,0.985480,0.978018,0.001419,0.002861,0.007385,1.000648,0.985741,0.978611,3F8013BA,3F7C486E,3F7A5F60,3AB9FC0D,3B3B7A0A,3BF20178,3F80153E,3F7C5982,3F7A8642
0,HHH,2701,2682,2671,1.000480,0.985538,0.977998,0.002862,0.006481,0.005452,1.000648,0.986019,0.978333,3F800FBC,3F7C4C40,3F7A5E0C,3B3B8B5F,3BD461AB,3BB2A4EC,3F80153E,3F7C6BB6,3F7A740E
0,HHH,2701,2681,2671,1.000561,0.985541,0.978122,0.004171,0.003887,0.003234,1.000833,0.985833,0.978426,3F801264,3F7C4C6A,3F7A6638,3B88AEAA,3B7EBAF7,3B53F517,3F801B4E,3F7C5F92,3F7A7A20
0,HHH,2701,2681,2670,1.000573,0.985466,0.977894,0.003140,0.004994,0.007251,1.000833,0.985833,0.978333,3F8012C6,3F7C4780,3F7A573E,3B4DCE89,3BA3A836,3BED9B15,3F801B4E,3F7C5F92,3F7A740E
0,HHH,2701,2680,2671,1.000524,0.985535,0.978073,0.002628,0.004833,0.003396,1.000741,0.986019,0.978241,3F80112A,3F7C4C0A,3F7A62FE,3B2C3D8D,3B9E5B9F,3B5E90C4,3F801846,3F7C6BB6,3F7A6DFC
0,HHH,2700,2680,2670,1.000787,0.985549,0.978313,0.004737,0.008365,0.002145,1.001111,0.986111,0.978518,3F8019CA,3F7C4CF8,3F7A72B6,3B9B3924,3C090E20,3B0C96D8,3F802468,3F7C71C8,3F7A8030
0,HHH,2700,2680,2671,1.000637,0.985477,0.978125,0.002369,0.006447,0.005758,1.000741,0.985833,0.978611,3F8014DC,3F7C483C,3F7A6664,3B1B3C96,3BD3427D,3BBCAC8C,3F801846,3F7C5F92,3F7A8642
0,HHH,2701,2680,2671,1.000443,0.985561,0.978119,0.003412,0.005076,0.005999,1.000741,0.985926,0.978518,3F800E82,3F7C4DBC,3F7A6606,3B5F94F1,3BA656EF,3BC48FC5,3F801846,3F7C65A4,3F7A8030
0,HHH,2701,2681,2671,1.000711,0.985419,0.978200,0.003445,0.004173,0.003321,1.001019,0.985741,0.978426,3F801750,3F7C4472,3F7A6B54,3B61BF88,3B88BB3B,3B59AB3B,3F802160,3F7C5982,3F7A7A20
0,HHH,2700,2681,2671,1.000538,0.985569,0.978252,0.004682,0.002531,0.004243,1.000926,0.985741,0.978518,3F8011A0,3F7C4E48,3F7A6EC0,3B996DB6,3B25DA0E,3B8B065B,3F801E58,3F7C5982,3F7A8030
0,HHH,2700,2681,2671,1.000434,0.985538,0.978154,0.002485,0.003193,0.003517,1.000556,0.985833,0.978333,3F800E3A,3F7C4C34,3F7A684E,3B22DA46,3B514273,3B6681DA,3F801234,3F7C5F92,3F7A740E
0,HHH,2701,2683,2670,1.000512,0.985645,0.978110,0.002165,0.005413,0.002943,1.000741,0.986019,0.978333,3F8010CA,3F7C5342,3F7A6570,3B0DDD63,3BB15E51,3B40D96B,3F801846,3F7C6BB6,3F7A740E
0,HHH,2700,2681,2670,1.000645,0.985529,0.978142,0.005094,0.006021,0.005843,1.000926,0.985926,0.978611,3F801526,3F7C4BA8,3F7A6786,3BA6EE77,3BC54855,3BBF75DD,3F801E58,3F7C65A4,3F7A8642
0,HHH,2701,2680,2671,1.000538,0.985500,0.978058,0.002742,0.006010,0.005127,1.000741,0.986019,0.978426,3F8011A4,3F7C49C2,3F7A6208,3B33B59F,3BC4F056,3BA8009A,3F801846,3F7C6BB6,3F7A7A20
0,HHH,2701,2680,2670,1.000541,0.985535,0.978003,0.005276,0.002437,0.004328,1.000833,0.985741,0.978333,3F8011BA,3F7C4C00,3F7A5E6E,3BACE1C2,3B1FBCDB,3B8DD4E5,3F801B4E,3F7C5982,3F7A740E
0,HHH,2701,2680,2670,1.000634,0.985434,0.978209,0.003380,0.004499,0.004316,1.000926,0.985648,0.978426,3F8014C4,3F7C4560,3F7A6BE2,3B5D8756,3B936BD5,3B8D6BE7,3F801E58,3F7C5370,3F7A7A20
0,HHH,2702,2681,2670,1.000562,0.985590,0.978298,0.002311,0.003508,0.005168,1.000741,0.985833,0.978611,3F801268,3F7C4FA6,3F7A71C4,3B1777E6,3B65EDE6,3BA9591B,3F801846,3F7C5F92,3F7A8642
0,HHH,2701,2680,2671,1.000634,0.985504,0.978171,0.004670,0.003270,0.004911,1.001019,0.985741,0.978518,3F8014C4,3F7C49F6,3F7A6970,3B9906BA,3B56554F,3BA0E97B,3F802160,3F7C5982,3F7A8030
0,HHH,2701,2680,2671,1.000556,0.985564,0.978073,0.003839,0.003189,0.004386,1.000833,0.985833,0.978333,3F801236,3F7C4DEE,3F7A62FC,3B7B94C5,3B50FFB2,3B8FB986,3F801B4E,3F7C5F92,3F7A740E
0,HHH,2700,2681,2670,1.000694,0.985796,0.978087,0.003169,0.004364,0.004468,1.000926,0.986204,0.978426,3F8016BE,3F7C5D1C,3F7A63F0,3B4FB39D,3B8EFCEA,3B926AB6,3F801E58,3F7C77D8,3F7A7A20
0,HHH,2701,2680,2671,1.000677,0.985610,0.978195,0.005349,0.004767,0.009753,1.001111,0.985833,0.978611,3F801630,3F7C50F6,3F7A6AF6,3BAF4AD9,3B9C3524,3C1FC9AF,3F802468,3F7C5F92,3F7A8642
0,HHH,2701,2681,2670,1.000657,0.985613,0.978070,0.003027,0.003049,0.003068,1.000926,0.985833,0.978333,3F801584,3F7C5128,3F7A62CA,3B466634,3B47CFE9,3B4910D7,3F801E58,3F7C5F92,3F7A740E
0,HHH,2701,2681,2670,1.000509,0.985819,0.978284,0.004214,0.005614,0.004212,1.000833,0.986296,0.978611,3F8010AE,3F7C5EA0,3F7A70D6,3B8A11E9,3BB7F824,3B8A0826,3F801B4E,3F7C7DEA,3F7A8642
0,HHH,2701,2681,2670,1.000683,0.985599,0.978116,0.004511,0.004737,0.006223,1.001019,0.985833,0.978518,3F801660,3F7C5036,3F7A65D4,3B93CF7F,3B9B35DF,3BCBE6DB,3F802160,3F7C5F92,3F7A8030
0,HHH,2701,2681,2670,1.000665,0.985660,0.978192,0.003541,0.005513,0.005366,1.000926,0.986019,0.978611,3F8015CE,3F7C5436,3F7A6AC4,3B680973,3BB4A5DD,3BAFD8FC,3F801E58,3F7C6BB6,3F7A8642
0,HHH,2701,2680,2671,1.000585,0.985660,0.978255,0.002977,0.006145,0.003478,1.000741,0.986111,0.978611,3F801328,3F7C5434,3F7A6EEC,3B431465,3BC95CD9,3B63E9CF,3F801846,3F7C71C8,3F7A8642
0,HHH,2700,2681,2670,1.000674,0.985518,0.978403,0.003182,0.003317,0.005335,1.000926,0.985741,0.978889,3F801616,3F7C4AE2,3F7A7898,3B50889C,3B596A09,3BAED4C0,3F801E58,3F7C5982,3F7A9876
0,LLL,6,23,27,-0.995486,-0.983600,-0.979835,0.003007,0.001388,0.002992,-0.995278,-0.983519,-0.979630,BF7ED82E,BF7BCD2E,BF7AD679,3B4511A2,3AB5E304,3B4418C2,BF7ECA86,BF7BC7DF,BF7AC902
0,LLL,6,22,27,-0.995602,-0.983707,-0.979847,0.001637,0.005887,0.001596,-0.995556,-0.983426,-0.979722,BF7EDFC3,BF7BD432,BF7AD73B,3AD68A96,3BC0E7BD,3AD13CA6,BF7EDCBB,BF7BC1CD,BF7ACF13
0,LLL,6,22,27,-0.995645,-0.983443,-0.979786,0.001474,0.005349,0.004150,-0.995556,-0.982963,-0.979444,BF7EE29B,BF7BC2F0,BF7AD33F,3AC12702,3BAF4776,3B88008C,BF7EDCBB,BF7BA376,BF7ABCDF
0,LLL,6,23,27,-0.995616,-0.983281,-0.979835,0.001596,0.002772,0.002571,-0.995556,-0.983056,-0.979722,BF7EE0B6,BF7BB852,BF7AD679,3AD13CE9,3B35A394,3B287ACA,BF7EDCBB,BF7BA987,BF7ACF13
0,LLL,6,22,27,-0.995532,-0.983383,-0.979841,0.001919,0.003273,0.002183,-0.995463,-0.983148,-0.979630,BF7EDB36,BF7BBEF5,BF7AD6DA,3AFB9271,3B567D3E,3B0F169A,BF7ED6A9,BF7BAF99,BF7AC902
0,LLL,6,23,28,-0.995599,-0.983409,-0.979829,0.002240,0.005286,0.005401,-0.995463,-0.983148,-0.979444,BF7EDF93,BF7BC0AA,BF7AD618,3B12CF57,3BAD3737,3BB0FC64,BF7ED6A9,BF7BAF99,BF7ABCDF
0,LLL,6,23,27,-0.995489,-0.983501,-0.979456,0.002471,0.005254,0.008998,-0.995370,-0.983241,-0.978704,BF7ED85E,BF7BC6BB,BF7ABDA1,3B21F341,3BAC2CA3,3C136BC8,BF7ED098,BF7BB5AA,BF7A8C53
0,LLL,6,22,27,-0.995625,-0.983354,-0.979763,0.001919,0.006199,0.003270,-0.995556,-0.982870,-0.979537,BF7EE148,BF7BBD10,BF7AD1BB,3AFB9271,3BCB1EC2,3B5654DC,BF7EDCBB,BF7B9D64,BF7AC2F0
0,LLL,6,23,28,-0.995628,-0.983290,-0.979673,0.001386,0.003838,0.005011,-0.995556,-0.982963,-0.979352,BF7EE178,BF7BB8E4,BF7ACBDA,3AB5A395,3B7B8707,3BA434F5,BF7EDCBB,BF7BA376,BF7AB6CE
0,LLL,7,23,27,-0.995544,-0.983354,-0.979566,0.002368,0.005750,0.005125,-0.995278,-0.983056,-0.979074,BF7EDBF8,BF7BBD10,BF7AC4D6,3B1B37EF,3BBC6D11,3BA7F206,BF7ECA86,BF7BA987,BF7AA499
0,LLL,6,23,28,-0.995553,-0.983119,-0.979543,0.001225,0.005503,0.002382,-0.995463,-0.982685,-0.979352,BF7EDC8A,BF7BADB3,BF7AC351,3AA0A05E,3BB455C4,3B1C15DA,BF7ED6A9,BF7B9142,BF7AB6CE
0,LLL,6,23,28,-0.995596,-0.983186,-0.979534,0.001914,0.002706,0.003034,-0.995463,-0.982963,-0.979352,BF7EDF62,BF7BB210,BF7AC2C0,3AFADB37,3B315172,3B46D437,BF7ED6A9,BF7BA376,BF7AB6CE
0,LLL,6,22,28,-0.995564,-0.983177,-0.979563,0.000675,0.003245,0.005280,-0.995556,-0.982963,-0.979259,BF7EDD4C,BF7BB17E,BF7AC4A5,3A30DFEA,3B54A5BC,3BAD011A,BF7EDCBB,BF7BA376,BF7AB0BC
0,LLL,6,23,28,-0.995556,-0.983137,-0.979546,0.000000,0.002879,0.003766,-0.995556,-0.982963,-0.979259,BF7EDCBB,BF7BAED7,BF7AC382,32480000,3B3CADD3,3B76D65F,BF7EDCBB,BF7BA376,BF7AB0BC
0,LLL,6,23,28,-0.995503,-0.983027,-0.979340,0.003836,0.002861,0.002146,-0.995185,-0.982870,-0.979167,BF7ED951,BF7BA7A2,BF7AB60B,3B7B64B1,3B3B7BFE,3B0CA207,BF7EC475,BF7B9D64,BF7AAAAB
0,LLL,6,22,28,-0.995558,-0.982920,-0.979407,0.001474,0.004519,0.002154,-0.995463,-0.982593,-0.979259,BF7EDCEB,BF7BA09E,BF7ABA68,3AC12702,3B941625,3B0D30C9,BF7ED6A9,BF7B8B30,BF7AB0BC
0,LLL,6,22,27,-0.995579,-0.983032,-0.979580,0.001002,0.002588,0.006124,-0.995556,-0.982870,-0.979259,BF7EDE3F,BF7BA803,BF7AC5C9,3A836115,3B299C3D,3BC8ABC4,BF7EDCBB,BF7B9D64,BF7AB0BC
0,LLL,6,23,27,-0.995639,-0.983029,-0.979462,0.001061,0.004102,0.003588,-0.995556,-0.982778,-0.979167,BF7EE23A,BF7BA7D2,BF7ABE02,3A8B0697,3B8666F8,3B6B21F5,BF7EDCBB,BF7B9753,BF7AAAAB
0,LLL,6,23,25,-0.995561,-0.983099,-0.979462,0.000560,0.003374,0.003770,-0.995556,-0.982870,-0.979259,BF7EDD1C,BF7BAC60,BF7ABE02,3A12E2E8,3B5D17E7,3B771093,BF7EDCBB,BF7B9D64,BF7AB0BC
0,LLL,6,22,27,-0.995550,-0.983099,-0.979378,0.001524,0.002385,0.003386,-0.995463,-0.982963,-0.979167,BF7EDC5A,BF7BAC60,BF7AB882,3AC7C983,3B1C4D0C,3B5DE7A8,BF7ED6A9,BF7BA376,BF7AAAAB
0,LLL,6,22,28,-0.995570,-0.983009,-0.979349,0.002323,0.003222,0.003447,-0.995370,-0.982778,-0.979074,BF7EDDAD,BF7BA67F,BF7AB69D,3B1838A7,3B5329AB,3B61EB76,BF7ED098,BF7B9753,BF7AA499
0,LLL,6,23,28,-0.995637,-0.982922,-0.979389,0.001261,0.005333,0.003162,-0.995556,-0.982500,-0.979167,BF7EE20A,BF7BA0CE,BF7AB945,3AA550B2,3BAEC3F8,3B4F3DC0,BF7EDCBB,BF7B851F,BF7AAAAB
0,LLL,6,23,28,-0.995556,-0.982769,-0.979549,0.002241,0.003811,0.002506,-0.995370,-0.982407,-0.979352,BF7EDCBB,BF7B96C1,BF7AC3B3,3B12E2EC,3B79BBD3,3B243972,BF7ED098,BF7B7F0D,BF7AB6CE
0,LLL,6,23,28,-0.995550,-0.982876,-0.979268,0.001824,0.002518,0.003342,-0.995463,-0.982685,-0.979074,BF7EDC5A,BF7B9DC6,BF7AB14E,3AEF1D21,3B250AF2,3B5B0D15,BF7ED6A9,BF7B9142,BF7AA499
0,LLL,6,23,28,-0.995498,-0.983003,-0.979199,0.002297,0.004518,0.003822,-0.995370,-0.982870,-0.978981,BF7ED8F0,BF7BA61E,BF7AACC1,3B168388,3B94079F,3B7A73FD,BF7ED098,BF7B9D64,BF7A9E88
0,LLL,6,24,28,-0.995544,-0.982983,-0.979155,0.003103,0.005102,0.003508,-0.995278,-0.982685,-0.978889,BF7EDBF8,BF7BA4CA,BF7AA9E8,3B4B5AE0,3BA730D1,3B65E9F1,BF7ECA86,BF7B9142,BF7A9876
0,LLL,6,22,29,-0.995475,-0.982972,-0.979375,0.002699,0.003292,0.003925,-0.995278,-0.982870,-0.979074,BF7ED76B,BF7BA408,BF7AB852,3B30DFEA,3B57BE21,3B809CE3,BF7ECA86,BF7B9D64,BF7AA499
0,LLL,6,23,29,-0.995625,-0.982862,-0.979268,0.001830,0.003241,0.003027,-0.995556,-0.982593,-0.978981,BF7EE148,BF7B9CD3,BF7AB14E,3AEFDD53,3B546207,3B46604D,BF7EDCBB,BF7B8B30,BF7A9E88
0,LLL,6,23,27,-0.995527,-0.982786,-0.979077,0.002616,0.002914,0.006483,-0.995278,-0.982593,-0.978704,BF7EDAD5,BF7B97E5,BF7AA4CA,3B2B7475,3B3EFCCB,3BD46C37,BF7ECA86,BF7B8B30,BF7A8C53
0,LLL,6,20,28,-0.995460,-0.982786,-0.979074,0.003590,0.004606,0.003170,-0.995278,-0.982407,-0.978796,BF7ED679,BF7B97E5,BF7AA499,3B6B46BF,3B96F13D,3B4FBA91,BF7ECA86,BF7B7F0D,BF7A9265
0,LLL,6,24,28,-0.995602,-0.982749,-0.979086,0.001294,0.003986,0.004833,-0.995556,-0.982407,-0.978796,BF7EDFC3,BF7B956E,BF7AA55B,3AA99C1D,3B829B6A,3B9E5F3C,BF7EDCBB,BF7B7F0D,BF7A9265
0,LLL,6,23,27,-0.995579,-0.982650,-0.979117,0.001002,0.003209,0.006069,-0.995556,-0.982407,-0.978704,BF7EDE3F,BF7B8EFB,BF7AA771,3A836113,3B524F3F,3BC6DF01,BF7EDCBB,BF7B7F0D,BF7A8C53
0,LLL,6,24,28,-0.995579,-0.982578,-0.978993,0.002241,0.004373,0.003694,-0.995463,-0.982315,-0.978796,BF7EDE3F,BF7B8A3D,BF7A9F4A,3B12E2EC,3B8F4DED,3B721A3E,BF7ED6A9,BF7B78FC,BF7A9265
0,LLL,6,23,28,-0.995590,-0.982734,-0.979106,0.001121,0.006496,0.006689,-0.995556,-0.982315,-0.978611,BF7EDF01,BF7B947B,BF7AA6AF,3A92E2ED,3BD4D876,3BDB3124,BF7EDCBB,BF7B78FC,BF7A8642
0,LLL,6,24,28,-0.995602,-0.982439,-0.978938,0.001830,0.002812,0.005011,-0.995463,-0.982222,-0.978519,BF7EDFC3,BF7B8123,BF7A9BB0,3AEFDD51,3B3847A6,3BA434F5,BF7ED6A9,BF7B72EA,BF7A8031
0,LLL,6,23,28,-0.995593,-0.982645,-0.979144,0.001137,0.001630,0.006392,-0.995556,-0.982593,-0.978796,BF7EDF32,BF7B8E9A,BF7AA926,3A95035B,3AD5B40F,3BD173E3,BF7EDCBB,BF7B8B30,BF7A9265
0,LLL,6,24,29,-0.995532,-0.982439,-0.978947,0.001531,0.004687,0.002699,-0.995370,-0.982037,-0.978704,BF7EDB36,BF7B8123,BF7A9C41,3AC8AF63,3B999967,3B30DFE2,BF7ED098,BF7B66C8,BF7A8C53
0,LLL,6,24,28,-0.995602,-0.982734,-0.978984,0.001157,0.002454,0.004349,-0.995556,-0.982500,-0.978611,BF7EDFC3,BF7B947B,BF7A9EB8,3A97B421,3B20D60A,3B8E84A8,BF7EDCBB,BF7B851F,BF7A8642
0,LLL,6,23,28,-0.995561,-0.982650,-0.978903,0.001630,0.002879,0.004097,-0.995463,-0.982407,-0.978519,BF7EDD1C,BF7B8EFB,BF7A9969,3AD5B39E,3B3CADEC,3B863C2F,BF7ED6A9,BF7B7F0D,BF7A8031
0,LLL,6,23,28,-0.995584,-0.982552,-0.979005,0.001073,0.003321,0.005240,-0.995556,-0.982315,-0.978704,BF7EDEA0,BF7B8888,BF7AA00C,3A8CA20E,3B59A944,3BABB792,BF7EDCBB,BF7B78FC,BF7A8C53
0,LLL,6,24,28,-0.995579,-0.982590,-0.978953,0.001002,0.002554,0.006882,-0.995556,-0.982407,-0.978519,BF7EDE3F,BF7B8B00,BF7A9CA2,3A836113,3B2768D4,3BE18597,BF7EDCBB,BF7B7F0D,BF7A8031
0,LLL,6,24,27,-0.995642,-0.982679,-0.978900,0.002237,0.001630,0.003784,-0.995556,-0.982593,-0.978704,BF7EE26B,BF7B90E0,BF7A9939,3B129480,3AD5B3F0,3B77F918,BF7EDCBB,BF7B8B30,BF7A8C53
0,HLL,2702,24,30,1.000417,-0.982691,-0.979146,0.002523,0.006311,0.003602,1.000648,-0.982315,-0.978796,3F800DA8,BF7B91A3,BF7AA957,3B255B8A,3BCECE9E,3B6C0A26,3F80153E,BF7B78FC,BF7A9265
0,HLL,2699,23,29,1.000408,-0.982630,-0.979213,0.004128,0.002579,0.004445,1.000741,-0.982407,-0.978796,3F800D5E,BF7B8DA7,BF7AADB3,3B8740AF,3B29034F,3B91A846,3F801846,BF7B7F0D,BF7A9265
0,HLL,2701,24,29,1.000347,-0.982462,-0.979262,0.004051,0.004004,0.004388,1.000556,-0.982130,-0.979074,3F800B62,BF7B82A8,BF7AB0ED,3B84BDB8,3B832FCC,3B8FC63C,3F801234,BF7B6CD9,BF7AA499
0,HLL,2700,23,29,1.000489,-0.982705,-0.979138,0.003021,0.004122,0.003680,1.000648,-0.982500,-0.978889,3F801008,BF7B9295,BF7AA8C5,3B4602D5,3B8711CE,3B712C38,3F80153E,BF7B851F,BF7A9876
0,HLL,2701,23,28,1.000510,-0.982622,-0.979236,0.004214,0.003770,0.005787,1.000741,-0.982407,-0.978981,3F8010B2,BF7B8D16,BF7AAF38,3B8A15C6,3B77109C,3BBDA135,3F801846,BF7B7F0D,BF7A9E88
0,HLL,2700,24,27,1.000524,-0.982786,-0.979158,0.004158,0.003940,0.008413,1.000833,-0.982593,-0.978611,3F801128,BF7B97E5,BF7AAA19,3B883C7C,3B811D48,3C09D7FB,3F801B4E,BF7B8B30,BF7A8642
0,HLL,2701,23,28,1.000480,-0.982700,-0.979227,0.002977,0.002595,0.006887,1.000648,-0.982500,-0.978796,3F800FBE,BF7B9234,BF7AAEA6,3B43174A,3B2A12BB,3BE1A8A1,3F80153E,BF7B851F,BF7A9265
0,HLL,2701,24,28,1.000478,-0.982700,-0.979094,0.003844,0.002782,0.005662,1.000741,-0.982500,-0.978611,3F800FA8,BF7B9234,BF7AA5ED,3B7BEB8E,3B365185,3BB98A8A,3F801846,BF7B851F,BF7A8642
0,HLL,2701,23,29,1.000547,-0.982694,-0.979401,0.003723,0.002856,0.003567,1.000926,-0.982500,-0.979074,3F8011EC,BF7B91D3,BF7ABA07,3B73F6EF,3B3B2F34,3B69BE32,3F801E58,BF7B851F,BF7AA499
0,HLL,2700,23,32,1.000532,-0.982734,-0.979317,0.002952,0.003838,0.005923,1.000741,-0.982407,-0.978704,3F801172,BF7B947B,BF7AB487,3B417266,3B7B86F2,3BC214C8,3F801846,BF7B7F0D,BF7A8C53
0,HLL,2700,24,28,1.000486,-0.982786,-0.979170,0.003751,0.003722,0.004961,1.000741,-0.982407,-0.978889,3F800FEE,BF7B97E5,BF7AAADB,3B75DAE6,3B73E7F8,3BA28E58,3F801846,BF7B7F0D,BF7A9876
0,HLL,2702,23,27,1.000405,-0.982813,-0.979080,0.002572,0.003103,0.005206,1.000648,-0.982500,-0.978611,3F800D48,BF7B999A,BF7AA4FA,3B28951F,3B4B5ABC,3BAA99CD,3F80153E,BF7B851F,BF7A8642
0,HLL,2700,23,28,1.000581,-0.982899,-0.979204,0.003625,0.001219,0.006202,1.000833,-0.982778,-0.978704,3F80130C,BF7B9F4A,BF7AAD22,3B6D8C1B,3A9FC8AF,3BCB3B0A,3F801B4E,BF7B9753,BF7A8C53
0,HLL,2701,24,28,1.000593,-0.982659,-0.979060,0.003417,0.004262,0.003843,1.000833,-0.982315,-0.978704,3F801370,BF7B8F8D,BF7AA3A6,3B5FF65C,3B8BA694,3B7BE261,3F801B4E,BF7B78FC,BF7A8C53
0,HLL,2701,24,28,1.000582,-0.982934,-0.979410,0.004183,0.002274,0.006226,1.000833,-0.982685,-0.979167,3F80130E,BF7BA191,BF7ABA98,3B890EB7,3B15035C,3BCC0454,3F801B4E,BF7B9142,BF7AAAAB
0,HLL,2700,24,32,1.000472,-0.982517,-0.979268,0.003722,0.005286,0.003441,1.000926,-0.982037,-0.978889,3F800F74,BF7B8642,BF7AB14E,3B73EECC,3BAD3731,3B61858F,3F801E58,BF7B66C8,BF7A9876
0,HLL,2701,24,28,1.000669,-0.982810,-0.979129,0.002065,0.002871,0.005607,1.000833,-0.982593,-0.978704,3F8015E8,BF7B9969,BF7AA834,3B07549D,3B3C245D,3BB7B719,3F801B4E,BF7B8B30,BF7A8C53
0,HLL,2701,23,28,1.000365,-0.982920,-0.979230,0.004049,0.005335,0.001778,1.000648,-0.982500,-0.979167,3F800BF2,BF7BA09E,BF7AAED7,3B84ABC0,3BAED058,3AE905B5,3F80153E,BF7B851F,BF7AAAAB
0,HLL,2701,23,28,1.000602,-0.982766,-0.979323,0.002316,0.002506,0.002976,1.000741,-0.982593,-0.979074,3F8013B8,BF7B9691,BF7AB4E8,3B17C20A,3B243943,3B430147,3F801846,BF7B8B30,BF7AA499
0,HLL,2701,23,28,1.000628,-0.982778,-0.979343,0.002066,0.004593,0.008232,1.000741,-0.982407,-0.978981,3F801496,BF7B9753,BF7AB63C,3B075F89,3B96838E,3C06E079,3F801846,BF7B7F0D,BF7A9E88
0,HLL,2701,24,28,1.000570,-0.982726,-0.979369,0.003620,0.002648,0.005286,1.000741,-0.982500,-0.979074,3F8012AC,BF7B93E9,BF7AB7F1,3B6D40E3,3B2D8A1A,3BAD3730,3F801846,BF7B851F,BF7AA499
0,HLL,2701,23,29,1.000541,-0.982778,-0.979282,0.003756,0.001919,0.002087,1.000741,-0.982593,-0.979167,3F8011BE,BF7B9753,BF7AB240,3B762AD3,3AFB923E,3B08BE84,3F801846,BF7B8B30,BF7AAAAB
0,HLL,2701,23,28,1.000544,-0.982815,-0.979251,0.003461,0.002376,0.002971,1.000741,-0.982685,-0.979074,3F8011D2,BF7B99CA,BF7AB02A,3B62D642,3B1BB951,3B42B79A,3F801846,BF7B9142,BF7AA499
0,HLL,2700,23,28,1.000518,-0.982830,-0.979352,0.004286,0.003166,0.002087,1.000833,-0.982685,-0.979259,3F8010F8,BF7B9ABD,BF7AB6CE,3B8C7378,3B4F8319,3B08BE3F,3F801B4E,BF7B9142,BF7AB0BC
0,HLL,2702,23,28,1.000526,-0.983018,-0.979601,0.002680,0.002999,0.010646,1.000741,-0.982778,-0.979167,3F801140,BF7BA710,BF7AC71C,3B2FA765,3B448E26,3C2E6D75,3F801846,BF7B9753,BF7AAAAB
0,HLL,2701,23,28,1.000561,-0.982752,-0.979398,0.003220,0.001661,0.005335,1.000741,-0.982685,-0.979167,3F801266,BF7B959E,BF7AB9D6,3B5300A4,3AD9A907,3BAED472,3F801846,BF7B9142,BF7AAAAB
0,HLL,2701,23,27,1.000535,-0.982870,-0.979311,0.003103,0.002165,0.002772,1.000833,-0.982685,-0.979074,3F801188,BF7B9D64,BF7AB426,3B4B5BED,3B0DE7BF,3B35A397,3F801B4E,BF7B9142,BF7AA499
0,HLL,2700,23,28,1.000541,-0.982839,-0.979196,0.004811,0.002496,0.005857,1.000926,-0.982685,-0.978796,3F8011BE,BF7B9B4F,BF7AAC90,3B9DA76D,3B239B57,3BBFED49,3F801E58,BF7B9142,BF7A9265
0,HLL,2702,23,28,1.000570,-0.982804,-0.979326,0.003666,0.002332,0.002789,1.000926,-0.982593,-0.979167,3F8012AC,BF7B9908,BF7AB519,3B703904,3B18CF75,3B36CF81,3F801E58,BF7B8B30,BF7AAAAB
0,HLL,2700,23,27,1.000521,-0.982975,-0.979413,0.004123,0.003209,0.005478,1.001019,-0.982778,-0.978981,3F801110,BF7BA438,BF7ABAC9,3B871B07,3B524F41,3BB381EE,3F802160,BF7B9753,BF7A9E88
0,HLL,2700,23,28,1.000492,-0.982801,-0.979340,0.003815,0.003170,0.003828,1.000741,-0.982685,-0.979167,3F801020,BF7B98D7,BF7AB60B,3B7A0984,3B4FBA76,3B7ADB37,3F801846,BF7B9142,BF7AAAAB
0,HLL,2700,23,28,1.000477,-0.982775,-0.979089,0.002843,0.002277,0.007207,1.000648,-0.982593,-0.978519,3F800FA4,BF7B9722,BF7AA58C,3B3A529E,3B153D2B,3BEC2BAA,3F80153E,BF7B8B30,BF7A8031
0,HLL,2701,24,27,1.000587,-0.982928,-0.979468,0.002628,0.001611,0.004842,1.000741,-0.982870,-0.979259,3F801340,BF7BA12F,BF7ABE63,3B2C3B39,3AD329BC,3B9EA7BA,3F801846,BF7B9D64,BF7AB0BC
0,HLL,2700,24,29,1.000604,-0.982902,-0.979352,0.003007,0.003095,0.003706,1.000833,-0.982685,-0.978981,3F8013CE,BF7B9F7A,BF7AB6CE,3B450AC4,3B4ADB67,3B72D823,3F801B4E,BF7B9142,BF7A9E88
0,HLL,2701,23,28,1.000515,-0.982951,-0.979204,0.003114,0.003362,0.003215,1.000741,-0.982593,-0.978889,3F8010E2,BF7BA2B4,BF7AAD22,3B4C183D,3B5C547A,3B52AEE5,3F801846,BF7B8B30,BF7A9876
0,HLL,2701,24,27,1.000518,-0.982888,-0.979256,0.003109,0.002551,0.005028,1.000741,-0.982685,-0.978796,3F8010FC,BF7B9E88,BF7AB08C,3B4BC8A9,3B27350E,3BA4C0E9,3F801846,BF7B9142,BF7A9265
0,HLL,2700,23,28,1.000495,-0.982529,-0.979387,0.003550,0.004857,0.003784,1.000741,-0.982130,-0.979167,3F801036,BF7B8704,BF7AB914,3B68A8D7,3B9F268C,3B77F926,3F801846,BF7B6CD9,BF7AAAAB
0,HLL,2699,22,28,1.000434,-0.982630,-0.979627,0.003943,0.006148,0.008728,1.000648,-0.982130,-0.979167,3F800E3C,BF7B8DA7,BF7AC8D1,3B813756,3BC9740C,3C0F0151,3F80153E,BF7B6CD9,BF7AAAAB
0,HLL,2700,23,28,1.000547,-0.982998,-0.979271,0.005798,0.002297,0.002760,1.000926,-0.982870,-0.978981,3F8011EC,BF7BA5BC,BF7AB17E,3BBDFD55,3B1683AE,3B34E533,3F801E58,BF7B9D64,BF7A9E88
0,HLL,2701,23,28,1.000443,-0.982911,-0.979288,0.002993,0.003965,0.002861,1.000741,-0.982593,-0.979074,3F800E80,BF7BA00C,BF7AB2A2,3B44244F,3B81EACE,3B3B7C09,3F801846,BF7B8B30,BF7AA499
0,HLL,2700,23,28,1.000587,-0.982859,-0.979332,0.004316,0.001388,0.002437,1.000926,-0.982778,-0.979074,3F80133E,BF7B9CA2,BF7AB57A,3B8D6C5A,3AB5E2A8,3B1FB6E7,3F801E58,BF7B9753,BF7AA499
0,HLL,2701,24,28,1.000677,-0.982853,-0.979265,0.001778,0.002741,0.001914,1.000833,-0.982685,-0.979074,3F801632,BF7B9C41,BF7AB11D,3AE9037F,3B33A5EE,3AFADB74,3F801B4E,BF7B9142,BF7AA499
0,LHL,6,2678,28,-0.995625,0.983947,-0.979372,0.001919,0.002994,0.003048,-0.995556,0.984167,-0.979167,BF7EE148,3F7BE3F2,BF7AB821,3AFB9271,3B443043,3B47BAFD,BF7EDCBB,3F7BF258,BF7AAAAB
0,LHL,6,2679,27,-0.995631,0.983973,-0.979233,0.002346,0.003584,0.004061,-0.995556,0.984259,-0.978981,BF7EE1A9,3F7BE5A8,BF7AAF07,3B19C384,3B6AE604,3B850EC5,BF7EDCBB,3F7BF86A,BF7A9E88
0,LHL,6,2678,28,-0.995553,0.983788,-0.979178,0.002488,0.006269,0.003871,-0.995370,0.984167,-0.978981,BF7EDC8A,3F7BD982,BF7AAB6D,3B230E7D,3BCD6CA0,3B7DB4FF,BF7ED098,3F7BF258,BF7A9E88
0,LHL,7,2679,28,-0.995553,0.983857,-0.979320,0.000403,0.003405,0.006537,-0.995463,0.984074,-0.978981,BF7EDC8A,3F7BDE10,BF7AB4B8,39D3299A,3B5F2286,3BD636BA,BF7ED6A9,3F7BEC48,BF7A9E88
0,LHL,6,2679,27,-0.995642,0.983973,-0.979170,0.001630,0.003537,0.006326,-0.995556,0.984259,-0.978796,BF7EE26B,3F7BE5A8,BF7AAADB,3AD5B3A3,3B67D375,3BCF4836,BF7EDCBB,3F7BF86A,BF7A9265
0,LHL,6,2678,28,-0.995561,0.983938,-0.979199,0.002382,0.005240,0.003865,-0.995463,0.984352,-0.978889,BF7EDD1C,3F7BE360,BF7AACC1,3B1C15B7,3BABB3DF,3B7D4EDC,BF7ED6A9,3F7BFE7C,BF7A9876
0,LHL,6,2678,28,-0.995564,0.983932,-0.979523,0.001459,0.003705,0.007874,-0.995463,0.984259,-0.979167,BF7EDD4C,3F7BE300,BF7AC1FE,3ABF4818,3B72D076,3C01000C,BF7ED6A9,3F7BF86A,BF7AAAAB
0,LHL,6,2675,28,-0.995625,0.984019,-0.979271,0.001919,0.003514,0.005951,-0.995556,0.984352,-0.978889,BF7EE148,3F7BE8AE,BF7AB17E,3AFB9273,3B6646A0,3BC3014D,BF7EDCBB,3F7BFE7C,BF7A9876
0,LHL,6,2678,27,-0.995558,0.983894,-0.979456,0.000403,0.007227,0.006866,-0.995556,0.984259,-0.979074,BF7EDCEB,3F7BE082,BF7ABDA1,39D3299A,3BECCD12,3BE0F911,BF7EDCBB,3F7BF86A,BF7AA499
0,LHL,6,2679,28,-0.995613,0.984051,-0.979051,0.001712,0.002004,0.004213,-0.995556,0.984259,-0.978519,BF7EE085,3F7BEAC4,BF7AA315,3AE05F68,3B035DC3,3B8A0D60,BF7EDCBB,3F7BF86A,BF7A8031
0,LHL,6,2679,27,-0.995605,0.984114,-0.979517,0.001416,0.003421,0.006617,-0.995556,0.984444,-0.979074,BF7EDFF4,3F7BEEEC,BF7AC19D,3AB98E64,3B602C5E,3BD8D211,BF7EDCBB,3F7C048E,BF7AA499
0,LHL,6,2679,28,-0.995619,0.984005,-0.979288,0.001681,0.004092,0.006082,-0.995556,0.984259,-0.978611,BF7EE0E7,3F7BE7BC,BF7AB2A2,3ADC5462,3B86169E,3BC747C5,BF7EDCBB,3F7BF86A,BF7A8642
0,LHL,6,2678,28,-0.995486,0.984132,-0.979236,0.004910,0.003411,0.002894,-0.995093,0.984352,-0.978704,BF7ED82D,3F7BF012,BF7AAF38,3BA0E7F1,3B5F920F,3B3DA142,BF7EBE63,3F7BFE7C,BF7A8C53
0,LHL,5,2679,27,-0.995582,0.983904,-0.979251,0.001041,0.004524,0.005592,-0.995556,0.984259,-0.978981,BF7EDE6F,3F7BE11C,BF7AB02A,3A886A2A,3B943C1D,3BB739A2,BF7EDCBB,3F7BF86A,BF7A9E88
0,LHL,6,2678,28,-0.995573,0.984036,-0.979291,0.002802,0.003608,0.005292,-0.995370,0.984259,-0.979074,BF7EDDDE,3F7BE9CE,BF7AB2D2,3B379BA9,3B6C6F6A,3BAD64C8,BF7ED098,3F7BF86A,BF7AA499
0,LHL,6,2678,28,-0.995501,0.984037,-0.979329,0.002075,0.002767,0.003967,-0.995370,0.984167,-0.979074,BF7ED920,3F7BE9D4,BF7AB549,3B080090,3B355475,3B8200D8,BF7ED098,3F7BF258,BF7AA499
0,LHL,6,2678,28,-0.995579,0.984065,-0.979436,0.001002,0.004957,0.007553,-0.995556,0.984537,-0.978981,BF7EDE3F,3F7BEBB4,BF7ABC4D,3A836113,3BA26E89,3BF781FF,BF7EDCBB,3F7C0A9E,BF7A9E88
0,LHL,6,2678,27,-0.995602,0.984037,-0.979470,0.001637,0.006595,0.007348,-0.995556,0.984444,-0.979167,BF7EDFC3,3F7BE9D2,BF7ABE94,3AD68A96,3BD81B91,3BF0C9BD,BF7EDCBB,3F7C048E,BF7AAAAB
0,LHL,6,2678,28,-0.995556,0.983880,-0.979332,0.001531,0.005252,0.002505,-0.995463,0.984259,-0.979167,BF7EDCBB,3F7BDF94,BF7AB57A,3AC8AF60,3BAC176C,3B2427BD,BF7ED6A9,3F7BF86A,BF7AAAAB
0,LHL,6,2679,26,-0.995567,0.984103,-0.979184,0.000766,0.006809,0.002346,-0.995556,0.984630,-0.979074,BF7EDD7D,3F7BEE2E,BF7AABCE,3A48AF61,3BDF1F15,3B19C3A3,BF7EDCBB,3F7C10B0,BF7AA499
0,LHL,5,2679,28,-0.995584,0.984166,-0.979265,0.001073,0.004051,0.003792,-0.995556,0.984444,-0.978981,BF7EDEA0,3F7BF254,BF7AB11D,3A8CA211,3B84BFFA,3B788420,BF7EDCBB,3F7C048E,BF7A9E88
0,LHL,6,2679,27,-0.995637,0.984013,-0.979366,0.001611,0.002428,0.005790,-0.995556,0.984167,-0.978981,BF7EE20A,3F7BE84A,BF7AB7C0,3AD3299A,3B1F264C,3BBDBBAF,BF7EDCBB,3F7BF258,BF7A9E88
0,LHL,6,2679,28,-0.995532,0.984045,-0.979554,0.001637,0.002919,0.005349,-0.995370,0.984259,-0.979259,BF7EDB36,3F7BEA62,BF7AC414,3AD68A96,3B3F479C,3BAF4767,BF7ED098,3F7BF86A,BF7AB0BC
0,LHL,6,2679,28,-0.995611,0.984034,-0.979514,0.001137,0.003321,0.005670,-0.995556,0.984259,-0.979167,BF7EE055,3F7BE9A2,BF7AC16C,3A95035D,3B59ABE1,3BB9CC55,BF7EDCBB,3F7BF86A,BF7AAAAB
0,LHL,6,2678,28,-0.995550,0.984059,-0.979358,0.001824,0.002530,0.003792,-0.995463,0.984259,-0.979074,BF7EDC5A,3F7BEB50,BF7AB72F,3AEF1D23,3B25C7E7,3B78841B,BF7ED6A9,3F7BF86A,BF7AA499
0,LHL,6,2679,28,-0.995532,0.984051,-0.979300,0.001002,0.002714,0.002082,-0.995463,0.984259,-0.979167,BF7EDB36,3F7BEAC4,BF7AB364,3A836116,3B31E204,3B086A2F,BF7ED6A9,3F7BF86A,BF7AAAAB
0,LHL,5,2679,28,-0.995582,0.984192,-0.979320,0.001041,0.004182,0.005098,-0.995556,0.984537,-0.979167,BF7EDE70,3F7BF40A,BF7AB4B8,3A886A2B,3B890BD4,3BA70E82,BF7EDCBB,3F7C0A9E,BF7AAAAB
0,LHL,6,2679,28,-0.995544,0.984115,-0.979259,0.001388,0.004555,0.001294,-0.995463,0.984352,-0.979167,BF7EDBF8,3F7BEEF2,BF7AB0BC,3AB5E2E3,3B953FBA,3AA99C56,BF7ED6A9,3F7BFE7C,BF7AAAAB
0,LHL,9,2678,28,-0.995628,0.984083,-0.979343,0.001896,0.003940,0.003490,-0.995370,0.984352,-0.979167,BF7EE178,3F7BECDA,BF7AB63C,3AF8841D,3B811EB0,3B64B03F,BF7ED098,3F7BFE7C,BF7AAAAB
0,LHL,6,2678,28,-0.995616,0.984178,-0.979242,0.003355,0.004511,0.004150,-0.995278,0.984444,-0.978981,BF7EE0B6,3F7BF31A,BF7AAF99,3B5BDEC0,3B93CFD9,3B88009E,BF7ECA86,3F7C048E,BF7A9E88
0,LHL,6,2679,28,-0.995434,0.984291,-0.979175,0.003541,0.003549,0.003189,-0.995093,0.984630,-0.978981,BF7ED4C4,3F7BFA7A,BF7AAB3C,3B680DDF,3B689B3D,3B50F831,BF7EBE63,3F7C10B0,BF7A9E88
0,LHL,6,2678,28,-0.995527,0.983993,-0.979222,0.002199,0.007694,0.003266,-0.995370,0.984722,-0.979074,BF7EDAD5,3F7BE6F4,BF7AAE45,3B101B23,3BFC1B74,3B5611D7,BF7ED098,3F7C16C2,BF7AA499
0,LHL,7,2678,28,-0.995576,0.984158,-0.979375,0.001118,0.004345,0.004051,-0.995463,0.984444,-0.979167,BF7EDE0E,3F7BF1C6,BF7AB852,3A929481,3B8E5FB5,3B84BDAC,BF7ED6A9,3F7C048E,BF7AAAAB
0,LHL,6,2679,28,-0.995558,0.984416,-0.979358,0.001961,0.003634,0.006943,-0.995463,0.984815,-0.979074,BF7EDCEB,3F7C02A8,BF7AB72F,3B008690,3B6E2969,3BE38193,BF7ED6A9,3F7C1CD2,BF7AA499
0,LHL,6,2679,27,-0.995556,0.984155,-0.979170,0.000000,0.005663,0.002350,-0.995556,0.984537,-0.979074,BF7EDCBB,3F7BF198,BF7AAADB,32480000,3BB99093,3B19FBB6,BF7EDCBB,3F7C0A9E,BF7AA499
0,LHL,6,2679,27,-0.995579,0.983822,-0.979144,0.002241,0.001324,0.007320,-0.995463,0.983981,-0.978704,BF7EDE3F,3F7BDBC6,BF7AA926,3B12E2EC,3AAD9306,3BEFDD51,BF7ED6A9,3F7BE636,BF7A8C53
0,LHL,6,2679,28,-0.995544,0.984013,-0.979042,0.000766,0.003908,0.006689,-0.995463,0.984259,-0.978611,BF7EDBF8,3F7BE84C,BF7AA283,3A48AF5C,3B8011F2,3BDB3113,BF7ED6A9,3F7BF86A,BF7A8642
0,LHL,6,2679,27,-0.995613,0.984036,-0.979245,0.002699,0.003513,0.004055,-0.995463,0.984352,-0.978981,BF7EE085,3F7BE9CC,BF7AAFC9,3B30DFEB,3B664214,3B84E38D,BF7ED6A9,3F7BFE7C,BF7A9E88
0,LHL,6,2678,28,-0.995596,0.984088,-0.979248,0.002584,0.002659,0.002506,-0.995463,0.984259,-0.979074,BF7EDF62,3F7BED38,BF7AAFFA,3B295839,3B2E3AC0,3B243976,BF7ED6A9,3F7BF86A,BF7AA499
0,LHL,6,2678,28,-0.995532,0.984103,-0.979065,0.002523,0.005942,0.002611,-0.995370,0.984630,-0.978889,BF7EDB36,3F7BEE2A,BF7AA408,3B2550B3,3BC2B72E,3B2B2050,BF7ED098,3F7C10B0,BF7A9876
0,LHL,6,2678,28,-0.995625,0.983923,-0.979334,0.001736,0.006253,0.006858,-0.995556,0.984444,-0.979074,BF7EE148,3F7BE266,BF7AB5AA,3AE38E33,3BCCE8BF,3BE0B91A,BF7EDCBB,3F7C048E,BF7AA499
0,LHL,6,2678,28,-0.995579,0.984054,-0.979253,0.002315,0.002635,0.003059,-0.995463,0.984259,-0.979074,BF7EDE3F,3F7BEAF0,BF7AB05B,3B17B422,3B2CB226,3B487610,BF7ED6A9,3F7BF86A,BF7AA499
0,LLH,6,22,2669,-0.995339,-0.983032,0.976933,0.005478,0.005640,0.004122,-0.994907,-0.982593,0.977130,BF7ECE82,BF7BA803,3F7A184A,3BB381F1,3BB8D3F0,3B8713A7,BF7EB240,BF7B8B30,3F7A252A
0,LLH,6,23,2668,-0.995486,-0.983414,0.977002,0.001531,0.006090,0.003460,-0.995370,-0.983056,0.977222,BF7ED82E,BF7BC10B,3F7A1CD4,3AC8AF60,3BC78FEC,3B62B9FD,BF7ED098,BF7BA987,3F7A2B3C
0,LLH,6,25,2669,-0.995353,-0.983119,0.976994,0.001778,0.005503,0.007785,-0.995093,-0.982685,0.977500,BF7ECF74,BF7BADB3,3F7A1C44,3AE9054E,3BB455CE,3BFF1B28,BF7EBE63,BF7B9142,3F7A3D70
0,LLH,6,22,2670,-0.995370,-0.983058,0.977144,0.002714,0.004192,0.003710,-0.995093,-0.982778,0.977500,BF7ED098,BF7BA9B8,3F7A261C,3B31E367,3B896114,3B732B42,BF7EBE63,BF7B9753,3F7A3D70
0,LLH,6,22,2669,-0.995417,-0.983171,0.976953,0.002165,0.002087,0.006323,-0.995278,-0.983056,0.977407,BF7ED3A0,BF7BB11D,3F7A199A,3B0DE7E0,3B08BE3F,3BCF2FF9,BF7ECA86,BF7BA987,3F7A3760
0,LLH,6,23,2669,-0.995532,-0.983209,0.977104,0.002087,0.002752,0.002538,-0.995370,-0.983056,0.977315,BF7EDB36,BF7BB394,3F7A2376,3B08BE6A,3B3455A8,3B26504F,BF7ED098,BF7BA987,3F7A314E
0,LLH,6,23,2669,-0.995318,-0.983119,0.976962,0.003748,0.002485,0.006109,-0.995000,-0.982963,0.977407,BF7ECD2E,BF7BADB3,3F7A1A2C,3B759AE3,3B22D98C,3BC82E5D,BF7EB852,BF7BA376,3F7A3760
0,LLH,6,23,2669,-0.995367,-0.983249,0.977086,0.003447,0.003027,0.005699,-0.995093,-0.983056,0.977500,BF7ED067,BF7BB63C,3F7A2254,3B61EB83,3B466024,3BBABF33,BF7EBE63,BF7BA987,3F7A3D70
0,LLH,6,22,2670,-0.995460,-0.983307,0.977124,0.002554,0.004142,0.005488,-0.995278,-0.982963,0.977500,BF7ED679,BF7BBA07,3F7A24CA,3B2768C0,3B87BBC0,3BB3D3F6,BF7ECA86,BF7BA376,3F7A3D70
0,LLH,7,23,2667,-0.995405,-0.983249,0.977127,0.002820,0.003392,0.004961,-0.995278,-0.983056,0.977500,BF7ED2DE,BF7BB63C,3F7A24F8,3B38D3F9,3B5E4F40,3BA28D5C,BF7ECA86,BF7BA987,3F7A3D70
0,LLH,6,23,2669,-0.995330,-0.983252,0.976993,0.002237,0.002879,0.005208,-0.995093,-0.983056,0.977407,BF7ECDF0,BF7BB66D,3F7A1C3E,3B129481,3B3CADD4,3BAAA431,BF7EBE63,BF7BA987,3F7A3760
0,LLH,6,22,2669,-0.995457,-0.983174,0.977057,0.001999,0.002964,0.004081,-0.995278,-0.982963,0.977593,BF7ED648,BF7BB14E,3F7A206A,3B030961,3B424117,3B85BACC,BF7ECA86,BF7BA376,3F7A4382
0,LLH,6,22,2670,-0.995437,-0.983449,0.977113,0.002789,0.004253,0.007443,-0.995185,-0.983148,0.977593,BF7ED4F4,BF7BC352,3F7A240E,3B36CF89,3B8B5951,3BF3E685,BF7EC475,BF7BAF99,3F7A4382
0,LLH,6,22,2669,-0.995434,-0.983244,0.977179,0.001349,0.004426,0.003882,-0.995370,-0.982963,0.977407,BF7ED4C4,BF7BB5DB,3F7A2866,3AB0DFEA,3B9104F2,3B7E6343,BF7ED098,BF7BA376,3F7A3760
0,LLH,6,23,2668,-0.995457,-0.983316,0.977055,0.002451,0.002616,0.006163,-0.995278,-0.983056,0.977500,BF7ED648,BF7BBA98,3F7A2042,3B20A05D,3B2B747D,3BC9F65A,BF7ECA86,BF7BA987,3F7A3D70
0,LLH,6,23,2669,-0.995437,-0.983261,0.977104,0.002105,0.003459,0.002258,-0.995278,-0.982963,0.977222,BF7ED4F4,BF7BB6FE,3F7A2376,3B09F893,3B62B6E0,3B14002D,BF7ECA86,BF7BA376,3F7A2B3C
0,LLH,7,23,2670,-0.995376,-0.983397,0.977277,0.001410,0.002551,0.005362,-0.995278,-0.983148,0.977685,BF7ED0F9,BF7BBFE8,3F7A2ED8,3AB8D3F8,3B273542,3BAFB745,BF7ECA86,BF7BAF99,3F7A4994
0,LLH,6,24,2669,-0.995327,-0.983102,0.977109,0.002950,0.007088,0.004692,-0.995093,-0.982685,0.977500,BF7ECDC0,BF7BAC90,3F7A23D8,3B4153AC,3BE83F72,3B99BC8F,BF7EBE63,BF7B9142,3F7A3D70
0,LLH,6,23,2669,-0.995286,-0.982957,0.977184,0.002797,0.006123,0.006038,-0.995093,-0.982500,0.977500,BF7ECB18,BF7BA315,3F7A28C0,3B374D40,3BC8A109,3BC5DB7D,BF7EBE63,BF7B851F,3F7A3D70
0,LLH,7,23,2670,-0.995176,-0.983067,0.977280,0.002736,0.002297,0.004082,-0.994907,-0.982870,0.977500,BF7EC3E3,BF7BAA4A,3F7A2F04,3B3355D9,3B16839B,3B85BE7D,BF7EB240,BF7B9D64,3F7A3D70
0,LLH,6,23,2668,-0.995243,-0.983160,0.977497,0.002699,0.004282,0.002619,-0.995093,-0.982870,0.977685,BF7EC840,BF7BB05B,3F7A3D40,3B30DFEC,3B8C501E,3B2BA236,BF7EBE63,BF7B9D64,3F7A4994
0,LLH,6,22,2669,-0.995246,-0.983270,0.977370,0.004117,0.004424,0.003109,-0.994907,-0.982778,0.977593,BF7EC870,BF7BB790,3F7A34E6,3B86E729,3B90F613,3B4BBE41,BF7EB240,BF7B9753,3F7A4382
0,LLH,6,24,2669,-0.995304,-0.983241,0.977324,0.002789,0.003839,0.002612,-0.995093,-0.982870,0.977500,BF7ECC3B,BF7BB5AA,3F7A31E4,3B36CF87,3B7B9262,3B2B2859,BF7EBE63,BF7B9D64,3F7A3D70
0,LLH,6,24,2671,-0.995532,-0.981913,0.977506,0.001002,0.005833,0.004663,-0.995463,-0.981667,0.977778,BF7EDB36,BF7B5EA0,3F7A3DD8,3A836116,3BBF2643,3B98CCDA,BF7ED6A9,BF7B4E82,3F7A4FA4
0,LLH,6,25,2666,-0.995480,-0.981970,0.977604,0.002802,0.002024,0.006117,-0.995278,-0.981759,0.978056,BF7ED7CC,BF7B626B,3F7A4440,3B379BA7,3B04A815,3BC87497,BF7ECA86,BF7B5493,3F7A61DA
0,LLH,6,25,2670,-0.995547,-0.981745,0.977503,0.000675,0.004257,0.004310,-0.995463,-0.981574,0.977870,BF7EDC29,BF7B53A0,3F7A3DA2,3A30DFEB,3B8B7D6A,3B8D3DEF,BF7ED6A9,BF7B4870,3F7A55B6
0,LLH,6,24,2670,-0.995509,-0.981852,0.977268,0.001919,0.005902,0.002715,-0.995370,-0.981389,0.977500,BF7ED9B2,BF7B5AA5,3F7A2E44,3AFB9270,3BC1628D,3B31E9AD,BF7ED098,BF7B3C4D,3F7A3D70
0,LLH,6,25,2669,-0.995428,-0.981765,0.977399,0.001611,0.004250,0.002340,-0.995278,-0.981481,0.977593,BF7ED463,BF7B54F4,3F7A36CC,3AD3299D,3B8B44A2,3B1961C1,BF7ECA86,BF7B425F,3F7A4382
0,LLH,6,25,2669,-0.995477,-0.981684,0.977694,0.002463,0.002616,0.007305,-0.995278,-0.981481,0.978241,BF7ED79C,BF7B4FA5,3F7A4A26,3B2164E8,3B2B748B,3BEF5F9F,BF7ECA86,BF7B425F,3F7A6DFC
0,LLH,6,25,2670,-0.995434,-0.981707,0.977526,0.001349,0.002772,0.004815,-0.995278,-0.981389,0.977870,BF7ED4C4,BF7B5129,3F7A3F24,3AB0DFEC,3B35A39F,3B9DC534,BF7ECA86,BF7B3C4D,3F7A55B6
0,LLH,6,24,2670,-0.995579,-0.981606,0.977202,0.003324,0.003951,0.005264,-0.995370,-0.981389,0.977685,BF7EDE3F,BF7B4A86,3F7A29EA,3B59DE27,3B81764C,3BAC7BEC,BF7ED098,BF7B3C4D,3F7A4994
0,LLH,6,25,2669,-0.995477,-0.981606,0.977468,0.002463,0.003405,0.004965,-0.995278,-0.981481,0.977870,BF7ED79C,BF7B4A86,3F7A3B5C,3B2164E8,3B5F1E0A,3BA2AE1C,BF7ECA86,BF7B425F,3F7A55B6
0,LLH,6,27,2672,-0.995515,-0.981612,0.977275,0.001148,0.001401,0.005365,-0.995463,-0.981481,0.977593,BF7EDA13,BF7B4AE7,3F7A2EAC,3A968388,3AB79C1E,3BAFCB2E,BF7ED6A9,BF7B425F,3F7A4382
0,LLH,6,24,2670,-0.995440,-0.981753,0.977558,0.002315,0.003004,0.002438,-0.995278,-0.981481,0.977778,BF7ED525,BF7B5432,3F7A413E,3B17B422,3B44D725,3B1FCB4E,BF7ECA86,BF7B425F,3F7A4FA4
0,LLH,6,25,2670,-0.995443,-0.981800,0.977720,0.001982,0.004942,0.005895,-0.995278,-0.981481,0.978148,BF7ED555,BF7B573B,3F7A4BD8,3B01EAC1,3BA1F34A,3BC12787,BF7ECA86,BF7B425F,3F7A67EA
0,LLH,6,24,2670,-0.995431,-0.981693,0.977407,0.001099,0.002964,0.003423,-0.995370,-0.981481,0.977778,BF7ED493,BF7B5037,3F7A375E,3A901B21,3B424132,3B605CB2,BF7ED098,BF7B425F,3F7A4FA4
0,LLH,6,25,2669,-0.995472,-0.981895,0.977399,0.001673,0.005078,0.005409,-0.995370,-0.981574,0.977778,BF7ED73B,BF7B5D7D,3F7A36CE,3ADB4EA7,3BA661E6,3BB13D6B,BF7ED098,BF7B4870,3F7A4FA4
0,LLH,6,25,2669,-0.995550,-0.981898,0.977208,0.001730,0.002588,0.006473,-0.995463,-0.981759,0.977593,BF7EDC5A,BF7B5DAD,3F7A2A48,3AE2C395,3B299C18,3BD41AA9,BF7ED6A9,BF7B5493,3F7A4382
0,LLH,6,24,2669,-0.995518,-0.981965,0.977549,0.001137,0.004081,0.008544,-0.995463,-0.981667,0.978148,BF7EDA44,BF7B620A,3F7A40AC,3A95035C,3B85BB59,3C0BFB90,BF7ED6A9,BF7B4E82,3F7A67EA
0,LLH,6,25,2670,-0.995498,-0.981849,0.977280,0.003460,0.003590,0.006063,-0.995278,-0.981574,0.977685,BF7ED8F0,BF7B5A74,3F7A2F04,3B62C393,3B6B46B5,3BC6A9E1,BF7ECA86,BF7B4870,3F7A4994
0,LLH,6,24,2673,-0.995475,-0.981889,0.977239,0.002506,0.003215,0.003901,-0.995278,-0.981574,0.977870,BF7ED76B,BF7B5D1C,3F7A2C5C,3B243956,3B52AED4,3B7FA615,BF7ECA86,BF7B4870,3F7A55B6
0,LLH,6,24,2669,-0.995503,-0.981777,0.977497,0.002518,0.003346,0.005625,-0.995370,-0.981481,0.977870,BF7ED951,BF7B55B6,3F7A3D44,3B250B08,3B5B4E9F,3BB8510F,BF7ED098,BF7B425F,3F7A55B6
0,medio,1475,1675,438,0.092405,0.241441,-0.675356,0.002921,0.001523,0.003429,0.092593,0.241574,-0.675093,3DBD3EA0,3E773C50,BF2CE41F,3B3F726E,3AC7AE69,3B60BB21,3DBDA130,3E775F30,BF2CD2DE
0,medio,1475,1676,439,0.092405,0.241308,-0.675477,0.001473,0.002936,0.002250,0.092500,0.241481,-0.675278,3DBD3EA0,3E771960,BF2CEC16,3AC11A53,3B406FDE,3B136D1C,3DBD70A0,3E7746E8,BF2CDF01
0,medio,1475,1676,438,0.092468,0.241351,-0.675503,0.001487,0.002075,0.002890,0.092593,0.241481,-0.675278,3DBD5FF0,3E7724C0,BF2CEDCA,3AC2E989,3B07FE57,3B3D6629,3DBDA130,3E7746E8,BF2CDF01
0,medio,1474,1676,440,0.092439,0.241374,-0.675388,0.001596,0.002530,0.003858,0.092593,0.241481,-0.675093,3DBD50C0,3E772AE0,BF2CE636,3AD12656,3B25C68B,3B7CD41C,3DBDA130,3E7746E8,BF2CD2DE
0,medio,1475,1676,439,0.092387,0.241363,-0.675229,0.003827,0.002728,0.006521,0.092593,0.241481,-0.674907,3DBD3570,3E7727D0,BF2CDBC8,3B7AD16A,3B32CF67,3BD5AFD1,3DBDA130,3E7746E8,BF2CC6BC
0,medio,1475,1676,439,0.092442,0.241525,-0.675012,0.002296,0.001735,0.004547,0.092593,0.241667,-0.674630,3DBD5260,3E775250,BF2CCD90,3B167BAC,3AE37072,3B950221,3DBDA130,3E777778,BF2CB487
0,medio,1475,1676,439,0.092497,0.241522,-0.675061,0.001473,0.002236,0.003501,0.092593,0.241667,-0.674815,3DBD6F10,3E775188,BF2CD0C8,3AC11779,3B128F4F,3B6575C5,3DBDA130,3E777778,BF2CC0AA
0,medio,1475,1676,439,0.092352,0.241597,-0.674879,0.003317,0.001831,0.002199,0.092593,0.241667,-0.674815,3DBD2340,3E776538,BF2CC4D8,3B596A54,3AEFF35F,3B101A8E,3DBDA130,3E777778,BF2CC0AA
0,medio,1475,1676,440,0.092512,0.241840,-0.674586,0.001711,0.002296,0.004701,0.092593,0.242037,-0.674167,3DBD76C0,3E77A508,BF2CB1B0,3AE052B1,3B167C53,3B9A0A90,3DBDA130,3E77D890,BF2C9630
0,medio,1475,1677,440,0.092526,0.242072,-0.674039,0.001445,0.004584,0.001504,0.092593,0.242222,-0.673889,3DBD7E40,3E77E1B0,BF2C8DD8,3ABD6290,3B9634E9,3AC51367,3DBDA130,3E780918,BF2C83FC
0,medio,1475,1677,441,0.092549,0.242153,-0.673620,0.001156,0.002165,0.003392,0.092593,0.242315,-0.673333,3DBD8A60,3E77F6E8,BF2C725A,3A977620,3B0DDF8E,3B5E507F,3DBDA130,3E782160,BF2C5F93
0,medio,1475,1677,441,0.092523,0.242182,-0.673487,0.001919,0.001630,0.002812,0.092593,0.242315,-0.673333,3DBD7CD0,3E77FE78,BF2C699E,3AFB83C5,3AD59AD3,3B3846B2,3DBDA130,3E782160,BF2C5F93
0,medio,1475,1677,440,0.092460,0.242167,-0.673449,0.002648,0.001622,0.001531,0.092593,0.242222,-0.673333,3DBD5B80,3E77FAB0,BF2C6728,3B2D8397,3AD48C2A,3AC8ACC6,3DBDA130,3E780918,BF2C5F93
0,medio,1475,1677,440,0.092500,0.242176,-0.673434,0.002455,0.001156,0.001770,0.092593,0.242222,-0.673333,3DBD7080,3E77FCF8,BF2C6634,3B20E22F,3A979000,3AE80840,3DBDA130,3E780918,BF2C5F93
0,medio,1475,1677,441,0.092457,0.242228,-0.673322,0.001291,0.001999,0.002572,0.092593,0.242407,-0.673148,3DBD59E0,3E780AA0,BF2C5ED0,3AA9381F,3B0305FC,3B2888AB,3DBDA130,3E7839A8,BF2C5370
0,medio,1475,1677,441,0.092462,0.242263,-0.673374,0.002643,0.002381,0.002451,0.092593,0.242407,-0.673241,3DBD5CE0,3E7813C8,BF2C623A,3B2D30FE,3B1C12A0,3B209CD5,3DBDA130,3E7839A8,BF2C5982
0,medio,1475,1676,441,0.092338,0.242211,-0.673304,0.006392,0.001387,0.001219,0.092593,0.242315,-0.673241,3DBD1BC0,3E780618,BF2C5DAC,3BD1733A,3AB5CF1D,3A9FC868,3DBDA130,3E782160,BF2C5982
0,medio,1474,1677,441,0.092445,0.242280,-0.673351,0.002943,0.002699,0.003858,0.092593,0.242500,-0.673148,3DBD53E0,3E781838,BF2C60B4,3B40D8E7,3B30DDE7,3B7CCEE0,3DBDA130,3E7851E8,BF2C5370
0,medio,1475,1677,441,0.092538,0.242222,-0.673229,0.001622,0.001636,0.003602,0.092593,0.242315,-0.672963,3DBD8460,3E780908,BF2C58BE,3AD4A018,3AD67B4F,3B6C1466,3DBDA130,3E782160,BF2C474D
0,medio,1475,1677,442,0.092303,0.242277,-0.673067,0.006693,0.002513,0.003103,0.092593,0.242407,-0.672870,3DBD0980,3E781788,BF2C4E21,3BDB50C2,3B24B081,3B4B5CBA,3DBDA130,3E7839A8,BF2C413C
0,medio,1474,1677,441,0.092370,0.242294,-0.672891,0.002376,0.001983,0.004282,0.092593,0.242407,-0.672500,3DBD2C70,3E781C08,BF2C4290,3B1BBB7C,3B01F6AC,3B8C4BD6,3DBDA130,3E7839A8,BF2C28F6
0,medio,1475,1677,441,0.092448,0.242301,-0.673064,0.001729,0.001309,0.001863,0.092593,0.242407,-0.672963,3DBD5540,3E781DA0,BF2C4DF1,3AE2ADEF,3AAB845B,3AF4252C,3DBDA130,3E7839A8,BF2C474D
0,medio,1474,1678,441,0.092327,0.242335,-0.672815,0.002993,0.002367,0.002885,0.092500,0.242500,-0.672593,3DBD15C0,3E7826B8,BF2C3DA2,3B442E37,3B1B2557,3B3D1A24,3DBD70A0,3E7851E8,BF2C2F07
0,medio,1475,1677,441,0.092419,0.242271,-0.672905,0.002146,0.002164,0.002438,0.092593,0.242500,-0.672685,3DBD4620,3E781600,BF2C4383,3B0C9E82,3B0DD4C3,3B1FCA55,3DBDA130,3E7851E8,BF2C3518
0,medio,1475,1677,442,0.092428,0.242312,-0.672639,0.002698,0.002203,0.004876,0.092593,0.242500,-0.672315,3DBD4AC0,3E7820A8,BF2C320F,3B30CB7F,3B1060E4,3B9FC81A,3DBDA130,3E7851E8,BF2C1CD3
0,medio,1474,1678,442,0.092321,0.242471,-0.672703,0.002237,0.002801,0.004536,0.092407,0.242685,-0.672407,3DBD12A0,3E784A60,BF2C363D,3B12A1E8,3B379782,3B94A174,3DBD4020,3E788278,BF2C22E4
0,medio,1474,1677,439,0.092361,0.242434,-0.672714,0.002386,0.001660,0.002802,0.092500,0.242593,-0.672500,3DBD27D0,3E784088,BF2C36FE,3B1C624D,3AD99579,3B379C90,3DBD70A0,3E786A30,BF2C28F6
0,medio,1475,1677,442,0.092376,0.242448,-0.672581,0.002358,0.001523,0.004398,0.092500,0.242593,-0.672315,3DBD2F80,3E784448,BF2C2E44,3B1A8E7B,3AC7AF03,3B901A12,3DBD70A0,3E786A30,BF2C1CD3
0,medio,1474,1677,443,0.092332,0.242459,-0.672465,0.002199,0.003703,0.002879,0.092500,0.242778,-0.672222,3DBD18C0,3E784748,BF2C26AE,3B101C73,3B72A970,3B3CAB3B,3DBD70A0,3E789AC0,BF2C16C2
0,medio,1475,1678,442,0.092347,0.242497,-0.672509,0.001885,0.002978,0.003241,0.092500,0.242685,-0.672222,3DBD2060,3E785128,BF2C2987,3AF7146E,3B432B2F,3B545F0C,3DBD70A0,3E788278,BF2C16C2
0,medio,1475,1677,443,0.092433,0.242555,-0.672347,0.004340,0.004045,0.002985,0.092593,0.242778,-0.672130,3DBD4DA0,3E786060,BF2C1EE8,3B8E3460,3B848E9C,3B43A383,3DBDA130,3E789AC0,BF2C10B0
0,medio,1475,1677,443,0.092393,0.242674,-0.672332,0.001648,0.003157,0.003680,0.092500,0.242778,-0.672037,3DBD3880,3E787F80,BF2C1DF6,3AD7FB27,3B4EE135,3B712E64,3DBD70A0,3E789AC0,BF2C0A9E
0,medio,1475,1678,443,0.092477,0.242483,-0.672347,0.001735,0.002485,0.003202,0.092593,0.242685,-0.672130,3DBD64A0,3E784D60,BF2C1EE8,3AE379A5,3B22D37D,3B51D457,3DBDA130,3E788278,BF2C10B0
0,medio,1475,1678,442,0.092364,0.242642,-0.672251,0.003660,0.003006,0.002041,0.092593,0.242963,-0.672130,3DBD2970,3E787708,BF2C18A6,3B6FD5CE,3B450800,3B05C1EB,3DBDA130,3E78CB48,BF2C10B0
0,medio,1475,1678,443,0.092382,0.242769,-0.672318,0.002105,0.002193,0.004349,0.092593,0.242963,-0.671944,3DBD3290,3E789870,BF2C1D04,3B09F6D8,3B0FB277,3B8E8536,3DBDA130,3E78CB48,BF2C048D
0,medio,1475,1678,443,0.092318,0.242761,-0.672017,0.004754,0.002273,0.002698,0.092500,0.242870,-0.671852,3DBD1120,3E789638,BF2C094C,3B9BC5F1,3B14FE20,3B30D13E,3DBD70A0,3E78B300,BF2BFE7C
0,medio,1475,1678,443,0.092471,0.242787,-0.671916,0.001349,0.002340,0.004536,0.092593,0.242963,-0.671574,3DBD6170,3E789D10,BF2C02A8,3AB0C3E6,3B195FEB,3B94A351,3DBDA130,3E78CB48,BF2BEC48
0,medio,1474,1678,443,0.092526,0.242842,-0.671916,0.001660,0.001072,0.001681,0.092593,0.242870,-0.671852,3DBD7E30,3E78AB78,BF2C02A8,3AD9A18F,3A8C80E0,3ADC5664,3DBDA130,3E78B300,BF2BFE7C
0,medio,1474,1678,444,0.092355,0.242871,-0.671976,0.002518,0.002314,0.002497,0.092500,0.243056,-0.671852,3DBD24E0,3E78B310,BF2C06A4,3B250A75,3B17ADC6,3B239CE3,3DBD70A0,3E78E390,BF2BFE7C
0,medio,1475,1678,443,0.092456,0.242810,-0.671950,0.001529,0.004237,0.002947,0.092593,0.242963,-0.671852,3DBD59D0,3E78A318,BF2C04F0,3AC85BD7,3B8AD9AF,3B4128C3,3DBDA130,3E78CB48,BF2BFE7C
0,medio,1474,1678,442,0.092474,0.242752,-0.672008,0.001851,0.002667,0.002274,0.092593,0.242963,-0.671852,3DBD62F0,3E7893E0,BF2C08BA,3AF29579,3B2EC1A3,3B1504B4,3DBDA130,3E78CB48,BF2BFE7C
0,medio,1474,1678,443,0.092564,0.242865,-0.671956,0.001219,0.001999,0.001388,0.092593,0.242963,-0.671852,3DBD9210,3E78B188,BF2C0550,3A9FCD8E,3B0300F3,3AB5E492,3DBDA130,3E78CB48,BF2BFE7C
0,movimiento,1475,1678,444,0.092546,0.243088,-0.671256,0.001158,0.001371,0.005043,0.092593,0.243241,-0.670926,3DBD8900,3E78EC00,BF2BD76A,3A97C24A,3AB3AE9A,3BA54062,3DBDA130,3E791418,BF2BC1CD
0,movimiento,1475,1678,444,0.092572,0.243163,-0.671094,0.000957,0.002900,0.003814,0.092593,0.243333,-0.670741,3DBD9690,3E78FFA8,BF2BCCCC,3A7AF227,3B3E07AB,3B79F5E6,3DBDA130,3E792C60,BF2BB5AA
0,movimiento,1475,1678,443,0.092413,0.243062,-0.671241,0.004735,0.004251,0.001516,0.092593,0.243426,-0.671111,3DBD4330,3E78E520,BF2BD677,3B9B2466,3B8B4838,3AC6AA90,3DBDA130,3E7944A8,BF2BCDF0
0,movimiento,1475,1678,444,0.092433,0.243091,-0.671076,0.002258,0.002297,0.004970,0.092593,0.243241,-0.670648,3DBD4DC0,3E78ECB8,BF2BCBA8,3B14002D,3B168727,3BA2D97F,3DBDA130,3E791418,BF2BAF99
0,movimiento,1475,1678,444,0.092517,0.243041,-0.671137,0.001349,0.002250,0.004340,0.092593,0.243241,-0.670926,3DBD79D0,3E78DFB8,BF2BCFA4,3AB0DD29,3B137264,3B8E351A,3DBDA130,3E791418,BF2BC1CD
0,movimiento,1475,1678,407,0.092384,0.243134,-0.676082,0.001637,0.002174,0.161168,0.092500,0.243241,-0.670926,3DBD3400,3E78F818,BF2D13B9,3AD6881E,3B0E7151,3E250946,3DBD70A0,3E791418,BF2BC1CD
0,movimiento,1475,1679,290,0.092509,0.243194,-0.733403,0.001339,0.003116,0.571455,0.092593,0.243426,-0.698519,3DBD7530,3E7907F8,BF3BC048,3AAF91E3,3B4C39F2,3F124ADE,3DBDA130,3E7944A8,BF32D21C
0,movimiento,1475,1681,224,0.092569,0.240318,-0.805532,0.001003,0.105333,0.289206,0.092593,0.244537,-0.784259,3DBD9500,3E761608,BF4E3760,3A836D2B,3DD7B8F4,3E9412CE,3DBDA130,3E7A67E8,BF48C537
0,movimiento,1475,1681,131,0.092457,0.244998,-0.860883,0.001634,0.001783,0.412114,0.092593,0.245093,-0.833982,3DBD59F0,3E7AE0A0,BF5C62CC,3AD63C7A,3AE9A783,3ED300A4,3DBDA130,3E7AF990,BF557FD0
0,movimiento,1475,1686,36,0.092312,0.247526,-0.946146,0.003447,0.041316,0.487510,0.092593,0.249167,-0.906852,3DBD0DF0,3E7D7780,BF72369D,3B61EC25,3D293B65,3EF99AE9,3DBDA130,3E7F2588,BF682771
0,movimiento,1475,1684,31,0.092416,0.249219,-0.973258,0.001673,0.007610,0.015565,0.092500,0.249444,-0.972778,3DBD44B0,3E7F3330,BF792771,3ADB3B8B,3BF96031,3C7F057D,3DBD70A0,3E7F6E60,BF7907F7
0,movimiento,1475,1682,23,0.092190,0.246235,-0.979797,0.004932,0.022477,0.069948,0.092500,0.247870,-0.975000,3DBCCE50,3E7C2528,BF7AD401,3BA19990,3CB82229,3D8F40B4,3DBD70A0,3E7DD1B8,BF79999A
0,movimiento,1497,1682,24,0.094731,0.245732,-0.982905,0.084116,0.001339,0.007034,0.103889,0.245833,-0.982315,3DC20260,3E7BA130,BF7B9FAB,3DAC44EC,3AAF91E3,3BE67FD2,3DD4C3B0,3E7BBBB8,BF7B78FC
0,movimiento,1599,1682,23,0.139216,0.245824,-0.983021,0.465613,0.003392,0.003312,0.174167,0.246111,-0.982593,3E0E8EA0,3E7BB960,BF7BA741,3EEE64E2,3B5E4F8D,3B590A92,3E3258C0,3E7C0490,BF7B8B30
0,movimiento,1693,1682,25,0.224349,0.245871,-0.982564,0.524168,0.001722,0.006430,0.252315,0.246019,-0.982222,3E65BBB8,3E7BC590,BF7B894B,3F062FE5,3AE1C25E,3BD2AED1,3E812F68,3E7BEC48,BF7B72EA
0,movimiento,1713,1682,126,0.262300,0.245801,-0.955483,0.088738,0.001884,0.513448,0.267870,0.245926,-0.916481,3E864C3C,3E7BB348,BF749A8C,3DB5BC77,3AF6FBF8,3F03715B,3E892650,3E7BD400,BF6A9E88
0,movimiento,1720,1681,226,0.272656,0.245680,-0.869091,0.046320,0.003548,0.463809,0.274259,0.245833,-0.839167,3E8B9994,3E7B9388,BF5E7CC7,3D3DB9BC,3B688A6A,3EED786F,3E8C6BB4,3E7BBBB8,BF56D3A0
0,movimiento,1720,1682,315,0.274106,0.245784,-0.803122,0.002812,0.002713,0.436196,0.274259,0.245926,-0.773241,3E8C5798,3E7BAEE0,BF4D9969,3B3843F8,3B31CE13,3EDF5517,3E8C6BB4,3E7BD400,BF45F31B
0,movimiento,1721,1683,399,0.274123,0.246042,-0.735856,0.001529,0.005490,0.410588,0.274259,0.246482,-0.708982,3E8C59E4,3E7BF260,BF3C6117,3AC87381,3BB3E81C,3ED23891,3E8C6BB4,3E7C65A8,BF357FD0
0,movimiento,1720,1683,450,0.274245,0.246531,-0.685304,0.001647,0.003006,0.238683,0.274352,0.246759,-0.670833,3E8C69D0,3E7C7288,BF2F7012,3AD7EBC5,3B44FFF8,3E74694B,3E8C77D8,3E7CAE78,BF2BBBBC
0,movimiento,1720,1683,516,0.274199,0.246689,-0.642523,0.002496,0.001737,0.304188,0.274352,0.246759,-0.622037,3E8C63C4,3E7C9C28,BF247C66,3B239466,3AE3A3E8,3E9BBE88,3E8C77D8,3E7CAE78,BF1F3DD2
0,movimiento,1720,1641,594,0.274312,0.241111,-0.592376,0.002451,0.180524,0.355027,0.274537,0.246759,-0.567500,3E8C7290,3E76E5D0,BF17A5ED,3B20A14F,3E38DB5B,3EB5C617,3E8C9020,3E7CAE78,BF1147AE
0,movimiento,1721,1497,675,0.274262,0.166574,-0.530642,0.002682,0.720940,0.402189,0.274444,0.212685,-0.504074,3E8C6C1C,3E2A9260,BF07D82E,3B2FC771,3F388F80,3ECDEBAB,3E8C83FC,3E59CA28,BF010B00
0,movimiento,1720,1338,756,0.274300,0.055987,-0.470460,0.003219,0.784472,0.400771,0.274537,0.107870,-0.444815,3E8C7100,3D655260,BEF0E024,3B52F401,3F48D329,3ECD31E2,3E8C9020,3DDCEB20,BEE3BEC4
0,movimiento,1720,1148,794,0.274204,-0.072899,-0.425408,0.002943,0.917919,0.192858,0.274444,-0.012778,-0.413889,3E8C6480,BD954C48,BED9CF14,3B40D899,3F6AFCB7,3E457C7C,3E8C83FC,BC515A00,BED3E93E
0,movimiento,1720,1040,798,0.274250,-0.196759,-0.409673,0.002479,0.537781,0.020517,0.274444,-0.155370,-0.409074,3E8C6A8C,BE497B44,BED1C0A8,3B227CD7,3F09ABFD,3CA813F8,3E8C83FC,BE1F1968,BED17228
0,movimiento,1720,1039,767,0.274175,-0.230310,-0.412240,0.001208,0.009324,0.097848,0.274259,-0.229537,-0.409074,3E8C60B4,BE6BD644,BED31110,3A9E4D31,3C18C565,3DC8647C,3E8C6BB4,BE6B0BC0,BED17228
0,movimiento,1720,1039,663,0.274193,-0.230006,-0.466189,0.001758,0.004130,0.506186,0.274352,-0.229722,-0.432500,3E8C62F8,BE6B86A0,BEEEB05C,3AE66C4A,3B875621,3F019561,3E8C77D8,BE6B3C4C,BEDD70A4
0,movimiento,1733,1039,500,0.275191,-0.230203,-0.566817,0.041618,0.003296,0.781796,0.280093,-0.229907,-0.514630,3E8CE5D8,BE6BBA38,BF111AED,3D2A77D0,3B57FD74,3F4823C0,3E8F684C,BE6B6CD8,BF03BEC4
0,movimiento,1827,1039,371,0.308533,-0.230260,-0.676415,0.463129,0.002741,0.633858,0.342778,-0.230093,-0.631296,3E9DF80C,BE6BC960,BF2D2988,3EED1F32,3B33A29C,3F224484,3EAF8090,BE6B9D64,BF219CA2
0,movimiento,2006,1039,220,0.422653,-0.230049,-0.778900,0.849609,0.003705,0.716234,0.475185,-0.229815,-0.730093,3ED86608,BE6B9200,BF476605,3F597FFB,3B72CC52,3F375B23,3EF34B78,BE6B5494,BF3AE759
0,movimiento,2162,1040,102,0.539821,-0.230281,-0.880816,0.759810,0.002044,0.574711,0.590556,-0.230185,-0.839815,3F0A31B0,BE6BCEAC,BF617D28,3F4282E4,3B05F757,3F132047,3F172EA6,BE6BB5AC,BF56FE1A
0,movimiento,2277,1039,25,0.650506,-0.230402,-0.962086,0.595700,0.002690,0.419796,0.681574,-0.230185,-0.928611,3F268796,BE6BEE80,BF764B48,3F187FC6,3B304BC7,3ED6EF72,3F2E7BA4,BE6BB5AC,BF6DB975
0,movimiento,2330,1039,25,0.701444,-0.230365,-0.981198,0.264800,0.002310,0.008345,0.720741,-0.230278,-0.980556,3F3391D4,BE6BE4AC,BF7B2FC9,3E8793D5,3B17660F,3C08B929,3F388278,BE6BCDF0,BF7B05B0
0,movimiento,2365,1039,25,0.746258,-0.230044,-0.981606,0.176613,0.002385,0.007149,0.751667,-0.229815,-0.981111,3F3F0ACA,BE6B9088,BF7B4A86,3E34D9F3,3B1C4D35,3BEA4263,3F406D3A,BE6B5494,BF7B2A19
0,movimiento,2365,1040,24,0.751681,-0.230142,-0.981785,0.001648,0.002775,0.004182,0.751852,-0.229907,-0.981481,3F406E2E,BE6BAA48,BF7B5648,3AD80C73,3B35D516,3B890D34,3F40795C,BE6B6CD8,BF7B425F
0,movimiento,2364,1040,26,0.751571,-0.230061,-0.981319,0.002682,0.002812,0.004173,0.751759,-0.229815,-0.981019,3F4066FA,BE6B9500,BF7B37C0,3B2FC6E7,3B3847FB,3B88BE71,3F40734C,BE6B5494,BF7B2408
0,movimiento,2365,1056,25,0.751519,-0.228953,-0.980926,0.003367,0.052622,0.009649,0.751759,-0.222407,-0.980278,3F40638A,BE6A7288,BF7B1DF6,3B5CAF08,3D578A59,3C1E1681,3F40734C,BE63BEC4,BF7AF37C
0,movimiento,2364,1185,26,0.751644,-0.179676,-0.980793,0.002775,0.653849,0.002310,0.751852,-0.132963,-0.980648,3F406BB6,BE37FCF0,BF7B153D,3B35E197,3F2762A9,3B176806,3F40795C,BE082770,BF7B0BC2
0,movimiento,2365,1306,25,0.751438,-0.077526,-0.980923,0.002164,0.583268,0.005772,0.751574,-0.040833,-0.980648,3F405E3E,BD9EC5F0,BF7B1DC6,3B0DD44E,3F155115,3BBD23EA,3F406728,BD2740E0,BF7B0BC2
0,movimiento,2365,1377,23,0.751548,-0.003406,-0.980761,0.003624,0.396266,0.006489,0.751852,0.017963,-0.980278,3F406570,BB5F3100,BF7B1327,3B6D8575,3ECAE366,3BD4A255,3F40795C,3C932700,BF7AF37C
0,movimiento,2364,1389,25,0.751629,0.026933,-0.980848,0.002155,0.058026,0.004597,0.751759,0.028981,-0.980278,3F406AC6,3CDCA240,BF7B18D7,3B0D3341,3D6DACAC,3B96A501,3F40734C,3CED6A80,BF7AF37C
