t_ms,cls_raw,cls,ref,rpm,u,raw1,raw2,raw3,pmax,carga,cic_fwd
792290.0,0.0,0.0,0.0,0.0,0.0,5.0,2662.0,2661.0,0.996,0.009000000000000001,4193.0
792300.0,2.0,0.0,0.0,0.0,0.0,5.0,2663.0,2659.0,0.999,0.009000000000000001,4301.0
792310.0,2.0,0.0,0.0,0.0,0.0,5.0,2663.0,2659.0,0.999,0.009000000000000001,4301.0
792320.0,2.0,0.0,0.0,0.0,0.0,5.0,2663.0,2659.0,0.999,0.009000000000000001,4301.0
792330.0,2.0,0.0,0.0,0.0,0.0,5.0,2662.0,2661.0,0.999,0.009000000000000001,4301.0
792340.0,2.0,0.0,0.0,0.0,0.0,5.0,2663.0,2659.0,0.999,0.009000000000000001,4301.0
792350.0,2.0,0.0,0.0,0.0,0.0,5.0,2663.0,2660.0,0.999,0.009000000000000001,4241.0
792360.0,2.0,0.0,0.0,0.0,0.0,5.0,2663.0,2659.0,0.999,0.009000000000000001,4241.0
792370.0,2.0,0.0,0.0,0.0,0.0,5.0,2663.0,2659.0,0.999,0.009000000000000001,4241.0
792380.0,2.0,0.0,0.0,0.0,0.0,4.0,2663.0,2661.0,0.999,0.009000000000000001,4241.0
792390.0,2.0,0.0,0.0,0.0,0.0,5.0,2662.0,2660.0,0.999,0.009000000000000001,4241.0
792400.0,2.0,2.0,-120.0,0.0,-0.48,5.0,2662.0,2660.0,0.999,0.009000000000000001,4239.0
792410.0,2.0,2.0,-120.0,0.0,-0.54,5.0,2666.0,2663.0,0.999,0.009000000000000001,4239.0
792420.0,2.0,2.0,-120.0,0.0,-0.6,5.0,2662.0,2659.0,0.999,0.009000000000000001,4239.0
792430.0,2.0,2.0,-120.0,0.0,-0.66,5.0,2662.0,2660.0,0.999,0.009000000000000001,4239.0
792440.0,2.0,2.0,-120.0,0.0,-0.72,5.0,2663.0,2659.0,0.999,0.009000000000000001,4239.0
792450.0,2.0,2.0,-120.0,0.9,-0.784,5.0,2664.0,2663.0,0.999,0.009000000000000001,4257.0
792460.0,2.0,2.0,-120.0,-0.5,-0.839,4.0,2666.0,2663.0,0.999,0.009000000000000001,4257.0
792470.0,2.0,2.0,-120.0,0.7000000000000001,-0.903,4.0,2668.0,2666.0,0.999,0.009000000000000001,4257.0
792480.0,2.0,2.0,-120.0,-0.6000000000000001,-0.9580000000000001,4.0,2665.0,2663.0,0.999,0.009000000000000001,4257.0
792490.0,2.0,2.0,-120.0,0.6000000000000001,-1.0,5.0,2663.0,2662.0,0.999,0.009000000000000001,4257.0
792500.0,2.0,2.0,-120.0,-0.6000000000000001,-1.0,5.0,2663.0,2657.0,0.999,0.009000000000000001,4257.0
792510.0,2.0,2.0,-120.0,0.6000000000000001,-1.0,4.0,2665.0,2664.0,0.999,0.009000000000000001,4257.0
792520.0,2.0,2.0,-120.0,-0.6000000000000001,-1.0,5.0,2664.0,2661.0,0.999,0.009000000000000001,4257.0
792530.0,2.0,2.0,-120.0,-0.30000000000000004,-1.0,4.0,2665.0,2663.0,0.999,0.009000000000000001,4257.0
792540.0,2.0,2.0,-120.0,-0.1,-1.0,5.0,2664.0,2663.0,0.999,0.009000000000000001,4257.0
792550.0,2.0,2.0,-120.0,-0.1,-1.0,5.0,2666.0,2663.0,0.999,0.009000000000000001,4257.0
792560.0,2.0,2.0,-120.0,0.0,-1.0,5.0,2663.0,2660.0,0.999,0.009000000000000001,4257.0
792570.0,2.0,2.0,-120.0,0.0,-1.0,5.0,2663.0,2659.0,0.999,0.009000000000000001,4257.0
792580.0,2.0,2.0,-120.0,0.0,-1.0,5.0,2663.0,2659.0,0.999,0.009000000000000001,4257.0
792590.0,2.0,2.0,-120.0,0.0,-1.0,5.0,2662.0,2660.0,0.999,0.009000000000000001,4257.0
792600.0,2.0,2.0,-120.0,0.0,-1.0,5.0,2663.0,2659.0,0.999,0.009000000000000001,4248.0
792610.0,2.0,2.0,-120.0,0.0,-1.0,7.0,2661.0,2659.0,0.999,0.009000000000000001,4248.0
792620.0,2.0,2.0,-120.0,0.0,-1.0,5.0,2662.0,2660.0,0.999,0.009000000000000001,4248.0
792630.0,2.0,2.0,-120.0,0.0,-1.0,5.0,2664.0,2661.0,0.999,0.009000000000000001,4248.0
792640.0,2.0,2.0,-120.0,0.0,-1.0,5.0,2664.0,2660.0,0.999,0.009000000000000001,4248.0
792650.0,2.0,2.0,-120.0,0.0,-1.0,5.0,2664.0,2662.0,0.999,0.009000000000000001,4251.0
792660.0,2.0,2.0,-120.0,0.0,-1.0,5.0,2665.0,2662.0,0.999,0.009000000000000001,4251.0
792670.0,2.0,2.0,-120.0,0.0,-1.0,5.0,2665.0,2662.0,0.999,0.009000000000000001,4251.0
792680.0,2.0,2.0,-120.0,0.0,-1.0,5.0,2665.0,2664.0,0.999,0.009000000000000001,4251.0
792690.0,2.0,2.0,-120.0,0.0,-1.0,5.0,2665.0,2664.0,0.999,0.009000000000000001,4251.0
792700.0,2.0,2.0,-120.0,0.0,-1.0,5.0,2666.0,2663.0,0.999,0.009000000000000001,4247.0
792710.0,2.0,2.0,-120.0,0.0,-1.0,5.0,2666.0,2663.0,0.999,0.009000000000000001,4247.0
792720.0,2.0,2.0,-120.0,0.0,-1.0,5.0,2669.0,2666.0,0.999,0.009000000000000001,4247.0
792730.0,2.0,2.0,-120.0,0.0,-1.0,5.0,2669.0,2666.0,0.999,0.009000000000000001,4247.0
792740.0,2.0,2.0,-120.0,0.0,-1.0,5.0,2669.0,2665.0,0.999,0.009000000000000001,4247.0
792750.0,2.0,2.0,-120.0,0.0,-1.0,5.0,2669.0,2666.0,0.999,0.009000000000000001,4248.0
792760.0,2.0,2.0,-120.0,0.0,-1.0,5.0,2668.0,2666.0,0.999,0.009000000000000001,4248.0
792770.0,2.0,2.0,-120.0,0.0,-1.0,5.0,2668.0,2665.0,0.999,0.009000000000000001,4248.0
792780.0,2.0,2.0,-120.0,0.0,-1.0,5.0,2669.0,2666.0,0.999,0.009000000000000001,4248.0
792790.0,2.0,2.0,-120.0,0.0,-1.0,4.0,2668.0,2666.0,0.999,0.009000000000000001,4248.0
792800.0,2.0,2.0,-120.0,0.0,-1.0,5.0,2668.0,2665.0,0.999,0.009000000000000001,4248.0
792810.0,2.0,2.0,-120.0,0.0,-1.0,5.0,2667.0,2666.0,0.999,0.009000000000000001,4248.0
792820.0,2.0,2.0,-120.0,0.0,-1.0,4.0,2669.0,2665.0,0.999,0.009000000000000001,4248.0
792830.0,2.0,2.0,-120.0,0.0,-1.0,5.0,2668.0,2667.0,0.999,0.009000000000000001,4248.0
792840.0,2.0,2.0,-120.0,0.9,-1.0,5.0,2668.0,2666.0,0.999,0.009000000000000001,4248.0
792850.0,2.0,2.0,-120.0,0.5,-1.0,4.0,2667.0,2666.0,0.999,0.009000000000000001,4257.0
792860.0,2.0,2.0,-120.0,0.2,-1.0,4.0,2670.0,2668.0,0.999,0.009000000000000001,4257.0
792870.0,2.0,2.0,-120.0,0.1,-1.0,4.0,2670.0,2667.0,0.999,0.009000000000000001,4257.0
792880.0,2.0,2.0,-120.0,0.1,-1.0,4.0,2669.0,2667.0,0.999,0.009000000000000001,4257.0
792890.0,2.0,2.0,-120.0,0.0,-1.0,4.0,2669.0,2667.0,0.999,0.009000000000000001,4257.0
792900.0,2.0,2.0,-120.0,0.0,-1.0,4.0,2669.0,2667.0,0.999,0.009000000000000001,4256.0
792910.0,2.0,2.0,-120.0,0.0,-1.0,4.0,2669.0,2667.0,0.999,0.009000000000000001,4256.0
792920.0,2.0,2.0,-120.0,0.0,-1.0,4.0,2669.0,2670.0,0.999,0.009000000000000001,4256.0
792930.0,2.0,2.0,-120.0,0.0,-1.0,5.0,2666.0,2663.0,0.999,0.009000000000000001,4256.0
792940.0,2.0,2.0,-120.0,0.0,-1.0,5.0,2668.0,2664.0,0.999,0.009000000000000001,4256.0
792950.0,2.0,2.0,-120.0,0.0,-1.0,5.0,2666.0,2665.0,0.999,0.009000000000000001,4246.0
792960.0,2.0,2.0,-120.0,0.0,-1.0,5.0,2667.0,2665.0,0.999,0.009000000000000001,4246.0
792970.0,2.0,2.0,-120.0,0.0,-1.0,4.0,2667.0,2663.0,0.999,0.009000000000000001,4246.0
792980.0,2.0,2.0,-120.0,0.0,-1.0,5.0,2667.0,2665.0,0.999,0.009000000000000001,4246.0
792990.0,2.0,2.0,-120.0,0.0,-1.0,5.0,2667.0,2666.0,0.999,0.009000000000000001,4246.0
793000.0,2.0,2.0,-120.0,-0.9,-1.0,5.0,2667.0,2665.0,0.999,0.009000000000000001,4251.0
793010.0,2.0,2.0,-120.0,-0.5,-1.0,5.0,2667.0,2664.0,0.999,0.012,4251.0
793020.0,2.0,2.0,-120.0,-0.2,-1.0,5.0,2666.0,2662.0,0.999,0.012,4251.0
793030.0,2.0,2.0,-120.0,-0.1,-1.0,5.0,2666.0,2663.0,0.999,0.012,4251.0
793040.0,2.0,2.0,-120.0,-0.1,-1.0,5.0,2665.0,2661.0,0.999,0.012,4251.0
793050.0,2.0,2.0,-120.0,0.0,-1.0,5.0,2666.0,2663.0,0.999,0.012,4257.0
793060.0,2.0,2.0,-120.0,0.0,-1.0,5.0,2666.0,2663.0,0.999,0.012,4257.0
793070.0,2.0,2.0,-120.0,0.0,-1.0,5.0,2667.0,2663.0,0.999,0.012,4257.0
793080.0,2.0,2.0,-120.0,0.0,-1.0,5.0,2666.0,2662.0,0.999,0.012,4257.0
793090.0,2.0,2.0,-120.0,0.0,-1.0,4.0,2669.0,2667.0,0.999,0.012,4257.0
793100.0,2.0,2.0,-120.0,0.0,-1.0,5.0,2669.0,2666.0,0.999,0.012,4257.0
793110.0,2.0,2.0,-120.0,0.0,-1.0,4.0,2669.0,2666.0,0.999,0.012,4257.0
793120.0,2.0,2.0,-120.0,0.0,-1.0,5.0,2669.0,2667.0,0.999,0.012,4257.0
793130.0,2.0,2.0,-120.0,0.0,-1.0,5.0,2668.0,2667.0,0.999,0.012,4257.0
793140.0,2.0,2.0,-120.0,0.0,-1.0,4.0,2669.0,2669.0,0.999,0.012,4257.0
793150.0,2.0,2.0,-120.0,0.9,-1.0,5.0,2669.0,2666.0,0.999,0.012,4830.0
793160.0,2.0,2.0,-120.0,0.5,-1.0,4.0,2669.0,2667.0,0.999,0.012,4830.0
793170.0,2.0,2.0,-120.0,0.2,-1.0,5.0,2669.0,2666.0,0.999,0.012,4830.0
793180.0,2.0,2.0,-120.0,0.1,-1.0,4.0,2674.0,2669.0,0.999,0.012,4830.0
793190.0,2.0,2.0,-120.0,0.1,-1.0,4.0,2671.0,2670.0,0.999,0.012,4830.0
793200.0,2.0,2.0,-120.0,0.0,-1.0,4.0,2670.0,2671.0,0.999,0.012,4257.0
793210.0,2.0,2.0,-120.0,0.0,-1.0,4.0,2670.0,2670.0,0.999,0.012,4257.0
793220.0,2.0,2.0,-120.0,0.0,-1.0,4.0,2671.0,2669.0,0.999,0.012,4257.0
793230.0,2.0,2.0,-120.0,0.0,-1.0,4.0,2672.0,2666.0,0.999,0.012,4257.0
793240.0,2.0,2.0,-120.0,0.0,-1.0,4.0,2669.0,2666.0,0.999,0.012,4257.0
793250.0,2.0,2.0,-120.0,0.0,-1.0,5.0,2665.0,2666.0,0.999,0.012,4251.0
793260.0,2.0,2.0,-120.0,0.0,-1.0,5.0,2668.0,2667.0,0.999,0.012,4251.0
793270.0,2.0,2.0,-120.0,0.0,-1.0,4.0,2668.0,2667.0,0.999,0.012,4251.0
793280.0,2.0,2.0,-120.0,0.0,-1.0,4.0,2669.0,2667.0,0.999,0.012,4251.0
793290.0,2.0,2.0,-120.0,0.0,-1.0,5.0,2669.0,2666.0,0.999,0.012,4251.0
793300.0,2.0,2.0,-120.0,-0.9,-1.0,4.0,2669.0,2666.0,0.999,0.012,4249.0
793310.0,2.0,2.0,-120.0,-0.5,-1.0,5.0,2670.0,2666.0,0.999,0.012,4249.0
793320.0,2.0,2.0,-120.0,-0.2,-1.0,5.0,2667.0,2664.0,0.999,0.012,4249.0
793330.0,2.0,2.0,-120.0,-0.1,-1.0,5.0,2667.0,2664.0,0.999,0.012,4249.0
793340.0,2.0,2.0,-120.0,-0.1,-1.0,5.0,2666.0,2664.0,0.999,0.012,4249.0
793350.0,2.0,2.0,-120.0,0.0,-1.0,5.0,2668.0,2664.0,0.999,0.012,4257.0
793360.0,2.0,2.0,-120.0,0.0,-1.0,5.0,2668.0,2663.0,0.999,0.012,4257.0
793370.0,2.0,2.0,-120.0,0.0,-1.0,4.0,2672.0,2668.0,0.999,0.012,4257.0
793380.0,2.0,2.0,-120.0,0.0,-1.0,4.0,2670.0,2668.0,0.999,0.012,4257.0
793390.0,2.0,2.0,-120.0,0.0,-1.0,4.0,2671.0,2666.0,0.999,0.012,4257.0
793400.0,2.0,2.0,-120.0,0.0,-1.0,5.0,2670.0,2667.0,0.999,0.012,4260.0
793410.0,2.0,2.0,-120.0,0.0,-1.0,5.0,2670.0,2668.0,0.999,0.012,4260.0
793420.0,2.0,2.0,-120.0,0.0,-1.0,5.0,2670.0,2667.0,0.999,0.012,4260.0
793430.0,2.0,2.0,-120.0,0.9,-1.0,5.0,2670.0,2671.0,0.999,0.012,4260.0
793440.0,2.0,2.0,-120.0,0.5,-1.0,4.0,2672.0,2671.0,0.999,0.012,4260.0
793450.0,2.0,2.0,-120.0,0.2,-1.0,5.0,2672.0,2670.0,0.999,0.012,4258.0
793460.0,2.0,2.0,-120.0,0.1,-1.0,4.0,2673.0,2669.0,0.999,0.012,4258.0
793470.0,2.0,2.0,-120.0,0.1,-1.0,4.0,2672.0,2669.0,0.999,0.012,4258.0
793480.0,2.0,2.0,-120.0,0.0,-1.0,4.0,2672.0,2670.0,0.999,0.012,4258.0
793490.0,2.0,2.0,-120.0,0.0,-1.0,5.0,2668.0,2667.0,0.999,0.012,4258.0
793500.0,2.0,2.0,-120.0,0.0,-1.0,5.0,2669.0,2667.0,0.999,0.012,4258.0
793510.0,2.0,2.0,-120.0,0.0,-1.0,4.0,2669.0,2667.0,0.999,0.012,4258.0
793520.0,2.0,2.0,-120.0,0.0,-1.0,5.0,2670.0,2667.0,0.999,0.012,4258.0
793530.0,2.0,2.0,-120.0,0.0,-1.0,4.0,2669.0,2667.0,0.999,0.012,4258.0
793540.0,2.0,2.0,-120.0,-0.9,-1.0,5.0,2669.0,2666.0,0.999,0.012,4258.0
793550.0,2.0,2.0,-120.0,-0.4,-1.0,5.0,2667.0,2663.0,0.999,0.012,4258.0
793560.0,2.0,2.0,-120.0,-0.2,-1.0,5.0,2667.0,2664.0,0.999,0.012,4258.0
793570.0,2.0,2.0,-120.0,-0.1,-1.0,5.0,2667.0,2663.0,0.999,0.012,4258.0
793580.0,2.0,2.0,-120.0,-0.1,-1.0,5.0,2667.0,2664.0,0.999,0.012,4258.0
793590.0,2.0,2.0,-120.0,0.0,-1.0,5.0,2667.0,2663.0,0.999,0.012,4258.0
793600.0,2.0,2.0,-120.0,0.0,-1.0,5.0,2668.0,2665.0,0.999,0.012,4249.0
793610.0,2.0,2.0,-120.0,0.0,-1.0,4.0,2673.0,2667.0,0.999,0.012,4249.0
793620.0,2.0,2.0,-120.0,0.0,-1.0,5.0,2669.0,2668.0,0.999,0.012,4249.0
793630.0,2.0,2.0,-120.0,0.0,-1.0,5.0,2668.0,2667.0,0.999,0.012,4249.0
793640.0,2.0,2.0,-120.0,0.0,-1.0,5.0,2670.0,2669.0,0.999,0.012,4249.0
793650.0,2.0,2.0,-120.0,0.9,-1.0,4.0,2670.0,2667.0,0.999,0.012,4792.0
793660.0,2.0,2.0,-120.0,0.4,-1.0,4.0,2669.0,2667.0,0.999,0.012,4792.0
793670.0,2.0,2.0,-120.0,0.2,-1.0,4.0,2672.0,2671.0,0.999,0.012,4792.0
793680.0,2.0,2.0,-120.0,0.1,-1.0,4.0,2672.0,2670.0,0.999,0.012,4792.0
793690.0,2.0,2.0,-120.0,0.1,-1.0,4.0,2673.0,2670.0,0.999,0.012,4792.0
793700.0,2.0,2.0,-120.0,0.0,-1.0,4.0,2669.0,2669.0,0.999,0.012,4257.0
793710.0,2.0,2.0,-120.0,0.0,-1.0,5.0,2666.0,2663.0,0.999,0.012,4257.0
793720.0,2.0,2.0,-120.0,0.0,-1.0,4.0,2667.0,2665.0,0.999,0.012,4257.0
793730.0,2.0,2.0,-120.0,0.0,-1.0,5.0,2666.0,2663.0,0.999,0.012,4257.0
793740.0,2.0,2.0,-120.0,0.0,-1.0,5.0,2663.0,2662.0,0.999,0.012,4257.0
793750.0,2.0,2.0,-120.0,0.0,-1.0,6.0,2664.0,2666.0,0.999,0.012,4245.0
793760.0,2.0,2.0,-120.0,0.0,-1.0,5.0,2660.0,2659.0,0.999,0.012,4245.0
793770.0,2.0,2.0,-120.0,0.0,-1.0,5.0,2660.0,2658.0,0.999,0.012,4245.0
793780.0,2.0,2.0,-120.0,0.0,-1.0,5.0,2659.0,2656.0,0.999,0.012,4245.0
793790.0,2.0,2.0,-120.0,-0.9,-1.0,5.0,2662.0,2660.0,0.999,0.012,4245.0
793800.0,2.0,2.0,-120.0,-0.5,-1.0,5.0,2657.0,2656.0,0.999,0.012,4249.0
793810.0,2.0,2.0,-120.0,-0.2,-1.0,6.0,2664.0,2661.0,0.999,0.012,4249.0
793820.0,2.0,2.0,-120.0,-0.1,-1.0,5.0,2668.0,2666.0,0.999,0.012,4249.0
793830.0,2.0,2.0,-120.0,-0.1,-1.0,5.0,2670.0,2668.0,0.999,0.012,4249.0
793840.0,2.0,2.0,-120.0,0.0,-1.0,4.0,2670.0,2668.0,0.999,0.012,4249.0
793850.0,2.0,2.0,-120.0,0.0,-1.0,5.0,2670.0,2667.0,0.999,0.012,4257.0
793860.0,2.0,2.0,-120.0,0.0,-1.0,5.0,2672.0,2670.0,0.999,0.012,4257.0
793870.0,2.0,2.0,-120.0,0.0,-1.0,4.0,2672.0,2670.0,0.999,0.012,4257.0
793880.0,2.0,2.0,-120.0,0.0,-1.0,4.0,2673.0,2671.0,0.999,0.012,4257.0
793890.0,2.0,2.0,-120.0,0.0,-1.0,4.0,2672.0,2670.0,0.999,0.012,4257.0
793900.0,2.0,2.0,-120.0,0.0,-1.0,6.0,2672.0,2671.0,0.999,0.012,4257.0
793910.0,2.0,2.0,-120.0,0.0,-1.0,5.0,2674.0,2670.0,0.999,0.012,4257.0
793920.0,2.0,2.0,-120.0,0.0,-1.0,4.0,2673.0,2670.0,0.999,0.012,4257.0
793930.0,2.0,2.0,-120.0,0.9,-1.0,5.0,2673.0,2671.0,0.999,0.012,4257.0
793940.0,2.0,2.0,-120.0,0.5,-1.0,4.0,2676.0,2674.0,0.999,0.012,4257.0
793950.0,2.0,2.0,-120.0,0.2,-1.0,4.0,2677.0,2674.0,0.999,0.012,4248.0
793960.0,2.0,2.0,-120.0,0.1,-1.0,4.0,2674.0,2675.0,0.999,0.012,4248.0
793970.0,2.0,2.0,-120.0,0.1,-1.0,4.0,2674.0,2673.0,0.999,0.012,4248.0
793980.0,2.0,2.0,-120.0,0.0,-1.0,4.0,2674.0,2674.0,0.999,0.012,4248.0
793990.0,2.0,2.0,-120.0,0.0,-1.0,4.0,2674.0,2673.0,0.999,0.012,4248.0
794000.0,2.0,2.0,-120.0,0.0,-1.0,3.0,2674.0,2674.0,0.999,0.012,4245.0
794010.0,2.0,2.0,-120.0,0.0,-1.0,5.0,2672.0,2670.0,0.999,0.013000000000000001,4245.0
794020.0,2.0,2.0,-120.0,0.0,-1.0,5.0,2672.0,2671.0,0.999,0.013000000000000001,4245.0
794030.0,2.0,2.0,-120.0,0.0,-1.0,5.0,2671.0,2670.0,0.999,0.013000000000000001,4245.0
794040.0,2.0,2.0,-120.0,0.0,-1.0,4.0,2672.0,2670.0,0.999,0.013000000000000001,4245.0
794050.0,2.0,2.0,-120.0,-0.9,-1.0,4.0,2671.0,2671.0,0.999,0.013000000000000001,4782.0
794060.0,2.0,2.0,-120.0,0.5,-1.0,4.0,2672.0,2670.0,0.999,0.013000000000000001,4782.0
794070.0,2.0,2.0,-120.0,-0.7000000000000001,-1.0,4.0,2672.0,2672.0,0.999,0.013000000000000001,4782.0
794080.0,2.0,2.0,-120.0,-0.30000000000000004,-1.0,5.0,2669.0,2668.0,0.999,0.013000000000000001,4782.0
794090.0,2.0,2.0,-120.0,-0.2,-1.0,4.0,2669.0,2667.0,0.999,0.013000000000000001,4782.0
794100.0,2.0,2.0,-120.0,-0.1,-1.0,5.0,2670.0,2668.0,0.999,0.013000000000000001,4248.0
794110.0,2.0,2.0,-120.0,0.0,-1.0,5.0,2671.0,2668.0,0.999,0.013000000000000001,4248.0
794120.0,2.0,2.0,-120.0,0.0,-1.0,5.0,2671.0,2667.0,0.999,0.013000000000000001,4248.0
794130.0,2.0,2.0,-120.0,0.0,-1.0,5.0,2670.0,2669.0,0.999,0.013000000000000001,4248.0
794140.0,2.0,2.0,-120.0,0.0,-1.0,7.0,2671.0,2667.0,0.999,0.013000000000000001,4248.0
794150.0,2.0,2.0,-120.0,0.0,-1.0,5.0,2670.0,2668.0,0.999,0.013000000000000001,4256.0
794160.0,2.0,2.0,-120.0,0.0,-1.0,5.0,2674.0,2672.0,0.999,0.013000000000000001,4256.0
794170.0,2.0,2.0,-120.0,0.0,-1.0,4.0,2672.0,2672.0,0.999,0.013000000000000001,4256.0
794180.0,2.0,2.0,-120.0,0.0,-1.0,3.0,2673.0,2672.0,0.999,0.013000000000000001,4256.0
794190.0,2.0,2.0,-120.0,0.0,-1.0,4.0,2675.0,2671.0,0.999,0.013000000000000001,4256.0
794200.0,2.0,2.0,-120.0,0.0,-1.0,5.0,2674.0,2673.0,0.999,0.013000000000000001,4257.0
794210.0,2.0,2.0,-120.0,0.0,-1.0,5.0,2675.0,2674.0,0.999,0.013000000000000001,4257.0
794220.0,2.0,2.0,-120.0,0.0,-1.0,4.0,2675.0,2673.0,0.999,0.013000000000000001,4257.0
794230.0,2.0,2.0,-120.0,0.0,-1.0,4.0,2676.0,2675.0,0.999,0.013000000000000001,4257.0
794240.0,2.0,2.0,-120.0,0.9,-1.0,5.0,2676.0,2673.0,0.999,0.013000000000000001,4257.0
794250.0,2.0,2.0,-120.0,0.5,-1.0,5.0,2677.0,2677.0,0.999,0.013000000000000001,4250.0
794260.0,2.0,2.0,-120.0,0.2,-1.0,4.0,2677.0,2678.0,0.999,0.013000000000000001,4250.0
794270.0,2.0,2.0,-120.0,0.1,-1.0,4.0,2678.0,2677.0,0.999,0.013000000000000001,4250.0
794280.0,2.0,2.0,-120.0,0.1,-1.0,4.0,2678.0,2677.0,0.999,0.013000000000000001,4250.0
794290.0,2.0,2.0,-120.0,0.0,-1.0,4.0,2678.0,2677.0,0.999,0.013000000000000001,4250.0
794300.0,2.0,2.0,-120.0,0.0,-1.0,5.0,2679.0,2677.0,0.999,0.013000000000000001,4240.0
794310.0,2.0,2.0,-120.0,0.0,-1.0,3.0,2678.0,2676.0,0.999,0.013000000000000001,4240.0
794320.0,2.0,2.0,-120.0,0.0,-1.0,3.0,2679.0,2674.0,0.999,0.013000000000000001,4240.0
794330.0,2.0,2.0,-120.0,0.0,-1.0,5.0,2679.0,2675.0,0.999,0.013000000000000001,4240.0
794340.0,2.0,2.0,-120.0,0.0,-1.0,5.0,2678.0,2677.0,0.999,0.013000000000000001,4240.0
794350.0,2.0,2.0,-120.0,0.0,-1.0,5.0,2679.0,2679.0,0.999,0.013000000000000001,4246.0
794360.0,2.0,2.0,-120.0,0.0,-1.0,5.0,2683.0,2680.0,0.999,0.013000000000000001,4246.0
794370.0,2.0,2.0,-120.0,0.0,-1.0,5.0,2682.0,2680.0,0.999,0.013000000000000001,4246.0
794380.0,2.0,2.0,-120.0,0.0,-1.0,5.0,2681.0,2679.0,0.999,0.013000000000000001,4246.0
794390.0,2.0,2.0,-120.0,-0.9,-1.0,5.0,2678.0,2677.0,0.999,0.013000000000000001,4246.0
794400.0,2.0,2.0,-120.0,-0.5,-1.0,5.0,2679.0,2678.0,0.999,0.013000000000000001,4257.0
794410.0,2.0,2.0,-120.0,-0.2,-1.0,4.0,2679.0,2679.0,0.999,0.013000000000000001,4257.0
794420.0,2.0,2.0,-120.0,-0.1,-1.0,5.0,2678.0,2673.0,0.999,0.013000000000000001,4257.0
794430.0,2.0,2.0,-120.0,-0.1,-1.0,5.0,2679.0,2676.0,0.999,0.013000000000000001,4257.0
794440.0,2.0,2.0,-120.0,0.0,-1.0,5.0,2678.0,2676.0,0.999,0.013000000000000001,4257.0
794450.0,2.0,2.0,-120.0,0.0,-1.0,5.0,2678.0,2676.0,0.999,0.013000000000000001,4256.0
794460.0,2.0,2.0,-120.0,0.0,-1.0,5.0,2680.0,2675.0,0.999,0.013000000000000001,4256.0
794470.0,2.0,2.0,-120.0,0.0,-1.0,5.0,2679.0,2679.0,0.999,0.013000000000000001,4256.0
794480.0,2.0,2.0,-120.0,0.0,-1.0,5.0,2679.0,2677.0,0.999,0.013000000000000001,4256.0
794490.0,2.0,2.0,-120.0,0.0,-1.0,5.0,2681.0,2678.0,0.999,0.013000000000000001,4256.0
794500.0,2.0,2.0,-120.0,0.0,-1.0,5.0,2679.0,2675.0,0.999,0.013000000000000001,4251.0
794510.0,2.0,2.0,-120.0,0.0,-1.0,5.0,2677.0,2676.0,0.999,0.013000000000000001,4251.0
794520.0,2.0,2.0,-120.0,0.0,-1.0,6.0,2677.0,2676.0,0.999,0.013000000000000001,4251.0
794530.0,2.0,2.0,-120.0,0.0,-1.0,5.0,2678.0,2677.0,0.999,0.013000000000000001,4251.0
794540.0,2.0,2.0,-120.0,0.0,-1.0,5.0,2678.0,2677.0,0.999,0.013000000000000001,4251.0
794550.0,2.0,2.0,-120.0,0.0,-1.0,5.0,2678.0,2676.0,0.999,0.013000000000000001,4258.0
794560.0,2.0,2.0,-120.0,0.0,-1.0,5.0,2678.0,2677.0,0.999,0.013000000000000001,4258.0
794570.0,2.0,2.0,-120.0,0.0,-1.0,6.0,2679.0,2677.0,0.999,0.013000000000000001,4258.0
794580.0,2.0,2.0,-120.0,0.9,-1.0,6.0,2679.0,2677.0,0.999,0.013000000000000001,4258.0
794590.0,2.0,2.0,-120.0,0.5,-1.0,5.0,2680.0,2680.0,0.999,0.013000000000000001,4258.0
794600.0,2.0,2.0,-120.0,0.2,-1.0,4.0,2681.0,2680.0,0.999,0.013000000000000001,4257.0
794610.0,2.0,2.0,-120.0,0.1,-1.0,5.0,2681.0,2679.0,0.999,0.013000000000000001,4257.0
794620.0,2.0,2.0,-120.0,0.1,-1.0,5.0,2680.0,2685.0,0.999,0.013000000000000001,4257.0
794630.0,2.0,2.0,-120.0,0.0,-1.0,5.0,2681.0,2678.0,0.999,0.013000000000000001,4257.0
794640.0,2.0,2.0,-120.0,0.0,-1.0,5.0,2681.0,2679.0,0.999,0.013000000000000001,4257.0
794650.0,2.0,2.0,-120.0,0.0,-1.0,5.0,2680.0,2678.0,0.999,0.013000000000000001,4257.0
794660.0,2.0,2.0,-120.0,0.0,-1.0,6.0,2680.0,2677.0,0.999,0.013000000000000001,4257.0
794670.0,2.0,2.0,-120.0,0.0,-1.0,5.0,2678.0,2674.0,0.999,0.013000000000000001,4257.0
794680.0,2.0,2.0,-120.0,0.0,-1.0,5.0,2678.0,2674.0,0.999,0.013000000000000001,4257.0
794690.0,2.0,2.0,-120.0,0.0,-1.0,6.0,2679.0,2675.0,0.999,0.013000000000000001,4257.0
794700.0,2.0,2.0,-120.0,0.0,-1.0,6.0,2678.0,2674.0,0.999,0.013000000000000001,4250.0
794710.0,2.0,2.0,-120.0,0.0,-1.0,6.0,2678.0,2675.0,0.999,0.013000000000000001,4250.0
794720.0,2.0,2.0,-120.0,0.0,-1.0,8.0,2678.0,2676.0,0.999,0.013000000000000001,4250.0
794730.0,2.0,2.0,-120.0,0.0,-1.0,6.0,2678.0,2678.0,0.999,0.013000000000000001,4250.0
794740.0,2.0,2.0,-120.0,-0.9,-1.0,5.0,2680.0,2676.0,0.999,0.013000000000000001,4250.0
794750.0,2.0,2.0,-120.0,-0.5,-1.0,5.0,2678.0,2676.0,0.999,0.013000000000000001,4242.0
794760.0,2.0,2.0,-120.0,-0.2,-1.0,6.0,2669.0,2673.0,0.999,0.013000000000000001,4242.0
794770.0,2.0,2.0,-120.0,-0.1,-1.0,6.0,2678.0,2674.0,0.999,0.013000000000000001,4242.0
794780.0,2.0,2.0,-120.0,-0.1,-1.0,6.0,2679.0,2673.0,0.999,0.013000000000000001,4242.0
794790.0,2.0,2.0,-120.0,0.0,-1.0,6.0,2678.0,2675.0,0.999,0.013000000000000001,4242.0
794800.0,2.0,2.0,-120.0,0.0,-1.0,6.0,2677.0,2674.0,0.999,0.013000000000000001,4249.0
794810.0,2.0,2.0,-120.0,0.0,-1.0,6.0,2678.0,2675.0,0.999,0.013000000000000001,4249.0
794820.0,2.0,2.0,-120.0,0.0,-1.0,6.0,2678.0,2674.0,0.999,0.013000000000000001,4249.0
794830.0,2.0,2.0,-120.0,0.0,-1.0,7.0,2677.0,2675.0,0.999,0.013000000000000001,4249.0
794840.0,2.0,2.0,-120.0,0.0,-1.0,6.0,2677.0,2674.0,0.999,0.013000000000000001,4249.0
794850.0,2.0,2.0,-120.0,0.0,-1.0,6.0,2680.0,2677.0,0.999,0.013000000000000001,4256.0
794860.0,2.0,2.0,-120.0,0.0,-1.0,5.0,2677.0,2677.0,0.999,0.013000000000000001,4256.0
794870.0,2.0,2.0,-120.0,0.0,-1.0,6.0,2678.0,2675.0,0.999,0.013000000000000001,4256.0
794880.0,2.0,2.0,-120.0,0.0,-1.0,5.0,2677.0,2675.0,0.999,0.013000000000000001,4256.0
794890.0,2.0,2.0,-120.0,0.0,-1.0,5.0,2677.0,2676.0,0.999,0.013000000000000001,4256.0
794900.0,2.0,2.0,-120.0,0.0,-1.0,5.0,2678.0,2674.0,0.999,0.013000000000000001,4248.0
794910.0,2.0,2.0,-120.0,0.0,-1.0,5.0,2679.0,2675.0,0.999,0.013000000000000001,4248.0
794920.0,2.0,2.0,-120.0,0.0,-1.0,5.0,2677.0,2675.0,0.999,0.013000000000000001,4248.0
794930.0,2.0,2.0,-120.0,0.0,-1.0,6.0,2676.0,2675.0,0.999,0.013000000000000001,4248.0
794940.0,2.0,2.0,-120.0,0.9,-1.0,5.0,2677.0,2675.0,0.999,0.013000000000000001,4248.0
794950.0,2.0,2.0,-120.0,0.5,-1.0,5.0,2677.0,2675.0,0.999,0.013000000000000001,4248.0
794960.0,2.0,2.0,-120.0,0.2,-1.0,5.0,2679.0,2678.0,0.999,0.013000000000000001,4248.0
794970.0,2.0,2.0,-120.0,0.1,-1.0,4.0,2679.0,2678.0,0.999,0.013000000000000001,4248.0
794980.0,2.0,2.0,-120.0,0.1,-1.0,5.0,2678.0,2678.0,0.999,0.013000000000000001,4248.0
794990.0,2.0,2.0,-120.0,0.0,-1.0,5.0,2678.0,2678.0,0.999,0.013000000000000001,4248.0
795000.0,2.0,2.0,-120.0,0.0,-1.0,6.0,2678.0,2677.0,0.999,0.013000000000000001,4247.0
795010.0,2.0,2.0,-120.0,0.0,-1.0,6.0,2678.0,2677.0,0.999,0.013000000000000001,4247.0
795020.0,2.0,2.0,-120.0,0.0,-1.0,5.0,2677.0,2677.0,0.999,0.013000000000000001,4247.0
795030.0,2.0,2.0,-120.0,0.0,-1.0,4.0,2679.0,2678.0,0.999,0.013000000000000001,4247.0
795040.0,2.0,2.0,-120.0,0.0,-1.0,5.0,2677.0,2676.0,0.999,0.013000000000000001,4247.0
795050.0,2.0,2.0,-120.0,0.0,-1.0,5.0,2677.0,2676.0,0.999,0.013000000000000001,4247.0
795060.0,2.0,2.0,-120.0,0.0,-1.0,4.0,2677.0,2676.0,0.999,0.013000000000000001,4247.0
795070.0,2.0,2.0,-120.0,0.0,-1.0,6.0,2674.0,2672.0,0.999,0.013000000000000001,4247.0
795080.0,2.0,2.0,-120.0,0.0,-1.0,6.0,2673.0,2671.0,0.999,0.013000000000000001,4247.0
795090.0,2.0,2.0,-120.0,0.0,-1.0,6.0,2671.0,2668.0,0.999,0.013000000000000001,4247.0
795100.0,2.0,2.0,-120.0,0.0,-1.0,6.0,2671.0,2670.0,0.999,0.013000000000000001,4256.0
795110.0,2.0,2.0,-120.0,0.0,-1.0,5.0,2672.0,2670.0,0.999,0.013000000000000001,4256.0
795120.0,2.0,2.0,-120.0,0.0,-1.0,6.0,2672.0,2669.0,0.999,0.013000000000000001,4256.0
795130.0,2.0,2.0,-120.0,0.0,-1.0,6.0,2670.0,2670.0,0.999,0.013000000000000001,4256.0
795140.0,2.0,2.0,-120.0,0.0,-1.0,6.0,2670.0,2668.0,0.999,0.013000000000000001,4256.0
795150.0,2.0,2.0,-120.0,-0.9,-1.0,5.0,2670.0,2667.0,0.999,0.013000000000000001,4808.0
795160.0,2.0,2.0,-120.0,0.5,-1.0,6.0,2668.0,2672.0,0.999,0.013000000000000001,4808.0
795170.0,2.0,2.0,-120.0,-0.7000000000000001,-1.0,5.0,2667.0,2666.0,0.999,0.013000000000000001,4808.0
795180.0,2.0,2.0,-120.0,-0.30000000000000004,-1.0,6.0,2664.0,2659.0,0.999,0.013000000000000001,4808.0
795190.0,2.0,2.0,-120.0,-0.2,-1.0,6.0,2662.0,2661.0,0.999,0.013000000000000001,4808.0
795200.0,2.0,2.0,-120.0,-0.1,-1.0,6.0,2665.0,2662.0,0.999,0.013000000000000001,4246.0
795210.0,2.0,2.0,-120.0,0.0,-1.0,6.0,2666.0,2664.0,0.999,0.013000000000000001,4246.0
795220.0,2.0,2.0,-120.0,0.0,-1.0,6.0,2666.0,2665.0,0.999,0.013000000000000001,4246.0
795230.0,2.0,2.0,-120.0,0.0,-1.0,6.0,2667.0,2665.0,0.999,0.013000000000000001,4246.0
795240.0,2.0,2.0,-120.0,0.0,-1.0,6.0,2667.0,2664.0,0.999,0.013000000000000001,4246.0
795250.0,2.0,2.0,-120.0,0.0,-1.0,6.0,2667.0,2665.0,0.999,0.013000000000000001,4248.0
795260.0,2.0,2.0,-120.0,0.0,-1.0,6.0,2672.0,2670.0,0.999,0.013000000000000001,4248.0
795270.0,2.0,2.0,-120.0,0.0,-1.0,5.0,2674.0,2672.0,0.999,0.013000000000000001,4248.0
795280.0,2.0,2.0,-120.0,0.0,-1.0,6.0,2675.0,2673.0,0.999,0.013000000000000001,4248.0
795290.0,2.0,2.0,-120.0,0.0,-1.0,5.0,2676.0,2675.0,0.999,0.013000000000000001,4248.0
795300.0,2.0,2.0,-120.0,0.0,-1.0,6.0,2676.0,2675.0,0.999,0.013000000000000001,4250.0
795310.0,2.0,2.0,-120.0,0.0,-1.0,6.0,2676.0,2677.0,0.999,0.013000000000000001,4250.0
795320.0,2.0,2.0,-120.0,0.0,-1.0,6.0,2677.0,2676.0,0.999,0.013000000000000001,4250.0
795330.0,2.0,2.0,-120.0,0.0,-1.0,5.0,2677.0,2675.0,0.999,0.013000000000000001,4250.0
795340.0,2.0,2.0,-120.0,0.0,-1.0,6.0,2675.0,2675.0,0.999,0.013000000000000001,4250.0
795350.0,2.0,2.0,-120.0,0.9,-1.0,5.0,2678.0,2677.0,0.999,0.013000000000000001,4261.0
795360.0,2.0,2.0,-120.0,0.5,-1.0,5.0,2679.0,2681.0,0.999,0.013000000000000001,4261.0
795370.0,2.0,2.0,-120.0,0.2,-1.0,6.0,2680.0,2679.0,0.999,0.013000000000000001,4261.0
795380.0,2.0,2.0,-120.0,0.1,-1.0,5.0,2681.0,2680.0,0.999,0.013000000000000001,4261.0
795390.0,2.0,2.0,-120.0,0.1,-1.0,5.0,2680.0,2681.0,0.999,0.013000000000000001,4261.0
795400.0,2.0,2.0,-120.0,0.0,-1.0,6.0,2682.0,2680.0,0.999,0.013000000000000001,4251.0
795410.0,2.0,2.0,-120.0,0.0,-1.0,5.0,2680.0,2681.0,0.999,0.013000000000000001,4251.0
795420.0,2.0,2.0,-120.0,0.0,-1.0,5.0,2680.0,2683.0,0.999,0.013000000000000001,4251.0
795430.0,2.0,2.0,-120.0,0.0,-1.0,5.0,2679.0,2680.0,0.999,0.013000000000000001,4251.0
795440.0,2.0,2.0,-120.0,0.0,-1.0,5.0,2681.0,2679.0,0.999,0.013000000000000001,4251.0
795450.0,2.0,2.0,-120.0,0.0,-1.0,6.0,2677.0,2678.0,0.999,0.013000000000000001,4256.0
795460.0,2.0,2.0,-120.0,0.0,-1.0,6.0,2680.0,2676.0,0.999,0.013000000000000001,4256.0
795470.0,2.0,2.0,-120.0,0.0,-1.0,7.0,2678.0,2677.0,0.999,0.013000000000000001,4256.0
795480.0,2.0,2.0,-120.0,0.0,-1.0,5.0,2676.0,2676.0,0.999,0.013000000000000001,4256.0
795490.0,2.0,2.0,-120.0,0.0,-1.0,6.0,2678.0,2678.0,0.999,0.013000000000000001,4256.0
795500.0,2.0,2.0,-120.0,-0.9,-1.0,6.0,2678.0,2677.0,0.999,0.013000000000000001,4787.0
795510.0,2.0,2.0,-120.0,0.5,-1.0,5.0,2677.0,2677.0,0.999,0.013000000000000001,4787.0
795520.0,2.0,2.0,-120.0,0.2,-1.0,6.0,2678.0,2676.0,0.999,0.013000000000000001,4787.0
795530.0,2.0,2.0,-120.0,-0.8,-1.0,6.0,2678.0,2676.0,0.999,0.013000000000000001,4787.0
795540.0,2.0,2.0,-120.0,-0.4,-1.0,5.0,2677.0,2677.0,0.999,0.013000000000000001,4787.0
795550.0,2.0,2.0,-120.0,-0.2,-1.0,6.0,2675.0,2674.0,0.999,0.013000000000000001,4257.0
795560.0,2.0,2.0,-120.0,-0.1,-1.0,7.0,2675.0,2674.0,0.999,0.013000000000000001,4257.0
795570.0,2.0,2.0,-120.0,0.0,-1.0,6.0,2676.0,2673.0,0.999,0.013000000000000001,4257.0
795580.0,2.0,2.0,-120.0,0.0,-1.0,6.0,2677.0,2674.0,0.999,0.013000000000000001,4257.0
795590.0,2.0,2.0,-120.0,0.0,-1.0,6.0,2676.0,2673.0,0.999,0.013000000000000001,4257.0
795600.0,2.0,2.0,-120.0,0.0,-1.0,6.0,2676.0,2674.0,0.999,0.013000000000000001,4256.0
795610.0,2.0,2.0,-120.0,0.0,-1.0,7.0,2675.0,2674.0,0.999,0.013000000000000001,4256.0
795620.0,2.0,2.0,-120.0,0.0,-1.0,6.0,2676.0,2674.0,0.999,0.013000000000000001,4256.0
795630.0,2.0,2.0,-120.0,0.0,-1.0,7.0,2677.0,2674.0,0.999,0.013000000000000001,4256.0
795640.0,2.0,2.0,-120.0,0.0,-1.0,6.0,2678.0,2677.0,0.999,0.013000000000000001,4256.0
795650.0,2.0,2.0,-120.0,0.0,-1.0,17.0,2679.0,2678.0,0.999,0.013000000000000001,4246.0
795660.0,2.0,2.0,-120.0,0.0,-1.0,32.0,2679.0,2678.0,0.999,0.013000000000000001,4246.0
795670.0,2.0,2.0,-120.0,0.0,-1.0,51.0,2679.0,2679.0,0.999,0.013000000000000001,4246.0
795680.0,2.0,2.0,-120.0,0.0,-1.0,67.0,2680.0,2679.0,0.999,0.013000000000000001,4246.0
795690.0,2.0,2.0,-120.0,0.0,-1.0,88.0,2680.0,2678.0,0.999,0.013000000000000001,4246.0
795700.0,2.0,2.0,-120.0,0.9,-1.0,110.0,2679.0,2683.0,0.999,0.013000000000000001,4781.0
795710.0,2.0,2.0,-120.0,-0.5,-1.0,129.0,2679.0,2680.0,0.999,0.013000000000000001,4781.0
795720.0,2.0,2.0,-120.0,-0.2,-1.0,158.0,2680.0,2679.0,0.999,0.013000000000000001,4781.0
795730.0,2.0,2.0,-120.0,0.8,-1.0,179.0,2678.0,2678.0,0.999,0.013000000000000001,4781.0
795740.0,2.0,2.0,-120.0,0.4,-1.0,202.0,2683.0,2680.0,0.999,0.013000000000000001,4781.0
795750.0,2.0,2.0,-120.0,0.2,-1.0,224.0,2682.0,2682.0,0.998,0.013000000000000001,4248.0
795760.0,2.0,2.0,-120.0,0.1,-1.0,248.0,2683.0,2680.0,0.998,0.013000000000000001,4248.0
795770.0,2.0,2.0,-120.0,0.0,-1.0,272.0,2682.0,2681.0,0.998,0.013000000000000001,4248.0
795780.0,2.0,2.0,-120.0,0.0,-1.0,295.0,2682.0,2681.0,0.998,0.013000000000000001,4248.0
795790.0,2.0,2.0,-120.0,0.0,-1.0,316.0,2683.0,2680.0,0.998,0.013000000000000001,4248.0
795800.0,2.0,2.0,-120.0,0.0,-1.0,340.0,2682.0,2681.0,0.998,0.013000000000000001,4257.0
795810.0,2.0,2.0,-120.0,0.0,-1.0,363.0,2683.0,2682.0,0.998,0.013000000000000001,4257.0
795820.0,2.0,2.0,-120.0,0.0,-1.0,386.0,2683.0,2678.0,0.998,0.013000000000000001,4257.0
795830.0,2.0,2.0,-120.0,0.0,-1.0,408.0,2682.0,2679.0,0.998,0.013000000000000001,4257.0
795840.0,2.0,2.0,-120.0,0.0,-1.0,430.0,2680.0,2678.0,0.998,0.013000000000000001,4257.0
795850.0,2.0,2.0,-120.0,0.0,-1.0,452.0,2680.0,2678.0,0.997,0.013000000000000001,4259.0
795860.0,2.0,2.0,-120.0,0.0,-1.0,480.0,2680.0,2679.0,0.997,0.013000000000000001,4259.0
795870.0,2.0,2.0,-120.0,0.0,-1.0,503.0,2680.0,2678.0,0.997,0.013000000000000001,4259.0
795880.0,2.0,2.0,-120.0,0.0,-1.0,528.0,2679.0,2678.0,0.997,0.013000000000000001,4259.0
795890.0,2.0,2.0,-120.0,0.0,-1.0,557.0,2680.0,2678.0,0.997,0.013000000000000001,4259.0
795900.0,2.0,2.0,-120.0,-0.9,-1.0,586.0,2680.0,2679.0,0.996,0.013000000000000001,4802.0
795910.0,2.0,2.0,-120.0,0.5,-1.0,613.0,2680.0,2679.0,0.996,0.013000000000000001,4802.0
795920.0,2.0,2.0,-120.0,-0.7000000000000001,-1.0,641.0,2679.0,2679.0,0.996,0.013000000000000001,4802.0
795930.0,2.0,2.0,-120.0,-0.30000000000000004,-1.0,670.0,2678.0,2675.0,0.996,0.013000000000000001,4802.0
795940.0,2.0,2.0,-120.0,-0.2,-1.0,693.0,2677.0,2674.0,0.996,0.013000000000000001,4802.0
795950.0,2.0,2.0,-120.0,-0.1,-1.0,725.0,2677.0,2676.0,0.992,0.013000000000000001,4238.0
795960.0,2.0,2.0,-120.0,0.0,-1.0,751.0,2677.0,2675.0,0.992,0.013000000000000001,4238.0
795970.0,2.0,2.0,-120.0,0.0,-1.0,778.0,2678.0,2678.0,0.992,0.013000000000000001,4238.0
795980.0,2.0,2.0,-120.0,0.0,-1.0,808.0,2678.0,2676.0,0.992,0.013000000000000001,4238.0
795990.0,2.0,2.0,-120.0,0.0,-1.0,841.0,2678.0,2676.0,0.992,0.013000000000000001,4238.0
796000.0,2.0,2.0,-120.0,0.0,-1.0,872.0,2679.0,2675.0,0.976,0.013000000000000001,4253.0
796010.0,2.0,2.0,-120.0,0.0,-1.0,903.0,2681.0,2679.0,0.976,0.013000000000000001,4253.0
796020.0,2.0,2.0,-120.0,0.0,-1.0,935.0,2680.0,2680.0,0.976,0.013000000000000001,4253.0
796030.0,2.0,2.0,-120.0,0.0,-1.0,960.0,2679.0,2683.0,0.976,0.013000000000000001,4253.0
796040.0,2.0,2.0,-120.0,0.0,-1.0,984.0,2681.0,2679.0,0.976,0.013000000000000001,4253.0
796050.0,2.0,2.0,-120.0,0.0,-1.0,1014.0,2681.0,2679.0,0.898,0.013000000000000001,4247.0
796060.0,2.0,2.0,-120.0,0.0,-1.0,1040.0,2680.0,2679.0,0.898,0.013000000000000001,4247.0
796070.0,2.0,2.0,-120.0,0.0,-1.0,1065.0,2681.0,2680.0,0.898,0.013000000000000001,4247.0
796080.0,2.0,2.0,-120.0,0.0,-1.0,1096.0,2680.0,2679.0,0.898,0.013000000000000001,4247.0
796090.0,2.0,2.0,-120.0,0.9,-1.0,1124.0,2680.0,2679.0,0.898,0.013000000000000001,4247.0
796100.0,2.0,2.0,-120.0,0.5,-1.0,1147.0,2682.0,2682.0,0.726,0.013000000000000001,4246.0
796110.0,2.0,2.0,-120.0,0.2,-1.0,1172.0,2682.0,2682.0,0.726,0.013000000000000001,4246.0
796120.0,2.0,2.0,-120.0,0.1,-1.0,1196.0,2682.0,2681.0,0.726,0.013000000000000001,4246.0
796130.0,2.0,2.0,-120.0,0.1,-1.0,1220.0,2683.0,2681.0,0.726,0.013000000000000001,4246.0
796140.0,2.0,2.0,-120.0,0.0,-1.0,1249.0,2682.0,2681.0,0.726,0.013000000000000001,4246.0
796150.0,0.0,2.0,-120.0,0.0,-1.0,1270.0,2682.0,2682.0,0.531,0.013000000000000001,4201.0
796160.0,0.0,2.0,-120.0,0.0,-1.0,1293.0,2682.0,2682.0,0.531,0.013000000000000001,4201.0
796170.0,0.0,2.0,-120.0,0.0,-1.0,1311.0,2682.0,2682.0,0.531,0.013000000000000001,4201.0
796180.0,0.0,2.0,-120.0,0.0,-1.0,1338.0,2683.0,2683.0,0.531,0.013000000000000001,4201.0
796190.0,0.0,2.0,-120.0,0.0,-1.0,1360.0,2680.0,2679.0,0.531,0.013000000000000001,4201.0
796200.0,0.0,2.0,-120.0,0.0,-1.0,1381.0,2681.0,2678.0,0.628,0.013000000000000001,4211.0
796210.0,0.0,2.0,-120.0,0.0,-1.0,1401.0,2681.0,2680.0,0.628,0.013000000000000001,4211.0
796220.0,0.0,2.0,-120.0,0.0,-1.0,1424.0,2680.0,2679.0,0.628,0.013000000000000001,4211.0
796230.0,0.0,2.0,-120.0,0.0,-1.0,1441.0,2680.0,2679.0,0.628,0.013000000000000001,4211.0
796240.0,0.0,2.0,-120.0,0.0,-1.0,1457.0,2680.0,2679.0,0.628,0.013000000000000001,4211.0
796250.0,0.0,0.0,0.0,-0.9,0.0,1463.0,2680.0,2679.0,0.746,0.013000000000000001,4802.0
796260.0,0.0,0.0,0.0,-0.5,0.0,1473.0,2680.0,2680.0,0.746,0.013000000000000001,4802.0
796270.0,0.0,0.0,0.0,0.7000000000000001,0.0,1477.0,2682.0,2679.0,0.746,0.013000000000000001,4802.0
796280.0,0.0,0.0,0.0,0.30000000000000004,0.0,1476.0,2684.0,2681.0,0.746,0.013000000000000001,4802.0
796290.0,0.0,0.0,0.0,0.2,0.0,1476.0,2681.0,2680.0,0.746,0.013000000000000001,4802.0
796300.0,0.0,0.0,0.0,0.1,0.0,1475.0,2678.0,2677.0,0.792,0.013000000000000001,4253.0
796310.0,0.0,0.0,0.0,0.0,0.0,1475.0,2678.0,2677.0,0.792,0.013000000000000001,4253.0
796320.0,0.0,0.0,0.0,0.0,0.0,1474.0,2678.0,2677.0,0.792,0.013000000000000001,4253.0
796330.0,0.0,0.0,0.0,0.0,0.0,1476.0,2680.0,2678.0,0.792,0.013000000000000001,4253.0
796340.0,0.0,0.0,0.0,0.0,0.0,1476.0,2680.0,2677.0,0.792,0.013000000000000001,4253.0
796350.0,0.0,0.0,0.0,0.0,0.0,1476.0,2680.0,2681.0,0.8170000000000001,0.013000000000000001,4237.0
796360.0,0.0,0.0,0.0,0.0,0.0,1476.0,2682.0,2679.0,0.8170000000000001,0.013000000000000001,4237.0
796370.0,0.0,0.0,0.0,0.0,0.0,1477.0,2681.0,2679.0,0.8170000000000001,0.013000000000000001,4237.0
796380.0,0.0,0.0,0.0,0.0,0.0,1476.0,2682.0,2679.0,0.8170000000000001,0.013000000000000001,4237.0
796390.0,0.0,0.0,0.0,0.0,0.0,1476.0,2682.0,2680.0,0.8170000000000001,0.013000000000000001,4237.0
796400.0,0.0,0.0,0.0,0.0,0.0,1477.0,2681.0,2680.0,0.842,0.013000000000000001,4233.0
796410.0,0.0,0.0,0.0,0.0,0.0,1477.0,2682.0,2681.0,0.842,0.013000000000000001,4233.0
796420.0,0.0,0.0,0.0,0.0,0.0,1477.0,2683.0,2677.0,0.842,0.013000000000000001,4233.0
796430.0,0.0,0.0,0.0,0.0,0.0,1477.0,2682.0,2682.0,0.842,0.013000000000000001,4233.0
796440.0,0.0,0.0,0.0,0.0,0.0,1477.0,2682.0,2680.0,0.842,0.013000000000000001,4233.0
796450.0,0.0,0.0,0.0,0.0,0.0,1476.0,2681.0,2681.0,0.848,0.013000000000000001,4231.0
796460.0,0.0,0.0,0.0,0.0,0.0,1477.0,2683.0,2681.0,0.848,0.013000000000000001,4231.0
796470.0,0.0,0.0,0.0,0.0,0.0,1477.0,2682.0,2682.0,0.848,0.013000000000000001,4231.0
796480.0,0.0,0.0,0.0,0.0,0.0,1478.0,2682.0,2681.0,0.848,0.013000000000000001,4231.0
796490.0,0.0,0.0,0.0,0.0,0.0,1477.0,2684.0,2682.0,0.848,0.013000000000000001,4231.0
796500.0,0.0,0.0,0.0,0.0,0.0,1477.0,2683.0,2680.0,0.849,0.013000000000000001,4242.0
796510.0,0.0,0.0,0.0,0.0,0.0,1476.0,2682.0,2682.0,0.849,0.013000000000000001,4242.0
796520.0,0.0,0.0,0.0,0.0,0.0,1477.0,2682.0,2680.0,0.849,0.013000000000000001,4242.0
796530.0,0.0,0.0,0.0,0.0,0.0,1477.0,2682.0,2680.0,0.849,0.013000000000000001,4242.0
796540.0,0.0,0.0,0.0,0.0,0.0,1476.0,2682.0,2680.0,0.849,0.013000000000000001,4242.0
796550.0,0.0,0.0,0.0,0.0,0.0,1476.0,2682.0,2681.0,0.853,0.013000000000000001,4241.0
796560.0,0.0,0.0,0.0,0.0,0.0,1477.0,2677.0,2680.0,0.853,0.013000000000000001,4241.0
796570.0,0.0,0.0,0.0,0.0,0.0,1476.0,2681.0,2681.0,0.853,0.013000000000000001,4241.0
796580.0,0.0,0.0,0.0,0.0,0.0,1476.0,2680.0,2679.0,0.853,0.013000000000000001,4241.0
796590.0,0.0,0.0,0.0,0.0,0.0,1476.0,2681.0,2679.0,0.853,0.013000000000000001,4241.0
796600.0,0.0,0.0,0.0,0.0,0.0,1476.0,2678.0,2679.0,0.851,0.013000000000000001,4240.0
796610.0,0.0,0.0,0.0,0.0,0.0,1476.0,2681.0,2681.0,0.851,0.013000000000000001,4240.0
796620.0,0.0,0.0,0.0,0.0,0.0,1476.0,2681.0,2679.0,0.851,0.013000000000000001,4240.0
796630.0,0.0,0.0,0.0,0.0,0.0,1476.0,2681.0,2680.0,0.851,0.013000000000000001,4240.0
796640.0,0.0,0.0,0.0,0.0,0.0,1477.0,2680.0,2680.0,0.851,0.013000000000000001,4240.0
796650.0,0.0,0.0,0.0,0.0,0.0,1477.0,2681.0,2679.0,0.85,0.013000000000000001,4241.0
796660.0,0.0,0.0,0.0,0.0,0.0,1482.0,2680.0,2680.0,0.85,0.013000000000000001,4241.0
796670.0,0.0,0.0,0.0,0.0,0.0,1486.0,2682.0,2678.0,0.85,0.013000000000000001,4241.0
796680.0,0.0,0.0,0.0,0.0,0.0,1495.0,2681.0,2679.0,0.85,0.013000000000000001,4241.0
796690.0,0.0,0.0,0.0,0.0,0.0,1505.0,2680.0,2680.0,0.85,0.013000000000000001,4241.0
796700.0,0.0,0.0,0.0,0.0,0.0,1522.0,2681.0,2679.0,0.863,0.013000000000000001,4212.0
796710.0,0.0,0.0,0.0,0.0,0.0,1535.0,2682.0,2679.0,0.863,0.013000000000000001,4212.0
796720.0,0.0,0.0,0.0,0.0,0.0,1557.0,2681.0,2678.0,0.863,0.013000000000000001,4212.0
796730.0,0.0,0.0,0.0,0.0,0.0,1581.0,2681.0,2679.0,0.863,0.013000000000000001,4212.0
796740.0,0.0,0.0,0.0,0.0,0.0,1606.0,2682.0,2678.0,0.863,0.013000000000000001,4212.0
796750.0,0.0,0.0,0.0,0.0,0.0,1632.0,2681.0,2680.0,0.893,0.013000000000000001,4233.0
796760.0,0.0,0.0,0.0,0.0,0.0,1660.0,2681.0,2678.0,0.893,0.013000000000000001,4233.0
796770.0,0.0,0.0,0.0,0.0,0.0,1690.0,2680.0,2678.0,0.893,0.013000000000000001,4233.0
796780.0,0.0,0.0,0.0,0.0,0.0,1717.0,2681.0,2678.0,0.893,0.013000000000000001,4233.0
796790.0,0.0,0.0,0.0,0.0,0.0,1749.0,2681.0,2678.0,0.893,0.013000000000000001,4233.0
796800.0,0.0,0.0,0.0,0.0,0.0,1781.0,2681.0,2679.0,0.92,0.013000000000000001,4258.0
796810.0,0.0,0.0,0.0,0.0,0.0,1814.0,2680.0,2678.0,0.92,0.013000000000000001,4258.0
796820.0,0.0,0.0,0.0,0.0,0.0,1851.0,2680.0,2678.0,0.92,0.013000000000000001,4258.0
796830.0,0.0,0.0,0.0,0.0,0.0,1889.0,2680.0,2678.0,0.92,0.013000000000000001,4258.0
796840.0,0.0,0.0,0.0,0.0,0.0,1922.0,2681.0,2678.0,0.92,0.013000000000000001,4258.0
796850.0,0.0,0.0,0.0,0.0,0.0,1960.0,2680.0,2679.0,0.9450000000000001,0.013000000000000001,4207.0
796860.0,0.0,0.0,0.0,0.0,0.0,1992.0,2681.0,2678.0,0.9450000000000001,0.013000000000000001,4207.0
796870.0,0.0,0.0,0.0,0.0,0.0,2029.0,2678.0,2679.0,0.9450000000000001,0.013000000000000001,4207.0
796880.0,0.0,0.0,0.0,0.0,0.0,2063.0,2676.0,2678.0,0.9450000000000001,0.013000000000000001,4207.0
796890.0,0.0,0.0,0.0,0.0,0.0,2098.0,2681.0,2677.0,0.9450000000000001,0.013000000000000001,4207.0
796900.0,0.0,0.0,0.0,0.0,0.0,2141.0,2680.0,2677.0,0.966,0.013000000000000001,4220.0
796910.0,0.0,0.0,0.0,0.0,0.0,2185.0,2679.0,2678.0,0.966,0.013000000000000001,4220.0
796920.0,0.0,0.0,0.0,0.0,0.0,2230.0,2680.0,2678.0,0.966,0.013000000000000001,4220.0
796930.0,0.0,0.0,0.0,0.0,0.0,2277.0,2681.0,2677.0,0.966,0.013000000000000001,4220.0
796940.0,0.0,0.0,0.0,0.0,0.0,2326.0,2679.0,2678.0,0.966,0.013000000000000001,4220.0
796950.0,0.0,0.0,0.0,0.0,0.0,2378.0,2679.0,2677.0,0.98,0.013000000000000001,4209.0
796960.0,0.0,0.0,0.0,0.0,0.0,2427.0,2679.0,2678.0,0.98,0.013000000000000001,4209.0
796970.0,0.0,0.0,0.0,0.0,0.0,2474.0,2679.0,2676.0,0.98,0.013000000000000001,4209.0
796980.0,0.0,0.0,0.0,0.0,0.0,2524.0,2679.0,2678.0,0.98,0.013000000000000001,4209.0
796990.0,0.0,0.0,0.0,0.0,0.0,2573.0,2679.0,2683.0,0.98,0.013000000000000001,4209.0
797000.0,0.0,0.0,0.0,0.0,0.0,2622.0,2679.0,2678.0,0.989,0.013000000000000001,4225.0
797010.0,0.0,0.0,0.0,0.0,0.0,2673.0,2679.0,2676.0,0.989,0.013000000000000001,4225.0
797020.0,0.0,0.0,0.0,0.0,0.0,2696.0,2680.0,2678.0,0.989,0.013000000000000001,4225.0
797030.0,0.0,0.0,0.0,0.0,0.0,2696.0,2679.0,2679.0,0.989,0.013000000000000001,4225.0
797040.0,0.0,0.0,0.0,0.0,0.0,2696.0,2680.0,2678.0,0.989,0.013000000000000001,4225.0
797050.0,0.0,0.0,0.0,0.0,0.0,2696.0,2679.0,2678.0,0.993,0.013000000000000001,4213.0
797060.0,0.0,0.0,0.0,0.0,0.0,2697.0,2679.0,2678.0,0.993,0.013000000000000001,4213.0
797070.0,0.0,0.0,0.0,0.0,0.0,2697.0,2679.0,2679.0,0.993,0.013000000000000001,4213.0
797080.0,0.0,0.0,0.0,0.0,0.0,2696.0,2680.0,2679.0,0.993,0.013000000000000001,4213.0
797090.0,0.0,0.0,0.0,0.0,0.0,2696.0,2679.0,2680.0,0.993,0.013000000000000001,4213.0
797100.0,0.0,0.0,0.0,0.0,0.0,2696.0,2680.0,2678.0,0.994,0.013000000000000001,4152.0
797110.0,0.0,0.0,0.0,0.0,0.0,2697.0,2680.0,2679.0,0.994,0.013000000000000001,4152.0
797120.0,0.0,0.0,0.0,0.0,0.0,2696.0,2677.0,2682.0,0.994,0.013000000000000001,4152.0
797130.0,0.0,0.0,0.0,0.0,0.0,2697.0,2680.0,2678.0,0.994,0.013000000000000001,4152.0
797140.0,0.0,0.0,0.0,0.0,0.0,2696.0,2680.0,2678.0,0.994,0.013000000000000001,4152.0
797150.0,0.0,0.0,0.0,0.0,0.0,2696.0,2681.0,2679.0,0.996,0.013000000000000001,4198.0
797160.0,0.0,0.0,0.0,0.0,0.0,2696.0,2679.0,2677.0,0.996,0.013000000000000001,4198.0
797170.0,0.0,0.0,0.0,0.0,0.0,2697.0,2680.0,2678.0,0.996,0.013000000000000001,4198.0
797180.0,0.0,0.0,0.0,0.0,0.0,2696.0,2680.0,2679.0,0.996,0.013000000000000001,4198.0
797190.0,0.0,0.0,0.0,0.0,0.0,2696.0,2680.0,2679.0,0.996,0.013000000000000001,4198.0
797200.0,0.0,0.0,0.0,0.0,0.0,2697.0,2681.0,2677.0,0.996,0.013000000000000001,4220.0
797210.0,0.0,0.0,0.0,0.0,0.0,2697.0,2679.0,2679.0,0.996,0.013000000000000001,4220.0
797220.0,0.0,0.0,0.0,0.0,0.0,2696.0,2680.0,2678.0,0.996,0.013000000000000001,4220.0
797230.0,0.0,0.0,0.0,0.0,0.0,2697.0,2680.0,2679.0,0.996,0.013000000000000001,4220.0
797240.0,0.0,0.0,0.0,0.0,0.0,2696.0,2679.0,2679.0,0.996,0.013000000000000001,4220.0
797250.0,0.0,0.0,0.0,0.0,0.0,2697.0,2680.0,2678.0,0.996,0.013000000000000001,4220.0
797260.0,0.0,0.0,0.0,0.0,0.0,2696.0,2681.0,2678.0,0.996,0.013000000000000001,4220.0
797270.0,0.0,0.0,0.0,0.0,0.0,2697.0,2680.0,2678.0,0.996,0.013000000000000001,4220.0
797280.0,0.0,0.0,0.0,0.0,0.0,2696.0,2680.0,2678.0,0.996,0.013000000000000001,4220.0
797290.0,0.0,0.0,0.0,0.0,0.0,2697.0,2680.0,2678.0,0.996,0.013000000000000001,4220.0
797300.0,0.0,0.0,0.0,0.0,0.0,2697.0,2681.0,2678.0,0.996,0.013000000000000001,4212.0
797310.0,0.0,0.0,0.0,0.0,0.0,2697.0,2679.0,2678.0,0.996,0.013000000000000001,4212.0
797320.0,0.0,0.0,0.0,0.0,0.0,2697.0,2681.0,2679.0,0.996,0.013000000000000001,4212.0
797330.0,0.0,0.0,0.0,0.0,0.0,2696.0,2679.0,2679.0,0.996,0.013000000000000001,4212.0
797340.0,0.0,0.0,0.0,0.0,0.0,2696.0,2681.0,2678.0,0.996,0.013000000000000001,4212.0
797350.0,0.0,0.0,0.0,0.0,0.0,2697.0,2680.0,2677.0,0.996,0.013000000000000001,4220.0
797360.0,0.0,0.0,0.0,0.0,0.0,2696.0,2680.0,2678.0,0.996,0.013000000000000001,4220.0
797370.0,0.0,0.0,0.0,0.0,0.0,2697.0,2679.0,2678.0,0.996,0.013000000000000001,4220.0
797380.0,0.0,0.0,0.0,0.0,0.0,2696.0,2681.0,2678.0,0.996,0.013000000000000001,4220.0
797390.0,0.0,0.0,0.0,0.0,0.0,2697.0,2681.0,2679.0,0.996,0.013000000000000001,4220.0
797400.0,0.0,0.0,0.0,0.0,0.0,2696.0,2680.0,2678.0,0.996,0.013000000000000001,4220.0
797410.0,0.0,0.0,0.0,0.0,0.0,2696.0,2679.0,2679.0,0.996,0.013000000000000001,4220.0
797420.0,0.0,0.0,0.0,0.0,0.0,2697.0,2680.0,2679.0,0.996,0.013000000000000001,4220.0
797430.0,0.0,0.0,0.0,0.0,0.0,2697.0,2679.0,2679.0,0.996,0.013000000000000001,4220.0
797440.0,0.0,0.0,0.0,0.0,0.0,2696.0,2679.0,2678.0,0.996,0.013000000000000001,4220.0
797450.0,0.0,0.0,0.0,0.0,0.0,2698.0,2679.0,2679.0,0.996,0.013000000000000001,4220.0
797460.0,0.0,0.0,0.0,0.0,0.0,2697.0,2678.0,2679.0,0.996,0.013000000000000001,4220.0
797470.0,0.0,0.0,0.0,0.0,0.0,2696.0,2678.0,2678.0,0.996,0.013000000000000001,4220.0
797480.0,0.0,0.0,0.0,0.0,0.0,2697.0,2680.0,2678.0,0.996,0.013000000000000001,4220.0
797490.0,0.0,0.0,0.0,0.0,0.0,2696.0,2681.0,2678.0,0.996,0.013000000000000001,4220.0
797500.0,0.0,0.0,0.0,0.0,0.0,2696.0,2680.0,2677.0,0.996,0.013000000000000001,4212.0
797510.0,0.0,0.0,0.0,0.0,0.0,2696.0,2680.0,2677.0,0.996,0.013000000000000001,4212.0
797520.0,0.0,0.0,0.0,0.0,0.0,2696.0,2680.0,2679.0,0.996,0.013000000000000001,4212.0
797530.0,0.0,0.0,0.0,0.0,0.0,2696.0,2678.0,2679.0,0.996,0.013000000000000001,4212.0
797540.0,0.0,0.0,0.0,0.0,0.0,2696.0,2679.0,2679.0,0.996,0.013000000000000001,4212.0
797550.0,0.0,0.0,0.0,0.0,0.0,2697.0,2679.0,2678.0,0.996,0.013000000000000001,4221.0
797560.0,0.0,0.0,0.0,0.0,0.0,2696.0,2680.0,2681.0,0.996,0.013000000000000001,4221.0
797570.0,0.0,0.0,0.0,0.0,0.0,2697.0,2680.0,2679.0,0.996,0.013000000000000001,4221.0
797580.0,0.0,0.0,0.0,0.0,0.0,2695.0,2680.0,2679.0,0.996,0.013000000000000001,4221.0
797590.0,0.0,0.0,0.0,0.0,0.0,2696.0,2679.0,2679.0,0.996,0.013000000000000001,4221.0
797600.0,0.0,0.0,0.0,0.0,0.0,2696.0,2679.0,2678.0,0.996,0.013000000000000001,4221.0
797610.0,0.0,0.0,0.0,0.0,0.0,2697.0,2680.0,2679.0,0.996,0.013000000000000001,4221.0
797620.0,0.0,0.0,0.0,0.0,0.0,2696.0,2679.0,2679.0,0.996,0.013000000000000001,4221.0
797630.0,0.0,0.0,0.0,0.0,0.0,2697.0,2679.0,2679.0,0.996,0.013000000000000001,4221.0
797640.0,0.0,0.0,0.0,0.0,0.0,2696.0,2680.0,2679.0,0.996,0.013000000000000001,4221.0
797650.0,0.0,0.0,0.0,0.0,0.0,2696.0,2680.0,2679.0,0.996,0.013000000000000001,4212.0
797660.0,0.0,0.0,0.0,0.0,0.0,2697.0,2680.0,2679.0,0.996,0.013000000000000001,4212.0
797670.0,0.0,0.0,0.0,0.0,0.0,2696.0,2680.0,2678.0,0.996,0.013000000000000001,4212.0
797680.0,0.0,0.0,0.0,0.0,0.0,2696.0,2680.0,2677.0,0.996,0.013000000000000001,4212.0
797690.0,0.0,0.0,0.0,0.0,0.0,2697.0,2680.0,2679.0,0.996,0.013000000000000001,4212.0
797700.0,0.0,0.0,0.0,0.0,0.0,2697.0,2680.0,2679.0,0.996,0.013000000000000001,4220.0
797710.0,0.0,0.0,0.0,0.0,0.0,2697.0,2680.0,2681.0,0.996,0.013000000000000001,4220.0
797720.0,0.0,0.0,0.0,0.0,0.0,2697.0,2681.0,2684.0,0.996,0.013000000000000001,4220.0
797730.0,0.0,0.0,0.0,0.0,0.0,2695.0,2681.0,2679.0,0.996,0.013000000000000001,4220.0
797740.0,0.0,0.0,0.0,0.0,0.0,2697.0,2681.0,2679.0,0.996,0.013000000000000001,4220.0
797750.0,0.0,0.0,0.0,0.0,0.0,2698.0,2680.0,2678.0,0.996,0.013000000000000001,4222.0
797760.0,0.0,0.0,0.0,0.0,0.0,2697.0,2681.0,2678.0,0.996,0.013000000000000001,4222.0
797770.0,0.0,0.0,0.0,0.0,0.0,2697.0,2681.0,2679.0,0.996,0.013000000000000001,4222.0
797780.0,0.0,0.0,0.0,0.0,0.0,2696.0,2681.0,2678.0,0.996,0.013000000000000001,4222.0
797790.0,0.0,0.0,0.0,0.0,0.0,2697.0,2681.0,2678.0,0.996,0.013000000000000001,4222.0
797800.0,0.0,0.0,0.0,0.0,0.0,2698.0,2680.0,2679.0,0.996,0.013000000000000001,4220.0
797810.0,0.0,0.0,0.0,0.0,0.0,2696.0,2680.0,2678.0,0.996,0.013000000000000001,4220.0
797820.0,0.0,0.0,0.0,0.0,0.0,2697.0,2680.0,2678.0,0.996,0.013000000000000001,4220.0
797830.0,0.0,0.0,0.0,0.0,0.0,2697.0,2682.0,2678.0,0.996,0.013000000000000001,4220.0
797840.0,0.0,0.0,0.0,0.0,0.0,2696.0,2681.0,2679.0,0.996,0.013000000000000001,4220.0
797850.0,0.0,0.0,0.0,0.0,0.0,2697.0,2680.0,2679.0,0.996,0.013000000000000001,4221.0
797860.0,0.0,0.0,0.0,0.0,0.0,2696.0,2681.0,2679.0,0.996,0.013000000000000001,4221.0
797870.0,0.0,0.0,0.0,0.0,0.0,2697.0,2680.0,2678.0,0.996,0.013000000000000001,4221.0
797880.0,0.0,0.0,0.0,0.0,0.0,2698.0,2680.0,2679.0,0.996,0.013000000000000001,4221.0
797890.0,0.0,0.0,0.0,0.0,0.0,2697.0,2681.0,2680.0,0.996,0.013000000000000001,4221.0
797900.0,0.0,0.0,0.0,0.0,0.0,2698.0,2681.0,2679.0,0.996,0.013000000000000001,4222.0
797910.0,0.0,0.0,0.0,0.0,0.0,2695.0,2678.0,2680.0,0.996,0.013000000000000001,4222.0
797920.0,0.0,0.0,0.0,0.0,0.0,2697.0,2682.0,2679.0,0.996,0.013000000000000001,4222.0
797930.0,0.0,0.0,0.0,0.0,0.0,2697.0,2681.0,2679.0,0.996,0.013000000000000001,4222.0
797940.0,0.0,0.0,0.0,0.0,0.0,2697.0,2681.0,2679.0,0.996,0.013000000000000001,4222.0
797950.0,0.0,0.0,0.0,0.0,0.0,2697.0,2680.0,2679.0,0.996,0.013000000000000001,4212.0
797960.0,0.0,0.0,0.0,0.0,0.0,2698.0,2681.0,2678.0,0.996,0.013000000000000001,4212.0
797970.0,0.0,0.0,0.0,0.0,0.0,2697.0,2681.0,2678.0,0.996,0.013000000000000001,4212.0
797980.0,0.0,0.0,0.0,0.0,0.0,2697.0,2679.0,2680.0,0.996,0.013000000000000001,4212.0
797990.0,0.0,0.0,0.0,0.0,0.0,2698.0,2681.0,2679.0,0.996,0.013000000000000001,4212.0
798000.0,0.0,0.0,0.0,0.0,0.0,2697.0,2683.0,2679.0,0.996,0.013000000000000001,4221.0
798010.0,0.0,0.0,0.0,0.0,0.0,2697.0,2681.0,2678.0,0.996,0.012,4221.0
798020.0,0.0,0.0,0.0,0.0,0.0,2697.0,2682.0,2679.0,0.996,0.012,4221.0
798030.0,0.0,0.0,0.0,0.0,0.0,2698.0,2680.0,2679.0,0.996,0.012,4221.0
798040.0,0.0,0.0,0.0,0.0,0.0,2698.0,2680.0,2679.0,0.996,0.012,4221.0
798050.0,0.0,0.0,0.0,0.0,0.0,2696.0,2681.0,2678.0,0.996,0.012,4221.0
798060.0,0.0,0.0,0.0,0.0,0.0,2697.0,2684.0,2679.0,0.996,0.012,4221.0
798070.0,0.0,0.0,0.0,0.0,0.0,2698.0,2681.0,2679.0,0.996,0.012,4221.0
798080.0,0.0,0.0,0.0,0.0,0.0,2698.0,2680.0,2680.0,0.996,0.012,4221.0
798090.0,0.0,0.0,0.0,0.0,0.0,2697.0,2680.0,2677.0,0.996,0.012,4221.0
798100.0,0.0,0.0,0.0,0.0,0.0,2697.0,2681.0,2678.0,0.996,0.012,4221.0
798110.0,0.0,0.0,0.0,0.0,0.0,2698.0,2679.0,2680.0,0.996,0.012,4221.0
798120.0,0.0,0.0,0.0,0.0,0.0,2697.0,2680.0,2679.0,0.996,0.012,4221.0
798130.0,0.0,0.0,0.0,0.0,0.0,2697.0,2681.0,2679.0,0.996,0.012,4221.0
798140.0,0.0,0.0,0.0,0.0,0.0,2697.0,2681.0,2679.0,0.996,0.012,4221.0
798150.0,0.0,0.0,0.0,0.0,0.0,2697.0,2681.0,2679.0,0.996,0.012,4220.0
798160.0,0.0,0.0,0.0,0.0,0.0,2697.0,2680.0,2675.0,0.996,0.012,4220.0
798170.0,0.0,0.0,0.0,0.0,0.0,2697.0,2680.0,2680.0,0.996,0.012,4220.0
798180.0,0.0,0.0,0.0,0.0,0.0,2698.0,2680.0,2679.0,0.996,0.012,4220.0
798190.0,0.0,0.0,0.0,0.0,0.0,2697.0,2681.0,2679.0,0.996,0.012,4220.0
798200.0,0.0,0.0,0.0,0.0,0.0,2697.0,2680.0,2679.0,0.996,0.012,4221.0
798210.0,0.0,0.0,0.0,0.0,0.0,2697.0,2678.0,2679.0,0.996,0.012,4221.0
798220.0,0.0,0.0,0.0,0.0,0.0,2697.0,2681.0,2678.0,0.996,0.012,4221.0
798230.0,0.0,0.0,0.0,0.0,0.0,2697.0,2681.0,2678.0,0.996,0.012,4221.0
798240.0,0.0,0.0,0.0,0.0,0.0,2697.0,2682.0,2678.0,0.996,0.012,4221.0
798250.0,0.0,0.0,0.0,0.0,0.0,2696.0,2679.0,2679.0,0.996,0.012,4222.0
798260.0,0.0,0.0,0.0,0.0,0.0,2695.0,2681.0,2679.0,0.996,0.012,4222.0
798270.0,0.0,0.0,0.0,0.0,0.0,2698.0,2681.0,2678.0,0.996,0.012,4222.0
798280.0,0.0,0.0,0.0,0.0,0.0,2700.0,2681.0,2679.0,0.996,0.012,4222.0
798290.0,0.0,0.0,0.0,0.0,0.0,2697.0,2681.0,2680.0,0.996,0.012,4222.0
798300.0,0.0,0.0,0.0,0.0,0.0,2697.0,2681.0,2678.0,0.996,0.012,4221.0
798310.0,0.0,0.0,0.0,0.0,0.0,2698.0,2679.0,2679.0,0.996,0.012,4221.0
798320.0,0.0,0.0,0.0,0.0,0.0,2698.0,2681.0,2679.0,0.996,0.012,4221.0
798330.0,0.0,0.0,0.0,0.0,0.0,2699.0,2681.0,2679.0,0.996,0.012,4221.0
798340.0,0.0,0.0,0.0,0.0,0.0,2698.0,2681.0,2679.0,0.996,0.012,4221.0
798350.0,0.0,0.0,0.0,0.0,0.0,2698.0,2682.0,2679.0,0.996,0.012,4222.0
798360.0,0.0,0.0,0.0,0.0,0.0,2698.0,2682.0,2679.0,0.996,0.012,4222.0
798370.0,0.0,0.0,0.0,0.0,0.0,2697.0,2680.0,2679.0,0.996,0.012,4222.0
798380.0,0.0,0.0,0.0,0.0,0.0,2698.0,2682.0,2678.0,0.996,0.012,4222.0
798390.0,0.0,0.0,0.0,0.0,0.0,2699.0,2682.0,2679.0,0.996,0.012,4222.0
798400.0,0.0,0.0,0.0,0.0,0.0,2698.0,2682.0,2681.0,0.996,0.012,4221.0
798410.0,0.0,0.0,0.0,0.0,0.0,2698.0,2681.0,2679.0,0.996,0.012,4221.0
798420.0,0.0,0.0,0.0,0.0,0.0,2699.0,2680.0,2681.0,0.996,0.012,4221.0
798430.0,0.0,0.0,0.0,0.0,0.0,2698.0,2684.0,2681.0,0.996,0.012,4221.0
798440.0,0.0,0.0,0.0,0.0,0.0,2699.0,2681.0,2680.0,0.996,0.012,4221.0
798450.0,0.0,0.0,0.0,0.0,0.0,2699.0,2681.0,2680.0,0.996,0.012,4212.0
798460.0,0.0,0.0,0.0,0.0,0.0,2698.0,2682.0,2676.0,0.996,0.012,4212.0
798470.0,0.0,0.0,0.0,0.0,0.0,2699.0,2682.0,2680.0,0.996,0.012,4212.0
798480.0,0.0,0.0,0.0,0.0,0.0,2698.0,2682.0,2680.0,0.996,0.012,4212.0
798490.0,0.0,0.0,0.0,0.0,0.0,2698.0,2683.0,2680.0,0.996,0.012,4212.0
798500.0,0.0,0.0,0.0,0.0,0.0,2700.0,2681.0,2682.0,0.996,0.012,4212.0
798510.0,0.0,0.0,0.0,0.0,0.0,2701.0,2682.0,2680.0,0.996,0.012,4212.0
798520.0,0.0,0.0,0.0,0.0,0.0,2699.0,2682.0,2680.0,0.996,0.012,4212.0
798530.0,0.0,0.0,0.0,0.0,0.0,2698.0,2681.0,2681.0,0.996,0.012,4212.0
798540.0,0.0,0.0,0.0,0.0,0.0,2699.0,2682.0,2681.0,0.996,0.012,4212.0
798550.0,0.0,0.0,0.0,0.0,0.0,2698.0,2682.0,2680.0,0.996,0.012,4212.0
798560.0,0.0,0.0,0.0,0.0,0.0,2700.0,2682.0,2681.0,0.996,0.012,4212.0
798570.0,0.0,0.0,0.0,0.0,0.0,2699.0,2683.0,2681.0,0.996,0.012,4212.0
798580.0,0.0,0.0,0.0,0.0,0.0,2700.0,2682.0,2681.0,0.996,0.012,4212.0
798590.0,0.0,0.0,0.0,0.0,0.0,2699.0,2683.0,2680.0,0.996,0.012,4212.0
798600.0,0.0,0.0,0.0,0.0,0.0,2699.0,2683.0,2681.0,0.996,0.012,4215.0
798610.0,0.0,0.0,0.0,0.0,0.0,2700.0,2681.0,2681.0,0.996,0.012,4215.0
798620.0,0.0,0.0,0.0,0.0,0.0,2698.0,2683.0,2680.0,0.996,0.012,4215.0
798630.0,0.0,0.0,0.0,0.0,0.0,2700.0,2683.0,2680.0,0.996,0.012,4215.0
798640.0,0.0,0.0,0.0,0.0,0.0,2699.0,2683.0,2680.0,0.996,0.012,4215.0
798650.0,0.0,0.0,0.0,0.0,0.0,2698.0,2683.0,2680.0,0.996,0.012,4221.0
798660.0,0.0,0.0,0.0,0.0,0.0,2699.0,2683.0,2680.0,0.996,0.012,4221.0
798670.0,0.0,0.0,0.0,0.0,0.0,2699.0,2682.0,2681.0,0.996,0.012,4221.0
798680.0,0.0,0.0,0.0,0.0,0.0,2700.0,2682.0,2682.0,0.996,0.012,4221.0
798690.0,0.0,0.0,0.0,0.0,0.0,2699.0,2683.0,2680.0,0.996,0.012,4221.0
798700.0,0.0,0.0,0.0,0.0,0.0,2699.0,2682.0,2682.0,0.996,0.012,4221.0
798710.0,0.0,0.0,0.0,0.0,0.0,2699.0,2682.0,2680.0,0.996,0.012,4221.0
798720.0,0.0,0.0,0.0,0.0,0.0,2700.0,2682.0,2681.0,0.996,0.012,4221.0
798730.0,0.0,0.0,0.0,0.0,0.0,2699.0,2683.0,2679.0,0.996,0.012,4221.0
798740.0,0.0,0.0,0.0,0.0,0.0,2700.0,2683.0,2682.0,0.996,0.012,4221.0
798750.0,0.0,0.0,0.0,0.0,0.0,2700.0,2684.0,2680.0,0.996,0.012,4220.0
798760.0,0.0,0.0,0.0,0.0,0.0,2699.0,2683.0,2687.0,0.996,0.012,4220.0
798770.0,0.0,0.0,0.0,0.0,0.0,2699.0,2683.0,2681.0,0.996,0.012,4220.0
798780.0,0.0,0.0,0.0,0.0,0.0,2699.0,2682.0,2682.0,0.996,0.012,4220.0
798790.0,0.0,0.0,0.0,0.0,0.0,2701.0,2683.0,2682.0,0.996,0.012,4220.0
798800.0,0.0,0.0,0.0,0.0,0.0,2700.0,2683.0,2682.0,0.996,0.012,4221.0
798810.0,0.0,0.0,0.0,0.0,0.0,2699.0,2683.0,2681.0,0.996,0.012,4221.0
798820.0,0.0,0.0,0.0,0.0,0.0,2699.0,2683.0,2681.0,0.996,0.012,4221.0
798830.0,0.0,0.0,0.0,0.0,0.0,2700.0,2682.0,2682.0,0.996,0.012,4221.0
798840.0,0.0,0.0,0.0,0.0,0.0,2697.0,2682.0,2685.0,0.996,0.012,4221.0
798850.0,0.0,0.0,0.0,0.0,0.0,2699.0,2684.0,2681.0,0.996,0.012,4222.0
798860.0,0.0,0.0,0.0,0.0,0.0,2699.0,2682.0,2681.0,0.996,0.012,4222.0
798870.0,0.0,0.0,0.0,0.0,0.0,2699.0,2682.0,2682.0,0.996,0.012,4222.0
798880.0,0.0,0.0,0.0,0.0,0.0,2700.0,2684.0,2683.0,0.996,0.012,4222.0
798890.0,0.0,0.0,0.0,0.0,0.0,2701.0,2682.0,2682.0,0.996,0.012,4222.0
798900.0,0.0,0.0,0.0,0.0,0.0,2699.0,2684.0,2680.0,0.996,0.012,4212.0
798910.0,0.0,0.0,0.0,0.0,0.0,2698.0,2683.0,2681.0,0.996,0.012,4212.0
798920.0,0.0,0.0,0.0,0.0,0.0,2699.0,2683.0,2679.0,0.996,0.012,4212.0
798930.0,0.0,0.0,0.0,0.0,0.0,2699.0,2683.0,2681.0,0.996,0.012,4212.0
798940.0,0.0,0.0,0.0,0.0,0.0,2700.0,2683.0,2682.0,0.996,0.012,4212.0
798950.0,0.0,0.0,0.0,0.0,0.0,2699.0,2683.0,2681.0,0.996,0.012,4222.0
798960.0,0.0,0.0,0.0,0.0,0.0,2700.0,2683.0,2681.0,0.996,0.012,4222.0
798970.0,0.0,0.0,0.0,0.0,0.0,2700.0,2683.0,2681.0,0.996,0.012,4222.0
798980.0,0.0,0.0,0.0,0.0,0.0,2699.0,2684.0,2682.0,0.996,0.012,4222.0
798990.0,0.0,0.0,0.0,0.0,0.0,2699.0,2684.0,2680.0,0.996,0.012,4222.0
799000.0,0.0,0.0,0.0,0.0,0.0,2700.0,2682.0,2683.0,0.996,0.012,4221.0
799010.0,0.0,0.0,0.0,0.0,0.0,2700.0,2683.0,2683.0,0.996,0.012,4221.0
799020.0,0.0,0.0,0.0,0.0,0.0,2700.0,2683.0,2682.0,0.996,0.012,4221.0
799030.0,0.0,0.0,0.0,0.0,0.0,2700.0,2683.0,2683.0,0.996,0.012,4221.0
799040.0,0.0,0.0,0.0,0.0,0.0,2701.0,2686.0,2683.0,0.996,0.012,4221.0
799050.0,0.0,0.0,0.0,0.0,0.0,2700.0,2684.0,2681.0,0.996,0.012,4220.0
799060.0,0.0,0.0,0.0,0.0,0.0,2699.0,2684.0,2681.0,0.996,0.012,4220.0
799070.0,0.0,0.0,0.0,0.0,0.0,2699.0,2684.0,2681.0,0.996,0.012,4220.0
799080.0,0.0,0.0,0.0,0.0,0.0,2699.0,2683.0,2681.0,0.996,0.012,4220.0
799090.0,0.0,0.0,0.0,0.0,0.0,2700.0,2684.0,2682.0,0.996,0.012,4220.0
799100.0,0.0,0.0,0.0,0.0,0.0,2700.0,2683.0,2682.0,0.996,0.012,4221.0
799110.0,0.0,0.0,0.0,0.0,0.0,2700.0,2683.0,2682.0,0.996,0.012,4221.0
799120.0,0.0,0.0,0.0,0.0,0.0,2699.0,2683.0,2681.0,0.996,0.012,4221.0
799130.0,0.0,0.0,0.0,0.0,0.0,2700.0,2683.0,2680.0,0.996,0.012,4221.0
799140.0,0.0,0.0,0.0,0.0,0.0,2700.0,2683.0,2681.0,0.996,0.012,4221.0
799150.0,0.0,0.0,0.0,0.0,0.0,2700.0,2683.0,2682.0,0.996,0.012,4220.0
799160.0,0.0,0.0,0.0,0.0,0.0,2699.0,2683.0,2681.0,0.996,0.012,4220.0
799170.0,0.0,0.0,0.0,0.0,0.0,2700.0,2683.0,2681.0,0.996,0.012,4220.0
799180.0,0.0,0.0,0.0,0.0,0.0,2700.0,2683.0,2681.0,0.996,0.012,4220.0
799190.0,0.0,0.0,0.0,0.0,0.0,2700.0,2683.0,2681.0,0.996,0.012,4220.0
799200.0,0.0,0.0,0.0,0.0,0.0,2700.0,2686.0,2682.0,0.996,0.012,4221.0
799210.0,0.0,0.0,0.0,0.0,0.0,2700.0,2683.0,2681.0,0.996,0.012,4221.0
799220.0,0.0,0.0,0.0,0.0,0.0,2700.0,2683.0,2681.0,0.996,0.012,4221.0
799230.0,0.0,0.0,0.0,0.0,0.0,2699.0,2683.0,2681.0,0.996,0.012,4221.0
799240.0,0.0,0.0,0.0,0.0,0.0,2699.0,2683.0,2681.0,0.996,0.012,4221.0
799250.0,0.0,0.0,0.0,0.0,0.0,2700.0,2682.0,2681.0,0.996,0.012,4221.0
799260.0,0.0,0.0,0.0,0.0,0.0,2699.0,2683.0,2681.0,0.996,0.012,4221.0
799270.0,0.0,0.0,0.0,0.0,0.0,2700.0,2683.0,2682.0,0.996,0.012,4221.0
799280.0,0.0,0.0,0.0,0.0,0.0,2699.0,2683.0,2681.0,0.996,0.012,4221.0
799290.0,0.0,0.0,0.0,0.0,0.0,2699.0,2683.0,2680.0,0.996,0.012,4221.0
799300.0,0.0,0.0,0.0,0.0,0.0,2699.0,2683.0,2681.0,0.996,0.012,4221.0
799310.0,0.0,0.0,0.0,0.0,0.0,2700.0,2682.0,2682.0,0.996,0.012,4221.0
799320.0,0.0,0.0,0.0,0.0,0.0,2700.0,2683.0,2681.0,0.996,0.012,4221.0
799330.0,0.0,0.0,0.0,0.0,0.0,2699.0,2684.0,2680.0,0.996,0.012,4221.0
799340.0,0.0,0.0,0.0,0.0,0.0,2700.0,2683.0,2681.0,0.996,0.012,4221.0
799350.0,0.0,0.0,0.0,0.0,0.0,2699.0,2683.0,2681.0,0.996,0.012,4222.0
799360.0,0.0,0.0,0.0,0.0,0.0,2699.0,2683.0,2681.0,0.996,0.012,4222.0
799370.0,0.0,0.0,0.0,0.0,0.0,2699.0,2683.0,2681.0,0.996,0.012,4222.0
799380.0,0.0,0.0,0.0,0.0,0.0,2699.0,2683.0,2676.0,0.996,0.012,4222.0
799390.0,0.0,0.0,0.0,0.0,0.0,2699.0,2682.0,2681.0,0.996,0.012,4222.0
799400.0,0.0,0.0,0.0,0.0,0.0,2700.0,2683.0,2681.0,0.996,0.012,4211.0
799410.0,0.0,0.0,0.0,0.0,0.0,2699.0,2683.0,2680.0,0.996,0.012,4211.0
799420.0,0.0,0.0,0.0,0.0,0.0,2699.0,2683.0,2681.0,0.996,0.012,4211.0
799430.0,0.0,0.0,0.0,0.0,0.0,2700.0,2683.0,2682.0,0.996,0.012,4211.0
799440.0,0.0,0.0,0.0,0.0,0.0,2699.0,2684.0,2680.0,0.996,0.012,4211.0
799450.0,0.0,0.0,0.0,0.0,0.0,2700.0,2683.0,2682.0,0.996,0.012,4220.0
799460.0,0.0,0.0,0.0,0.0,0.0,2699.0,2682.0,2680.0,0.996,0.012,4220.0
799470.0,0.0,0.0,0.0,0.0,0.0,2698.0,2684.0,2681.0,0.996,0.012,4220.0
799480.0,0.0,0.0,0.0,0.0,0.0,2699.0,2683.0,2680.0,0.996,0.012,4220.0
799490.0,0.0,0.0,0.0,0.0,0.0,2699.0,2683.0,2681.0,0.996,0.012,4220.0
799500.0,0.0,0.0,0.0,0.0,0.0,2699.0,2684.0,2681.0,0.996,0.012,4221.0
799510.0,0.0,0.0,0.0,0.0,0.0,2699.0,2684.0,2681.0,0.996,0.012,4221.0
799520.0,0.0,0.0,0.0,0.0,0.0,2699.0,2683.0,2682.0,0.996,0.012,4221.0
799530.0,0.0,0.0,0.0,0.0,0.0,2700.0,2683.0,2682.0,0.996,0.012,4221.0
799540.0,0.0,0.0,0.0,0.0,0.0,2700.0,2683.0,2682.0,0.996,0.012,4221.0
799550.0,0.0,0.0,0.0,0.0,0.0,2701.0,2683.0,2683.0,0.996,0.012,4211.0
799560.0,0.0,0.0,0.0,0.0,0.0,2700.0,2684.0,2682.0,0.996,0.012,4211.0
799570.0,0.0,0.0,0.0,0.0,0.0,2700.0,2684.0,2680.0,0.996,0.012,4211.0
799580.0,0.0,0.0,0.0,0.0,0.0,2699.0,2683.0,2682.0,0.996,0.012,4211.0
799590.0,0.0,0.0,0.0,0.0,0.0,2699.0,2683.0,2681.0,0.996,0.012,4211.0
799600.0,0.0,0.0,0.0,0.0,0.0,2700.0,2682.0,2681.0,0.996,0.012,4212.0
799610.0,0.0,0.0,0.0,0.0,0.0,2699.0,2684.0,2681.0,0.996,0.012,4212.0
799620.0,0.0,0.0,0.0,0.0,0.0,2699.0,2682.0,2682.0,0.996,0.012,4212.0
799630.0,0.0,0.0,0.0,0.0,0.0,2699.0,2683.0,2680.0,0.996,0.012,4212.0
799640.0,0.0,0.0,0.0,0.0,0.0,2699.0,2684.0,2681.0,0.996,0.012,4212.0
799650.0,0.0,0.0,0.0,0.0,0.0,2699.0,2684.0,2681.0,0.996,0.012,4213.0
799660.0,0.0,0.0,0.0,0.0,0.0,2699.0,2683.0,2678.0,0.996,0.012,4213.0
799670.0,0.0,0.0,0.0,0.0,0.0,2699.0,2684.0,2681.0,0.996,0.012,4213.0
799680.0,0.0,0.0,0.0,0.0,0.0,2699.0,2684.0,2682.0,0.996,0.012,4213.0
799690.0,0.0,0.0,0.0,0.0,0.0,2700.0,2683.0,2682.0,0.996,0.012,4213.0
799700.0,0.0,0.0,0.0,0.0,0.0,2699.0,2683.0,2682.0,0.996,0.012,4211.0
799710.0,0.0,0.0,0.0,0.0,0.0,2700.0,2682.0,2682.0,0.996,0.012,4211.0
799720.0,0.0,0.0,0.0,0.0,0.0,2700.0,2683.0,2682.0,0.996,0.012,4211.0
799730.0,0.0,0.0,0.0,0.0,0.0,2700.0,2681.0,2682.0,0.996,0.012,4211.0
799740.0,0.0,0.0,0.0,0.0,0.0,2700.0,2684.0,2681.0,0.996,0.012,4211.0
799750.0,0.0,0.0,0.0,0.0,0.0,2699.0,2684.0,2681.0,0.996,0.012,4222.0
799760.0,0.0,0.0,0.0,0.0,0.0,2699.0,2684.0,2683.0,0.996,0.012,4222.0
799770.0,0.0,0.0,0.0,0.0,0.0,2701.0,2680.0,2684.0,0.996,0.012,4222.0
799780.0,0.0,0.0,0.0,0.0,0.0,2699.0,2684.0,2681.0,0.996,0.012,4222.0
799790.0,0.0,0.0,0.0,0.0,0.0,2701.0,2683.0,2682.0,0.996,0.012,4222.0
799800.0,0.0,0.0,0.0,0.0,0.0,2700.0,2683.0,2682.0,0.996,0.012,4222.0
799810.0,0.0,0.0,0.0,0.0,0.0,2700.0,2683.0,2682.0,0.996,0.012,4222.0
799820.0,0.0,0.0,0.0,0.0,0.0,2700.0,2683.0,2683.0,0.996,0.012,4222.0
799830.0,0.0,0.0,0.0,0.0,0.0,2700.0,2683.0,2682.0,0.996,0.012,4222.0
799840.0,0.0,0.0,0.0,0.0,0.0,2700.0,2683.0,2682.0,0.996,0.012,4222.0
799850.0,0.0,0.0,0.0,0.0,0.0,2699.0,2684.0,2681.0,0.996,0.012,4222.0
799860.0,0.0,0.0,0.0,0.0,0.0,2699.0,2684.0,2681.0,0.996,0.012,4222.0
799870.0,0.0,0.0,0.0,0.0,0.0,2699.0,2684.0,2682.0,0.996,0.012,4222.0
799880.0,0.0,0.0,0.0,0.0,0.0,2700.0,2684.0,2681.0,0.996,0.012,4222.0
799890.0,0.0,0.0,0.0,0.0,0.0,2700.0,2682.0,2682.0,0.996,0.012,4222.0
799900.0,0.0,0.0,0.0,0.0,0.0,2700.0,2683.0,2683.0,0.996,0.012,4222.0
799910.0,0.0,0.0,0.0,0.0,0.0,2699.0,2684.0,2681.0,0.996,0.012,4222.0
799920.0,0.0,0.0,0.0,0.0,0.0,2699.0,2682.0,2682.0,0.996,0.012,4222.0
799930.0,0.0,0.0,0.0,0.0,0.0,2700.0,2683.0,2682.0,0.996,0.012,4222.0
799940.0,0.0,0.0,0.0,0.0,0.0,2701.0,2684.0,2675.0,0.996,0.012,4222.0
799950.0,0.0,0.0,0.0,0.0,0.0,2700.0,2684.0,2682.0,0.996,0.012,4221.0
799960.0,0.0,0.0,0.0,0.0,0.0,2700.0,2683.0,2681.0,0.996,0.012,4221.0
799970.0,0.0,0.0,0.0,0.0,0.0,2699.0,2684.0,2681.0,0.996,0.012,4221.0
799980.0,0.0,0.0,0.0,0.0,0.0,2697.0,2683.0,2682.0,0.996,0.012,4221.0
799990.0,0.0,0.0,0.0,0.0,0.0,2700.0,2684.0,2682.0,0.996,0.012,4221.0
800000.0,0.0,0.0,0.0,0.0,0.0,2700.0,2683.0,2682.0,0.996,0.012,4222.0
800010.0,0.0,0.0,0.0,0.0,0.0,2699.0,2684.0,2681.0,0.996,0.012,4222.0
800020.0,0.0,0.0,0.0,0.0,0.0,2703.0,2683.0,2681.0,0.996,0.012,4222.0
800030.0,0.0,0.0,0.0,0.0,0.0,2700.0,2684.0,2681.0,0.996,0.012,4222.0
800040.0,0.0,0.0,0.0,0.0,0.0,2701.0,2682.0,2681.0,0.996,0.012,4222.0
800050.0,0.0,0.0,0.0,0.0,0.0,2700.0,2683.0,2682.0,0.996,0.012,4222.0
800060.0,0.0,0.0,0.0,0.0,0.0,2700.0,2682.0,2682.0,0.996,0.012,4222.0
800070.0,0.0,0.0,0.0,0.0,0.0,2699.0,2683.0,2681.0,0.996,0.012,4222.0
800080.0,0.0,0.0,0.0,0.0,0.0,2700.0,2684.0,2682.0,0.996,0.012,4222.0
800090.0,0.0,0.0,0.0,0.0,0.0,2700.0,2683.0,2682.0,0.996,0.012,4222.0
800100.0,0.0,0.0,0.0,0.0,0.0,2699.0,2682.0,2682.0,0.996,0.012,4222.0
800110.0,0.0,0.0,0.0,0.0,0.0,2700.0,2684.0,2681.0,0.996,0.012,4222.0
800120.0,0.0,0.0,0.0,0.0,0.0,2699.0,2684.0,2682.0,0.996,0.012,4222.0
800130.0,0.0,0.0,0.0,0.0,0.0,2700.0,2683.0,2681.0,0.996,0.012,4222.0
800140.0,0.0,0.0,0.0,0.0,0.0,2700.0,2684.0,2682.0,0.996,0.012,4222.0
800150.0,0.0,0.0,0.0,0.0,0.0,2699.0,2684.0,2681.0,0.996,0.012,4213.0
800160.0,0.0,0.0,0.0,0.0,0.0,2699.0,2683.0,2681.0,0.996,0.012,4213.0
800170.0,0.0,0.0,0.0,0.0,0.0,2700.0,2680.0,2682.0,0.996,0.012,4213.0
800180.0,0.0,0.0,0.0,0.0,0.0,2700.0,2684.0,2683.0,0.996,0.012,4213.0
800190.0,0.0,0.0,0.0,0.0,0.0,2700.0,2683.0,2683.0,0.996,0.012,4213.0
800200.0,0.0,0.0,0.0,0.0,0.0,2700.0,2684.0,2681.0,0.996,0.012,4212.0
800210.0,0.0,0.0,0.0,0.0,0.0,2699.0,2685.0,2681.0,0.996,0.012,4212.0
800220.0,0.0,0.0,0.0,0.0,0.0,2700.0,2686.0,2679.0,0.996,0.012,4212.0
800230.0,0.0,0.0,0.0,0.0,0.0,2699.0,2684.0,2682.0,0.996,0.012,4212.0
800240.0,0.0,0.0,0.0,0.0,0.0,2700.0,2684.0,2682.0,0.996,0.012,4212.0
800250.0,0.0,0.0,0.0,0.0,0.0,2700.0,2683.0,2682.0,0.996,0.012,4221.0
800260.0,0.0,0.0,0.0,0.0,0.0,2700.0,2686.0,2682.0,0.996,0.012,4221.0
800270.0,0.0,0.0,0.0,0.0,0.0,2699.0,2683.0,2682.0,0.996,0.012,4221.0
800280.0,0.0,0.0,0.0,0.0,0.0,2700.0,2684.0,2680.0,0.996,0.012,4221.0
800290.0,0.0,0.0,0.0,0.0,0.0,2699.0,2683.0,2682.0,0.996,0.012,4221.0
800300.0,0.0,0.0,0.0,0.0,0.0,2700.0,2684.0,2681.0,0.996,0.012,4221.0
800310.0,0.0,0.0,0.0,0.0,0.0,2700.0,2686.0,2682.0,0.996,0.012,4221.0
800320.0,0.0,0.0,0.0,0.0,0.0,2700.0,2684.0,2683.0,0.996,0.012,4221.0
800330.0,0.0,0.0,0.0,0.0,0.0,2700.0,2684.0,2681.0,0.996,0.012,4221.0
800340.0,0.0,0.0,0.0,0.0,0.0,2699.0,2684.0,2681.0,0.996,0.012,4221.0
800350.0,0.0,0.0,0.0,0.0,0.0,2701.0,2684.0,2683.0,0.996,0.012,4221.0
800360.0,0.0,0.0,0.0,0.0,0.0,2699.0,2684.0,2682.0,0.996,0.012,4221.0
800370.0,0.0,0.0,0.0,0.0,0.0,2700.0,2683.0,2683.0,0.996,0.012,4221.0
800380.0,0.0,0.0,0.0,0.0,0.0,2700.0,2684.0,2682.0,0.996,0.012,4221.0
800390.0,0.0,0.0,0.0,0.0,0.0,2700.0,2683.0,2682.0,0.996,0.012,4221.0
800400.0,0.0,0.0,0.0,0.0,0.0,2699.0,2684.0,2681.0,0.996,0.012,4212.0
800410.0,0.0,0.0,0.0,0.0,0.0,2700.0,2683.0,2681.0,0.996,0.012,4212.0
800420.0,0.0,0.0,0.0,0.0,0.0,2700.0,2684.0,2682.0,0.996,0.012,4212.0
800430.0,0.0,0.0,0.0,0.0,0.0,2699.0,2684.0,2681.0,0.996,0.012,4212.0
800440.0,0.0,0.0,0.0,0.0,0.0,2700.0,2683.0,2681.0,0.996,0.012,4212.0
800450.0,0.0,0.0,0.0,0.0,0.0,2702.0,2684.0,2682.0,0.996,0.012,4221.0
800460.0,0.0,0.0,0.0,0.0,0.0,2700.0,2684.0,2682.0,0.996,0.012,4221.0
800470.0,0.0,0.0,0.0,0.0,0.0,2700.0,2681.0,2681.0,0.996,0.012,4221.0
800480.0,0.0,0.0,0.0,0.0,0.0,2700.0,2684.0,2681.0,0.996,0.012,4221.0
800490.0,0.0,0.0,0.0,0.0,0.0,2700.0,2683.0,2681.0,0.996,0.012,4221.0
800500.0,0.0,0.0,0.0,0.0,0.0,2699.0,2684.0,2681.0,0.996,0.012,4221.0
800510.0,0.0,0.0,0.0,0.0,0.0,2700.0,2684.0,2680.0,0.996,0.012,4221.0
800520.0,0.0,0.0,0.0,0.0,0.0,2700.0,2683.0,2683.0,0.996,0.012,4221.0
800530.0,0.0,0.0,0.0,0.0,0.0,2698.0,2681.0,2681.0,0.996,0.012,4221.0
800540.0,0.0,0.0,0.0,0.0,0.0,2698.0,2683.0,2682.0,0.996,0.012,4221.0
800550.0,0.0,0.0,0.0,0.0,0.0,2699.0,2684.0,2681.0,0.996,0.012,4212.0
800560.0,0.0,0.0,0.0,0.0,0.0,2700.0,2683.0,2682.0,0.996,0.012,4212.0
800570.0,0.0,0.0,0.0,0.0,0.0,2701.0,2684.0,2682.0,0.996,0.012,4212.0
800580.0,0.0,0.0,0.0,0.0,0.0,2700.0,2683.0,2682.0,0.996,0.012,4212.0
800590.0,0.0,0.0,0.0,0.0,0.0,2699.0,2684.0,2682.0,0.996,0.012,4212.0
800600.0,0.0,0.0,0.0,0.0,0.0,2700.0,2685.0,2682.0,0.996,0.012,4221.0
800610.0,0.0,0.0,0.0,0.0,0.0,2700.0,2686.0,2682.0,0.996,0.012,4221.0
800620.0,0.0,0.0,0.0,0.0,0.0,2700.0,2684.0,2682.0,0.996,0.012,4221.0
800630.0,0.0,0.0,0.0,0.0,0.0,2700.0,2683.0,2682.0,0.996,0.012,4221.0
800640.0,0.0,0.0,0.0,0.0,0.0,2700.0,2684.0,2682.0,0.996,0.012,4221.0
800650.0,0.0,0.0,0.0,0.0,0.0,2699.0,2684.0,2682.0,0.996,0.012,4221.0
800660.0,0.0,0.0,0.0,0.0,0.0,2699.0,2684.0,2681.0,0.996,0.012,4221.0
800670.0,0.0,0.0,0.0,0.0,0.0,2701.0,2684.0,2682.0,0.996,0.012,4221.0
800680.0,0.0,0.0,0.0,0.0,0.0,2700.0,2683.0,2682.0,0.996,0.012,4221.0
800690.0,0.0,0.0,0.0,0.0,0.0,2701.0,2683.0,2682.0,0.996,0.012,4221.0
800700.0,0.0,0.0,0.0,0.0,0.0,2700.0,2684.0,2683.0,0.996,0.012,4221.0
800710.0,0.0,0.0,0.0,0.0,0.0,2699.0,2685.0,2683.0,0.996,0.012,4221.0
800720.0,0.0,0.0,0.0,0.0,0.0,2699.0,2683.0,2682.0,0.996,0.012,4221.0
800730.0,0.0,0.0,0.0,0.0,0.0,2700.0,2684.0,2681.0,0.996,0.012,4221.0
800740.0,0.0,0.0,0.0,0.0,0.0,2699.0,2682.0,2681.0,0.996,0.012,4221.0
800750.0,0.0,0.0,0.0,0.0,0.0,2701.0,2684.0,2682.0,0.996,0.012,4220.0
800760.0,0.0,0.0,0.0,0.0,0.0,2700.0,2683.0,2680.0,0.996,0.012,4220.0
800770.0,0.0,0.0,0.0,0.0,0.0,2700.0,2688.0,2682.0,0.996,0.012,4220.0
800780.0,0.0,0.0,0.0,0.0,0.0,2699.0,2685.0,2682.0,0.996,0.012,4220.0
800790.0,0.0,0.0,0.0,0.0,0.0,2700.0,2684.0,2681.0,0.996,0.012,4220.0
800800.0,0.0,0.0,0.0,0.0,0.0,2702.0,2684.0,2681.0,0.996,0.012,4220.0
800810.0,0.0,0.0,0.0,0.0,0.0,2699.0,2683.0,2682.0,0.996,0.012,4220.0
800820.0,0.0,0.0,0.0,0.0,0.0,2700.0,2683.0,2682.0,0.996,0.012,4220.0
800830.0,0.0,0.0,0.0,0.0,0.0,2699.0,2684.0,2681.0,0.996,0.012,4220.0
800840.0,0.0,0.0,0.0,0.0,0.0,2700.0,2684.0,2681.0,0.996,0.012,4220.0
800850.0,0.0,0.0,0.0,0.0,0.0,2699.0,2685.0,2682.0,0.996,0.012,4207.0
800860.0,0.0,0.0,0.0,0.0,0.0,2701.0,2683.0,2682.0,0.996,0.012,4207.0
800870.0,0.0,0.0,0.0,0.0,0.0,2700.0,2684.0,2681.0,0.996,0.012,4207.0
800880.0,0.0,0.0,0.0,0.0,0.0,2700.0,2684.0,2681.0,0.996,0.012,4207.0
800890.0,0.0,0.0,0.0,0.0,0.0,2699.0,2684.0,2681.0,0.996,0.012,4207.0
800900.0,0.0,0.0,0.0,0.0,0.0,2700.0,2684.0,2682.0,0.996,0.012,4222.0
800910.0,0.0,0.0,0.0,0.0,0.0,2700.0,2683.0,2682.0,0.996,0.012,4222.0
800920.0,0.0,0.0,0.0,0.0,0.0,2700.0,2684.0,2680.0,0.996,0.012,4222.0
800930.0,0.0,0.0,0.0,0.0,0.0,2701.0,2684.0,2681.0,0.996,0.012,4222.0
800940.0,0.0,0.0,0.0,0.0,0.0,2700.0,2685.0,2682.0,0.996,0.012,4222.0
800950.0,0.0,0.0,0.0,0.0,0.0,2700.0,2684.0,2680.0,0.996,0.012,4221.0
800960.0,0.0,0.0,0.0,0.0,0.0,2700.0,2683.0,2683.0,0.996,0.012,4221.0
800970.0,0.0,0.0,0.0,0.0,0.0,2700.0,2684.0,2682.0,0.996,0.012,4221.0
800980.0,0.0,0.0,0.0,0.0,0.0,2701.0,2683.0,2682.0,0.996,0.012,4221.0
800990.0,0.0,0.0,0.0,0.0,0.0,2700.0,2684.0,2681.0,0.996,0.012,4221.0
801000.0,0.0,0.0,0.0,0.0,0.0,2701.0,2683.0,2682.0,0.996,0.012,4222.0
801010.0,0.0,0.0,0.0,0.0,0.0,2700.0,2683.0,2682.0,0.996,0.012,4222.0
801020.0,0.0,0.0,0.0,0.0,0.0,2699.0,2684.0,2681.0,0.996,0.012,4222.0
801030.0,0.0,0.0,0.0,0.0,0.0,2699.0,2684.0,2682.0,0.996,0.012,4222.0
801040.0,0.0,0.0,0.0,0.0,0.0,2701.0,2683.0,2682.0,0.996,0.012,4222.0
801050.0,0.0,0.0,0.0,0.0,0.0,2700.0,2685.0,2681.0,0.996,0.012,4221.0
801060.0,0.0,0.0,0.0,0.0,0.0,2700.0,2685.0,2682.0,0.996,0.012,4221.0
801070.0,0.0,0.0,0.0,0.0,0.0,2700.0,2684.0,2681.0,0.996,0.012,4221.0
801080.0,0.0,0.0,0.0,0.0,0.0,2699.0,2685.0,2681.0,0.996,0.012,4221.0
801090.0,0.0,0.0,0.0,0.0,0.0,2700.0,2685.0,2682.0,0.996,0.012,4221.0
801100.0,0.0,0.0,0.0,0.0,0.0,2699.0,2684.0,2681.0,0.996,0.012,4222.0
801110.0,0.0,0.0,0.0,0.0,0.0,2700.0,2688.0,2681.0,0.996,0.012,4222.0
801120.0,0.0,0.0,0.0,0.0,0.0,2700.0,2684.0,2681.0,0.996,0.012,4222.0
801130.0,0.0,0.0,0.0,0.0,0.0,2700.0,2683.0,2681.0,0.996,0.012,4222.0
801140.0,0.0,0.0,0.0,0.0,0.0,2700.0,2684.0,2683.0,0.996,0.012,4222.0
801150.0,0.0,0.0,0.0,0.0,0.0,2700.0,2683.0,2683.0,0.996,0.012,4211.0
801160.0,0.0,0.0,0.0,0.0,0.0,2699.0,2685.0,2682.0,0.996,0.012,4211.0
801170.0,0.0,0.0,0.0,0.0,0.0,2700.0,2684.0,2682.0,0.996,0.012,4211.0
801180.0,0.0,0.0,0.0,0.0,0.0,2700.0,2683.0,2682.0,0.996,0.012,4211.0
801190.0,0.0,0.0,0.0,0.0,0.0,2700.0,2684.0,2681.0,0.996,0.012,4211.0
801200.0,0.0,0.0,0.0,0.0,0.0,2700.0,2683.0,2681.0,0.996,0.012,4221.0
801210.0,0.0,0.0,0.0,0.0,0.0,2699.0,2684.0,2681.0,0.996,0.012,4221.0
801220.0,0.0,0.0,0.0,0.0,0.0,2700.0,2684.0,2682.0,0.996,0.012,4221.0
801230.0,0.0,0.0,0.0,0.0,0.0,2699.0,2684.0,2682.0,0.996,0.012,4221.0
801240.0,0.0,0.0,0.0,0.0,0.0,2700.0,2681.0,2677.0,0.996,0.012,4221.0
801250.0,0.0,0.0,0.0,0.0,0.0,2700.0,2684.0,2681.0,0.996,0.012,4220.0
801260.0,0.0,0.0,0.0,0.0,0.0,2700.0,2683.0,2682.0,0.996,0.012,4220.0
801270.0,0.0,0.0,0.0,0.0,0.0,2700.0,2688.0,2682.0,0.996,0.012,4220.0
801280.0,0.0,0.0,0.0,0.0,0.0,2700.0,2684.0,2681.0,0.996,0.012,4220.0
801290.0,0.0,0.0,0.0,0.0,0.0,2701.0,2682.0,2681.0,0.996,0.012,4220.0
801300.0,0.0,0.0,0.0,0.0,0.0,2702.0,2684.0,2681.0,0.996,0.012,4212.0
801310.0,0.0,0.0,0.0,0.0,0.0,2700.0,2687.0,2680.0,0.996,0.012,4212.0
801320.0,0.0,0.0,0.0,0.0,0.0,2700.0,2683.0,2682.0,0.996,0.012,4212.0
801330.0,0.0,0.0,0.0,0.0,0.0,2701.0,2683.0,2682.0,0.996,0.012,4212.0
801340.0,0.0,0.0,0.0,0.0,0.0,2700.0,2683.0,2681.0,0.996,0.012,4212.0
801350.0,0.0,0.0,0.0,0.0,0.0,2701.0,2684.0,2681.0,0.996,0.012,4221.0
801360.0,0.0,0.0,0.0,0.0,0.0,2700.0,2683.0,2682.0,0.996,0.012,4221.0
801370.0,0.0,0.0,0.0,0.0,0.0,2700.0,2684.0,2682.0,0.996,0.012,4221.0
801380.0,0.0,0.0,0.0,0.0,0.0,2701.0,2684.0,2678.0,0.996,0.012,4221.0
801390.0,0.0,0.0,0.0,0.0,0.0,2700.0,2684.0,2682.0,0.996,0.012,4221.0
801400.0,0.0,0.0,0.0,0.0,0.0,2699.0,2683.0,2682.0,0.996,0.012,4213.0
801410.0,0.0,0.0,0.0,0.0,0.0,2700.0,2683.0,2681.0,0.996,0.012,4213.0
801420.0,0.0,0.0,0.0,0.0,0.0,2699.0,2684.0,2681.0,0.996,0.012,4213.0
801430.0,0.0,0.0,0.0,0.0,0.0,2701.0,2684.0,2682.0,0.996,0.012,4213.0
801440.0,0.0,0.0,0.0,0.0,0.0,2700.0,2684.0,2681.0,0.996,0.012,4213.0
801450.0,0.0,0.0,0.0,0.0,0.0,2700.0,2683.0,2681.0,0.996,0.012,4222.0
801460.0,0.0,0.0,0.0,0.0,0.0,2700.0,2683.0,2680.0,0.996,0.012,4222.0
801470.0,0.0,0.0,0.0,0.0,0.0,2700.0,2684.0,2682.0,0.996,0.012,4222.0
801480.0,0.0,0.0,0.0,0.0,0.0,2700.0,2685.0,2681.0,0.996,0.012,4222.0
801490.0,0.0,0.0,0.0,0.0,0.0,2700.0,2684.0,2681.0,0.996,0.012,4222.0
801500.0,0.0,0.0,0.0,0.0,0.0,2699.0,2684.0,2681.0,0.996,0.012,4222.0
801510.0,0.0,0.0,0.0,0.0,0.0,2700.0,2684.0,2682.0,0.996,0.012,4222.0
801520.0,0.0,0.0,0.0,0.0,0.0,2699.0,2684.0,2679.0,0.996,0.012,4222.0
801530.0,0.0,0.0,0.0,0.0,0.0,2701.0,2683.0,2682.0,0.996,0.012,4222.0
801540.0,0.0,0.0,0.0,0.0,0.0,2700.0,2683.0,2682.0,0.996,0.012,4222.0
801550.0,0.0,0.0,0.0,0.0,0.0,2699.0,2685.0,2682.0,0.996,0.012,4222.0
801560.0,0.0,0.0,0.0,0.0,0.0,2701.0,2688.0,2682.0,0.996,0.012,4222.0
801570.0,0.0,0.0,0.0,0.0,0.0,2700.0,2684.0,2682.0,0.996,0.012,4222.0
801580.0,0.0,0.0,0.0,0.0,0.0,2699.0,2684.0,2682.0,0.996,0.012,4222.0
801590.0,0.0,0.0,0.0,0.0,0.0,2701.0,2683.0,2682.0,0.996,0.012,4222.0
801600.0,0.0,0.0,0.0,0.0,0.0,2700.0,2682.0,2682.0,0.996,0.012,4221.0
801610.0,0.0,0.0,0.0,0.0,0.0,2700.0,2684.0,2682.0,0.996,0.012,4221.0
801620.0,0.0,0.0,0.0,0.0,0.0,2700.0,2684.0,2682.0,0.996,0.012,4221.0
801630.0,0.0,0.0,0.0,0.0,0.0,2700.0,2684.0,2682.0,0.996,0.012,4221.0
801640.0,0.0,0.0,0.0,0.0,0.0,2701.0,2684.0,2681.0,0.996,0.012,4221.0
801650.0,0.0,0.0,0.0,0.0,0.0,2700.0,2683.0,2682.0,0.996,0.012,4222.0
801660.0,0.0,0.0,0.0,0.0,0.0,2700.0,2683.0,2682.0,0.996,0.012,4222.0
801670.0,0.0,0.0,0.0,0.0,0.0,2699.0,2684.0,2681.0,0.996,0.012,4222.0
801680.0,0.0,0.0,0.0,0.0,0.0,2700.0,2683.0,2682.0,0.996,0.012,4222.0
801690.0,0.0,0.0,0.0,0.0,0.0,2700.0,2684.0,2681.0,0.996,0.012,4222.0
801700.0,0.0,0.0,0.0,0.0,0.0,2700.0,2683.0,2682.0,0.996,0.012,4212.0
801710.0,0.0,0.0,0.0,0.0,0.0,2700.0,2684.0,2682.0,0.996,0.012,4212.0
801720.0,0.0,0.0,0.0,0.0,0.0,2700.0,2684.0,2681.0,0.996,0.012,4212.0
801730.0,0.0,0.0,0.0,0.0,0.0,2700.0,2684.0,2682.0,0.996,0.012,4212.0
801740.0,0.0,0.0,0.0,0.0,0.0,2700.0,2687.0,2682.0,0.996,0.012,4212.0
801750.0,0.0,0.0,0.0,0.0,0.0,2699.0,2684.0,2682.0,0.996,0.012,4222.0
801760.0,0.0,0.0,0.0,0.0,0.0,2700.0,2684.0,2682.0,0.996,0.012,4222.0
801770.0,0.0,0.0,0.0,0.0,0.0,2700.0,2684.0,2682.0,0.996,0.012,4222.0
801780.0,0.0,0.0,0.0,0.0,0.0,2700.0,2683.0,2682.0,0.996,0.012,4222.0
801790.0,0.0,0.0,0.0,0.0,0.0,2700.0,2686.0,2681.0,0.996,0.012,4222.0
801800.0,0.0,0.0,0.0,0.0,0.0,2699.0,2684.0,2681.0,0.996,0.012,4222.0
801810.0,0.0,0.0,0.0,0.0,0.0,2700.0,2683.0,2683.0,0.996,0.012,4222.0
801820.0,0.0,0.0,0.0,0.0,0.0,2700.0,2684.0,2682.0,0.996,0.012,4222.0
801830.0,0.0,0.0,0.0,0.0,0.0,2699.0,2684.0,2685.0,0.996,0.012,4222.0
801840.0,0.0,0.0,0.0,0.0,0.0,2701.0,2684.0,2682.0,0.996,0.012,4222.0
801850.0,0.0,0.0,0.0,0.0,0.0,2699.0,2684.0,2681.0,0.996,0.012,4222.0
801860.0,0.0,0.0,0.0,0.0,0.0,2700.0,2684.0,2681.0,0.996,0.012,4222.0
801870.0,0.0,0.0,0.0,0.0,0.0,2700.0,2684.0,2681.0,0.996,0.012,4222.0
801880.0,0.0,0.0,0.0,0.0,0.0,2700.0,2685.0,2682.0,0.996,0.012,4222.0
801890.0,0.0,0.0,0.0,0.0,0.0,2701.0,2684.0,2682.0,0.996,0.012,4222.0
801900.0,0.0,0.0,0.0,0.0,0.0,2699.0,2685.0,2682.0,0.996,0.012,4222.0
801910.0,0.0,0.0,0.0,0.0,0.0,2701.0,2684.0,2681.0,0.996,0.012,4222.0
801920.0,0.0,0.0,0.0,0.0,0.0,2700.0,2684.0,2681.0,0.996,0.012,4222.0
801930.0,0.0,0.0,0.0,0.0,0.0,2700.0,2684.0,2682.0,0.996,0.012,4222.0
801940.0,0.0,0.0,0.0,0.0,0.0,2700.0,2684.0,2682.0,0.996,0.012,4222.0
801950.0,0.0,0.0,0.0,0.0,0.0,2700.0,2683.0,2682.0,0.996,0.012,4212.0
801960.0,0.0,0.0,0.0,0.0,0.0,2701.0,2683.0,2682.0,0.996,0.012,4212.0
801970.0,0.0,0.0,0.0,0.0,0.0,2700.0,2684.0,2683.0,0.996,0.012,4212.0
801980.0,0.0,0.0,0.0,0.0,0.0,2700.0,2684.0,2683.0,0.996,0.012,4212.0
801990.0,0.0,0.0,0.0,0.0,0.0,2700.0,2684.0,2682.0,0.996,0.012,4212.0
802000.0,0.0,0.0,0.0,0.0,0.0,2699.0,2683.0,2682.0,0.996,0.012,4221.0
802010.0,0.0,0.0,0.0,0.0,0.0,2700.0,2684.0,2681.0,0.996,0.012,4221.0
802020.0,0.0,0.0,0.0,0.0,0.0,2701.0,2683.0,2681.0,0.996,0.012,4221.0
802030.0,0.0,0.0,0.0,0.0,0.0,2701.0,2684.0,2681.0,0.996,0.012,4221.0
802040.0,0.0,0.0,0.0,0.0,0.0,2700.0,2683.0,2682.0,0.996,0.012,4221.0
802050.0,0.0,0.0,0.0,0.0,0.0,2699.0,2684.0,2681.0,0.996,0.012,4221.0
802060.0,0.0,0.0,0.0,0.0,0.0,2700.0,2684.0,2681.0,0.996,0.012,4221.0
802070.0,0.0,0.0,0.0,0.0,0.0,2700.0,2683.0,2682.0,0.996,0.012,4221.0
802080.0,0.0,0.0,0.0,0.0,0.0,2700.0,2684.0,2682.0,0.996,0.012,4221.0
802090.0,0.0,0.0,0.0,0.0,0.0,2700.0,2683.0,2682.0,0.996,0.012,4221.0
802100.0,0.0,0.0,0.0,0.0,0.0,2700.0,2684.0,2682.0,0.996,0.012,4221.0
802110.0,0.0,0.0,0.0,0.0,0.0,2700.0,2684.0,2682.0,0.996,0.012,4221.0
802120.0,0.0,0.0,0.0,0.0,0.0,2699.0,2684.0,2680.0,0.996,0.012,4221.0
802130.0,0.0,0.0,0.0,0.0,0.0,2701.0,2684.0,2681.0,0.996,0.012,4221.0
802140.0,0.0,0.0,0.0,0.0,0.0,2700.0,2684.0,2682.0,0.996,0.012,4221.0
802150.0,0.0,0.0,0.0,0.0,0.0,2700.0,2683.0,2682.0,0.996,0.012,4222.0
802160.0,0.0,0.0,0.0,0.0,0.0,2700.0,2684.0,2682.0,0.996,0.012,4222.0
802170.0,0.0,0.0,0.0,0.0,0.0,2699.0,2684.0,2681.0,0.996,0.012,4222.0
802180.0,0.0,0.0,0.0,0.0,0.0,2699.0,2683.0,2682.0,0.996,0.012,4222.0
802190.0,0.0,0.0,0.0,0.0,0.0,2701.0,2684.0,2681.0,0.996,0.012,4222.0
802200.0,0.0,0.0,0.0,0.0,0.0,2700.0,2684.0,2680.0,0.996,0.012,4222.0
802210.0,0.0,0.0,0.0,0.0,0.0,2700.0,2684.0,2681.0,0.996,0.012,4222.0
802220.0,0.0,0.0,0.0,0.0,0.0,2700.0,2684.0,2681.0,0.996,0.012,4222.0
802230.0,0.0,0.0,0.0,0.0,0.0,2702.0,2684.0,2682.0,0.996,0.012,4222.0
802240.0,0.0,0.0,0.0,0.0,0.0,2700.0,2683.0,2680.0,0.996,0.012,4222.0
802250.0,0.0,0.0,0.0,0.0,0.0,2701.0,2683.0,2681.0,0.996,0.012,4222.0
802260.0,0.0,0.0,0.0,0.0,0.0,2700.0,2684.0,2681.0,0.996,0.012,4222.0
802270.0,0.0,0.0,0.0,0.0,0.0,2700.0,2683.0,2681.0,0.996,0.012,4222.0
802280.0,0.0,0.0,0.0,0.0,0.0,2701.0,2683.0,2682.0,0.996,0.012,4222.0
802290.0,0.0,0.0,0.0,0.0,0.0,2702.0,2684.0,2682.0,0.996,0.012,4222.0
802300.0,0.0,0.0,0.0,0.0,0.0,2700.0,2685.0,2680.0,0.996,0.012,4211.0
802310.0,0.0,0.0,0.0,0.0,0.0,2699.0,2684.0,2683.0,0.996,0.012,4211.0
802320.0,0.0,0.0,0.0,0.0,0.0,2700.0,2684.0,2684.0,0.996,0.012,4211.0
802330.0,0.0,0.0,0.0,0.0,0.0,2701.0,2684.0,2681.0,0.996,0.012,4211.0
802340.0,0.0,0.0,0.0,0.0,0.0,2701.0,2684.0,2682.0,0.996,0.012,4211.0
802350.0,0.0,0.0,0.0,0.0,0.0,2700.0,2685.0,2681.0,0.996,0.012,4222.0
802360.0,0.0,0.0,0.0,0.0,0.0,2700.0,2683.0,2683.0,0.996,0.012,4222.0
802370.0,0.0,0.0,0.0,0.0,0.0,2700.0,2684.0,2681.0,0.996,0.012,4222.0
802380.0,0.0,0.0,0.0,0.0,0.0,2701.0,2684.0,2681.0,0.996,0.012,4222.0
802390.0,0.0,0.0,0.0,0.0,0.0,2700.0,2684.0,2682.0,0.996,0.012,4222.0
802400.0,0.0,0.0,0.0,0.0,0.0,2701.0,2683.0,2682.0,0.996,0.012,4222.0
802410.0,0.0,0.0,0.0,0.0,0.0,2700.0,2684.0,2680.0,0.996,0.012,4222.0
802420.0,0.0,0.0,0.0,0.0,0.0,2700.0,2681.0,2677.0,0.996,0.012,4222.0
802430.0,0.0,0.0,0.0,0.0,0.0,2700.0,2683.0,2682.0,0.996,0.012,4222.0
802440.0,0.0,0.0,0.0,0.0,0.0,2700.0,2684.0,2683.0,0.996,0.012,4222.0
802450.0,0.0,0.0,0.0,0.0,0.0,2700.0,2683.0,2681.0,0.996,0.012,4212.0
802460.0,0.0,0.0,0.0,0.0,0.0,2700.0,2684.0,2682.0,0.996,0.012,4212.0
802470.0,0.0,0.0,0.0,0.0,0.0,2699.0,2684.0,2681.0,0.996,0.012,4212.0
802480.0,0.0,0.0,0.0,0.0,0.0,2700.0,2684.0,2682.0,0.996,0.012,4212.0
802490.0,0.0,0.0,0.0,0.0,0.0,2700.0,2683.0,2682.0,0.996,0.012,4212.0
802500.0,0.0,0.0,0.0,0.0,0.0,2700.0,2685.0,2681.0,0.996,0.012,4221.0
802510.0,0.0,0.0,0.0,0.0,0.0,2701.0,2687.0,2681.0,0.996,0.012,4221.0
802520.0,0.0,0.0,0.0,0.0,0.0,2700.0,2684.0,2682.0,0.996,0.012,4221.0
802530.0,0.0,0.0,0.0,0.0,0.0,2699.0,2684.0,2680.0,0.996,0.012,4221.0
802540.0,0.0,0.0,0.0,0.0,0.0,2700.0,2684.0,2682.0,0.996,0.012,4221.0
802550.0,0.0,0.0,0.0,0.0,0.0,2700.0,2684.0,2681.0,0.996,0.012,4212.0
802560.0,0.0,0.0,0.0,0.0,0.0,2701.0,2683.0,2682.0,0.996,0.012,4212.0
802570.0,0.0,0.0,0.0,0.0,0.0,2699.0,2684.0,2681.0,0.996,0.012,4212.0
802580.0,0.0,0.0,0.0,0.0,0.0,2700.0,2684.0,2681.0,0.996,0.012,4212.0
802590.0,0.0,0.0,0.0,0.0,0.0,2700.0,2685.0,2680.0,0.996,0.012,4212.0
802600.0,0.0,0.0,0.0,0.0,0.0,2699.0,2685.0,2681.0,0.996,0.012,4220.0
802610.0,0.0,0.0,0.0,0.0,0.0,2700.0,2684.0,2683.0,0.996,0.012,4220.0
802620.0,0.0,0.0,0.0,0.0,0.0,2700.0,2684.0,2682.0,0.996,0.012,4220.0
802630.0,0.0,0.0,0.0,0.0,0.0,2701.0,2683.0,2682.0,0.996,0.012,4220.0
802640.0,0.0,0.0,0.0,0.0,0.0,2703.0,2683.0,2681.0,0.996,0.012,4220.0
802650.0,0.0,0.0,0.0,0.0,0.0,2699.0,2684.0,2681.0,0.996,0.012,4212.0
802660.0,0.0,0.0,0.0,0.0,0.0,2700.0,2685.0,2682.0,0.996,0.012,4212.0
802670.0,0.0,0.0,0.0,0.0,0.0,2701.0,2684.0,2682.0,0.996,0.012,4212.0
802680.0,0.0,0.0,0.0,0.0,0.0,2700.0,2685.0,2681.0,0.996,0.012,4212.0
802690.0,0.0,0.0,0.0,0.0,0.0,2699.0,2685.0,2683.0,0.996,0.012,4212.0
802700.0,0.0,0.0,0.0,0.0,0.0,2701.0,2684.0,2681.0,0.996,0.012,4221.0
802710.0,0.0,0.0,0.0,0.0,0.0,2700.0,2684.0,2681.0,0.996,0.012,4221.0
802720.0,0.0,0.0,0.0,0.0,0.0,2699.0,2684.0,2681.0,0.996,0.012,4221.0
802730.0,0.0,0.0,0.0,0.0,0.0,2700.0,2684.0,2682.0,0.996,0.012,4221.0
802740.0,0.0,0.0,0.0,0.0,0.0,2700.0,2683.0,2682.0,0.996,0.012,4221.0
802750.0,0.0,0.0,0.0,0.0,0.0,2701.0,2683.0,2682.0,0.996,0.012,4221.0
802760.0,0.0,0.0,0.0,0.0,0.0,2700.0,2684.0,2682.0,0.996,0.012,4221.0
802770.0,0.0,0.0,0.0,0.0,0.0,2701.0,2684.0,2680.0,0.996,0.012,4221.0
802780.0,0.0,0.0,0.0,0.0,0.0,2701.0,2684.0,2679.0,0.996,0.012,4221.0
802790.0,0.0,0.0,0.0,0.0,0.0,2701.0,2683.0,2681.0,0.996,0.012,4221.0
802800.0,0.0,0.0,0.0,0.0,0.0,2700.0,2684.0,2682.0,0.996,0.012,4212.0
802810.0,0.0,0.0,0.0,0.0,0.0,2701.0,2684.0,2681.0,0.996,0.012,4212.0
802820.0,0.0,0.0,0.0,0.0,0.0,2700.0,2684.0,2681.0,0.996,0.012,4212.0
802830.0,0.0,0.0,0.0,0.0,0.0,2700.0,2684.0,2682.0,0.996,0.012,4212.0
802840.0,0.0,0.0,0.0,0.0,0.0,2701.0,2684.0,2681.0,0.996,0.012,4212.0
802850.0,0.0,0.0,0.0,0.0,0.0,2701.0,2684.0,2683.0,0.996,0.012,4212.0
802860.0,0.0,0.0,0.0,0.0,0.0,2700.0,2685.0,2681.0,0.996,0.012,4212.0
802870.0,0.0,0.0,0.0,0.0,0.0,2698.0,2685.0,2680.0,0.996,0.012,4212.0
802880.0,0.0,0.0,0.0,0.0,0.0,2700.0,2683.0,2681.0,0.996,0.012,4212.0
802890.0,0.0,0.0,0.0,0.0,0.0,2700.0,2685.0,2682.0,0.996,0.012,4212.0
802900.0,0.0,0.0,0.0,0.0,0.0,2700.0,2684.0,2682.0,0.996,0.012,4221.0
802910.0,0.0,0.0,0.0,0.0,0.0,2700.0,2685.0,2681.0,0.996,0.012,4221.0
802920.0,0.0,0.0,0.0,0.0,0.0,2700.0,2684.0,2681.0,0.996,0.012,4221.0
802930.0,0.0,0.0,0.0,0.0,0.0,2700.0,2683.0,2682.0,0.996,0.012,4221.0
802940.0,0.0,0.0,0.0,0.0,0.0,2700.0,2682.0,2682.0,0.996,0.012,4221.0
802950.0,0.0,0.0,0.0,0.0,0.0,2701.0,2684.0,2685.0,0.996,0.012,4212.0
802960.0,0.0,0.0,0.0,0.0,0.0,2699.0,2684.0,2682.0,0.996,0.012,4212.0
802970.0,0.0,0.0,0.0,0.0,0.0,2700.0,2684.0,2681.0,0.996,0.012,4212.0
802980.0,0.0,0.0,0.0,0.0,0.0,2700.0,2682.0,2682.0,0.996,0.012,4212.0
802990.0,0.0,0.0,0.0,0.0,0.0,2700.0,2685.0,2682.0,0.996,0.012,4212.0
803000.0,0.0,0.0,0.0,0.0,0.0,2700.0,2683.0,2681.0,0.996,0.012,4220.0
803010.0,0.0,0.0,0.0,0.0,0.0,2700.0,2684.0,2681.0,0.996,0.012,4220.0
803020.0,0.0,0.0,0.0,0.0,0.0,2700.0,2684.0,2680.0,0.996,0.012,4220.0
803030.0,0.0,0.0,0.0,0.0,0.0,2700.0,2684.0,2681.0,0.996,0.012,4220.0
803040.0,0.0,0.0,0.0,0.0,0.0,2700.0,2684.0,2680.0,0.996,0.012,4220.0
803050.0,0.0,0.0,0.0,0.0,0.0,2701.0,2683.0,2681.0,0.996,0.012,4220.0
803060.0,0.0,0.0,0.0,0.0,0.0,2700.0,2685.0,2681.0,0.996,0.012,4220.0
803070.0,0.0,0.0,0.0,0.0,0.0,2700.0,2684.0,2681.0,0.996,0.012,4220.0
803080.0,0.0,0.0,0.0,0.0,0.0,2700.0,2684.0,2681.0,0.996,0.012,4220.0
803090.0,0.0,0.0,0.0,0.0,0.0,2700.0,2684.0,2682.0,0.996,0.012,4220.0
803100.0,0.0,0.0,0.0,0.0,0.0,2699.0,2684.0,2680.0,0.996,0.012,4212.0
803110.0,0.0,0.0,0.0,0.0,0.0,2700.0,2684.0,2681.0,0.996,0.012,4212.0
803120.0,0.0,0.0,0.0,0.0,0.0,2699.0,2685.0,2681.0,0.996,0.012,4212.0
803130.0,0.0,0.0,0.0,0.0,0.0,2700.0,2684.0,2681.0,0.996,0.012,4212.0
803140.0,0.0,0.0,0.0,0.0,0.0,2699.0,2684.0,2680.0,0.996,0.012,4212.0
803150.0,0.0,0.0,0.0,0.0,0.0,2700.0,2684.0,2681.0,0.996,0.012,4222.0
803160.0,0.0,0.0,0.0,0.0,0.0,2700.0,2684.0,2681.0,0.996,0.012,4222.0
803170.0,0.0,0.0,0.0,0.0,0.0,2700.0,2684.0,2681.0,0.996,0.012,4222.0
803180.0,0.0,0.0,0.0,0.0,0.0,2700.0,2684.0,2682.0,0.996,0.012,4222.0
803190.0,0.0,0.0,0.0,0.0,0.0,2700.0,2683.0,2681.0,0.996,0.012,4222.0
803200.0,0.0,0.0,0.0,0.0,0.0,2700.0,2684.0,2681.0,0.996,0.012,4222.0
803210.0,0.0,0.0,0.0,0.0,0.0,2699.0,2685.0,2675.0,0.996,0.012,4222.0
803220.0,0.0,0.0,0.0,0.0,0.0,2700.0,2682.0,2680.0,0.996,0.012,4222.0
803230.0,0.0,0.0,0.0,0.0,0.0,2700.0,2684.0,2680.0,0.996,0.012,4222.0
803240.0,0.0,0.0,0.0,0.0,0.0,2700.0,2683.0,2682.0,0.996,0.012,4222.0
803250.0,0.0,0.0,0.0,0.0,0.0,2702.0,2684.0,2681.0,0.996,0.012,4213.0
803260.0,0.0,0.0,0.0,0.0,0.0,2700.0,2684.0,2681.0,0.996,0.012,4213.0
803270.0,0.0,0.0,0.0,0.0,0.0,2700.0,2684.0,2681.0,0.996,0.012,4213.0
803280.0,0.0,0.0,0.0,0.0,0.0,2700.0,2684.0,2680.0,0.996,0.012,4213.0
803290.0,0.0,0.0,0.0,0.0,0.0,2699.0,2684.0,2680.0,0.996,0.012,4213.0
803300.0,0.0,0.0,0.0,0.0,0.0,2700.0,2683.0,2682.0,0.996,0.012,4212.0
803310.0,0.0,0.0,0.0,0.0,0.0,2700.0,2683.0,2681.0,0.996,0.012,4212.0
803320.0,0.0,0.0,0.0,0.0,0.0,2699.0,2684.0,2680.0,0.996,0.012,4212.0
803330.0,0.0,0.0,0.0,0.0,0.0,2700.0,2684.0,2680.0,0.996,0.012,4212.0
803340.0,0.0,0.0,0.0,0.0,0.0,2700.0,2684.0,2680.0,0.996,0.012,4212.0
803350.0,0.0,0.0,0.0,0.0,0.0,2700.0,2684.0,2680.0,0.996,0.012,4212.0
803360.0,0.0,0.0,0.0,0.0,0.0,2700.0,2683.0,2684.0,0.996,0.012,4212.0
803370.0,0.0,0.0,0.0,0.0,0.0,2700.0,2684.0,2680.0,0.996,0.012,4212.0
803380.0,0.0,0.0,0.0,0.0,0.0,2700.0,2683.0,2682.0,0.996,0.012,4212.0
803390.0,0.0,0.0,0.0,0.0,0.0,2700.0,2682.0,2681.0,0.996,0.012,4212.0
803400.0,0.0,0.0,0.0,0.0,0.0,2700.0,2684.0,2681.0,0.996,0.012,4213.0
803410.0,0.0,0.0,0.0,0.0,0.0,2700.0,2684.0,2681.0,0.996,0.012,4213.0
803420.0,0.0,0.0,0.0,0.0,0.0,2701.0,2683.0,2681.0,0.996,0.012,4213.0
803430.0,0.0,0.0,0.0,0.0,0.0,2701.0,2684.0,2681.0,0.996,0.012,4213.0
803440.0,0.0,0.0,0.0,0.0,0.0,2699.0,2685.0,2680.0,0.996,0.012,4213.0
803450.0,0.0,0.0,0.0,0.0,0.0,2700.0,2685.0,2681.0,0.996,0.012,4222.0
803460.0,0.0,0.0,0.0,0.0,0.0,2700.0,2684.0,2680.0,0.996,0.012,4222.0
803470.0,0.0,0.0,0.0,0.0,0.0,2699.0,2684.0,2680.0,0.996,0.012,4222.0
803480.0,0.0,0.0,0.0,0.0,0.0,2700.0,2682.0,2681.0,0.996,0.012,4222.0
803490.0,0.0,0.0,0.0,0.0,0.0,2700.0,2683.0,2680.0,0.996,0.012,4222.0
803500.0,0.0,0.0,0.0,0.0,0.0,2700.0,2682.0,2681.0,0.996,0.012,4222.0
803510.0,0.0,0.0,0.0,0.0,0.0,2700.0,2683.0,2680.0,0.996,0.012,4222.0
803520.0,0.0,0.0,0.0,0.0,0.0,2699.0,2684.0,2680.0,0.996,0.012,4222.0
803530.0,0.0,0.0,0.0,0.0,0.0,2700.0,2683.0,2681.0,0.996,0.012,4222.0
803540.0,0.0,0.0,0.0,0.0,0.0,2699.0,2683.0,2681.0,0.996,0.012,4222.0
803550.0,0.0,0.0,0.0,0.0,0.0,2700.0,2682.0,2680.0,0.996,0.012,4211.0
803560.0,0.0,0.0,0.0,0.0,0.0,2700.0,2683.0,2681.0,0.996,0.012,4211.0
803570.0,0.0,0.0,0.0,0.0,0.0,2700.0,2682.0,2681.0,0.996,0.012,4211.0
803580.0,0.0,0.0,0.0,0.0,0.0,2699.0,2684.0,2680.0,0.996,0.012,4211.0
803590.0,0.0,0.0,0.0,0.0,0.0,2702.0,2682.0,2681.0,0.996,0.012,4211.0
803600.0,0.0,0.0,0.0,0.0,0.0,2700.0,2683.0,2681.0,0.996,0.012,4221.0
803610.0,0.0,0.0,0.0,0.0,0.0,2699.0,2684.0,2680.0,0.996,0.012,4221.0
803620.0,0.0,0.0,0.0,0.0,0.0,2700.0,2685.0,2682.0,0.996,0.012,4221.0
803630.0,0.0,0.0,0.0,0.0,0.0,2699.0,2683.0,2681.0,0.996,0.012,4221.0
803640.0,0.0,0.0,0.0,0.0,0.0,2700.0,2684.0,2682.0,0.996,0.012,4221.0
803650.0,0.0,0.0,0.0,0.0,0.0,2700.0,2684.0,2681.0,0.996,0.012,4221.0
803660.0,0.0,0.0,0.0,0.0,0.0,2702.0,2684.0,2680.0,0.996,0.012,4221.0
803670.0,0.0,0.0,0.0,0.0,0.0,2701.0,2684.0,2682.0,0.996,0.012,4221.0
803680.0,0.0,0.0,0.0,0.0,0.0,2700.0,2685.0,2682.0,0.996,0.012,4221.0
803690.0,0.0,0.0,0.0,0.0,0.0,2701.0,2684.0,2682.0,0.996,0.012,4221.0
803700.0,0.0,0.0,0.0,0.0,0.0,2701.0,2683.0,2683.0,0.996,0.012,4221.0
803710.0,0.0,0.0,0.0,0.0,0.0,2701.0,2685.0,2681.0,0.996,0.012,4221.0
803720.0,0.0,0.0,0.0,0.0,0.0,2700.0,2685.0,2681.0,0.996,0.012,4221.0
803730.0,0.0,0.0,0.0,0.0,0.0,2701.0,2684.0,2683.0,0.996,0.012,4221.0
803740.0,0.0,0.0,0.0,0.0,0.0,2701.0,2684.0,2682.0,0.996,0.012,4221.0
803750.0,0.0,0.0,0.0,0.0,0.0,2701.0,2682.0,2681.0,0.996,0.012,4221.0
803760.0,0.0,0.0,0.0,0.0,0.0,2702.0,2684.0,2683.0,0.996,0.012,4221.0
803770.0,0.0,0.0,0.0,0.0,0.0,2702.0,2685.0,2682.0,0.996,0.012,4221.0
803780.0,0.0,0.0,0.0,0.0,0.0,2701.0,2685.0,2682.0,0.996,0.012,4221.0
803790.0,0.0,0.0,0.0,0.0,0.0,2701.0,2685.0,2682.0,0.996,0.012,4221.0
803800.0,0.0,0.0,0.0,0.0,0.0,2701.0,2684.0,2682.0,0.996,0.012,4221.0
803810.0,0.0,0.0,0.0,0.0,0.0,2701.0,2686.0,2682.0,0.996,0.012,4221.0
803820.0,0.0,0.0,0.0,0.0,0.0,2702.0,2684.0,2682.0,0.996,0.012,4221.0
803830.0,0.0,0.0,0.0,0.0,0.0,2700.0,2685.0,2682.0,0.996,0.012,4221.0
803840.0,0.0,0.0,0.0,0.0,0.0,2701.0,2684.0,2681.0,0.996,0.012,4221.0
803850.0,0.0,0.0,0.0,0.0,0.0,2702.0,2684.0,2684.0,0.996,0.012,4212.0
803860.0,0.0,0.0,0.0,0.0,0.0,2701.0,2685.0,2683.0,0.996,0.012,4212.0
803870.0,0.0,0.0,0.0,0.0,0.0,2700.0,2685.0,2681.0,0.996,0.012,4212.0
803880.0,0.0,0.0,0.0,0.0,0.0,2702.0,2684.0,2682.0,0.996,0.012,4212.0
803890.0,0.0,0.0,0.0,0.0,0.0,2701.0,2684.0,2682.0,0.996,0.012,4212.0
803900.0,0.0,0.0,0.0,0.0,0.0,2701.0,2685.0,2682.0,0.996,0.012,4221.0
803910.0,0.0,0.0,0.0,0.0,0.0,2701.0,2684.0,2683.0,0.996,0.012,4221.0
803920.0,0.0,0.0,0.0,0.0,0.0,2700.0,2685.0,2683.0,0.996,0.012,4221.0
803930.0,0.0,0.0,0.0,0.0,0.0,2701.0,2685.0,2682.0,0.996,0.012,4221.0
803940.0,0.0,0.0,0.0,0.0,0.0,2701.0,2685.0,2685.0,0.996,0.012,4221.0
803950.0,0.0,0.0,0.0,0.0,0.0,2700.0,2685.0,2682.0,0.996,0.012,4221.0
803960.0,0.0,0.0,0.0,0.0,0.0,2702.0,2684.0,2682.0,0.996,0.012,4221.0
803970.0,0.0,0.0,0.0,0.0,0.0,2701.0,2685.0,2682.0,0.996,0.012,4221.0
803980.0,0.0,0.0,0.0,0.0,0.0,2701.0,2684.0,2682.0,0.996,0.012,4221.0
803990.0,0.0,0.0,0.0,0.0,0.0,2701.0,2684.0,2682.0,0.996,0.012,4221.0
804000.0,0.0,0.0,0.0,0.0,0.0,2702.0,2684.0,2683.0,0.996,0.012,4220.0
804010.0,0.0,0.0,0.0,0.0,0.0,2701.0,2685.0,2682.0,0.996,0.012,4220.0
804020.0,0.0,0.0,0.0,0.0,0.0,2702.0,2684.0,2683.0,0.996,0.012,4220.0
804030.0,0.0,0.0,0.0,0.0,0.0,2702.0,2685.0,2683.0,0.996,0.012,4220.0
804040.0,0.0,0.0,0.0,0.0,0.0,2701.0,2685.0,2682.0,0.996,0.012,4220.0
804050.0,0.0,0.0,0.0,0.0,0.0,2701.0,2684.0,2683.0,0.996,0.012,4220.0
804060.0,0.0,0.0,0.0,0.0,0.0,2702.0,2686.0,2687.0,0.996,0.012,4220.0
804070.0,0.0,0.0,0.0,0.0,0.0,2700.0,2685.0,2682.0,0.996,0.012,4220.0
804080.0,0.0,0.0,0.0,0.0,0.0,2700.0,2685.0,2683.0,0.996,0.012,4220.0
804090.0,0.0,0.0,0.0,0.0,0.0,2701.0,2685.0,2682.0,0.996,0.012,4220.0
804100.0,0.0,0.0,0.0,0.0,0.0,2701.0,2685.0,2683.0,0.996,0.012,4221.0
804110.0,0.0,0.0,0.0,0.0,0.0,2702.0,2684.0,2682.0,0.996,0.012,4221.0
804120.0,0.0,0.0,0.0,0.0,0.0,2701.0,2684.0,2682.0,0.996,0.012,4221.0
804130.0,0.0,0.0,0.0,0.0,0.0,2702.0,2684.0,2683.0,0.996,0.012,4221.0
804140.0,0.0,0.0,0.0,0.0,0.0,2702.0,2685.0,2683.0,0.996,0.012,4221.0
804150.0,0.0,0.0,0.0,0.0,0.0,2701.0,2684.0,2683.0,0.996,0.012,4222.0
804160.0,0.0,0.0,0.0,0.0,0.0,2701.0,2684.0,2687.0,0.996,0.012,4222.0
804170.0,0.0,0.0,0.0,0.0,0.0,2701.0,2684.0,2684.0,0.996,0.012,4222.0
804180.0,0.0,0.0,0.0,0.0,0.0,2701.0,2684.0,2683.0,0.996,0.012,4222.0
804190.0,0.0,0.0,0.0,0.0,0.0,2700.0,2684.0,2682.0,0.996,0.012,4222.0
804200.0,0.0,0.0,0.0,0.0,0.0,2701.0,2684.0,2683.0,0.996,0.012,4220.0
804210.0,0.0,0.0,0.0,0.0,0.0,2701.0,2683.0,2683.0,0.996,0.012,4220.0
804220.0,0.0,0.0,0.0,0.0,0.0,2701.0,2685.0,2682.0,0.996,0.012,4220.0
804230.0,0.0,0.0,0.0,0.0,0.0,2701.0,2684.0,2683.0,0.996,0.012,4220.0
804240.0,0.0,0.0,0.0,0.0,0.0,2701.0,2686.0,2682.0,0.996,0.012,4220.0
804250.0,0.0,0.0,0.0,0.0,0.0,2702.0,2685.0,2682.0,0.996,0.012,4222.0
804260.0,0.0,0.0,0.0,0.0,0.0,2701.0,2684.0,2682.0,0.996,0.012,4222.0
804270.0,0.0,0.0,0.0,0.0,0.0,2700.0,2684.0,2683.0,0.996,0.012,4222.0
804280.0,0.0,0.0,0.0,0.0,0.0,2702.0,2685.0,2682.0,0.996,0.012,4222.0
804290.0,0.0,0.0,0.0,0.0,0.0,2700.0,2685.0,2682.0,0.996,0.012,4222.0
804300.0,0.0,0.0,0.0,0.0,0.0,2699.0,2684.0,2682.0,0.996,0.012,4222.0
804310.0,0.0,0.0,0.0,0.0,0.0,2701.0,2684.0,2683.0,0.996,0.012,4222.0
804320.0,0.0,0.0,0.0,0.0,0.0,2700.0,2684.0,2682.0,0.996,0.012,4222.0
804330.0,0.0,0.0,0.0,0.0,0.0,2701.0,2684.0,2683.0,0.996,0.012,4222.0
804340.0,0.0,0.0,0.0,0.0,0.0,2700.0,2684.0,2682.0,0.996,0.012,4222.0
804350.0,0.0,0.0,0.0,0.0,0.0,2701.0,2684.0,2683.0,0.996,0.012,4222.0
804360.0,0.0,0.0,0.0,0.0,0.0,2702.0,2684.0,2682.0,0.996,0.012,4222.0
804370.0,0.0,0.0,0.0,0.0,0.0,2701.0,2684.0,2685.0,0.996,0.012,4222.0
804380.0,0.0,0.0,0.0,0.0,0.0,2701.0,2685.0,2683.0,0.996,0.012,4222.0
804390.0,0.0,0.0,0.0,0.0,0.0,2700.0,2684.0,2683.0,0.996,0.012,4222.0
804400.0,0.0,0.0,0.0,0.0,0.0,2701.0,2685.0,2683.0,0.996,0.012,4221.0
804410.0,0.0,0.0,0.0,0.0,0.0,2701.0,2685.0,2681.0,0.996,0.012,4221.0
804420.0,0.0,0.0,0.0,0.0,0.0,2701.0,2684.0,2682.0,0.996,0.012,4221.0
804430.0,0.0,0.0,0.0,0.0,0.0,2702.0,2684.0,2683.0,0.996,0.012,4221.0
804440.0,0.0,0.0,0.0,0.0,0.0,2700.0,2685.0,2682.0,0.996,0.012,4221.0
804450.0,0.0,0.0,0.0,0.0,0.0,2701.0,2685.0,2681.0,0.996,0.012,4222.0
804460.0,0.0,0.0,0.0,0.0,0.0,2700.0,2685.0,2682.0,0.996,0.012,4222.0
804470.0,0.0,0.0,0.0,0.0,0.0,2701.0,2685.0,2682.0,0.996,0.012,4222.0
804480.0,0.0,0.0,0.0,0.0,0.0,2700.0,2684.0,2681.0,0.996,0.012,4222.0
804490.0,0.0,0.0,0.0,0.0,0.0,2701.0,2685.0,2684.0,0.996,0.012,4222.0
804500.0,0.0,0.0,0.0,0.0,0.0,2700.0,2685.0,2682.0,0.996,0.012,4221.0
804510.0,0.0,0.0,0.0,0.0,0.0,2701.0,2684.0,2683.0,0.996,0.012,4221.0
804520.0,0.0,0.0,0.0,0.0,0.0,2700.0,2685.0,2682.0,0.996,0.012,4221.0
804530.0,0.0,0.0,0.0,0.0,0.0,2701.0,2684.0,2683.0,0.996,0.012,4221.0
804540.0,0.0,0.0,0.0,0.0,0.0,2700.0,2684.0,2684.0,0.996,0.012,4221.0
804550.0,0.0,0.0,0.0,0.0,0.0,2701.0,2684.0,2682.0,0.996,0.012,4220.0
804560.0,0.0,0.0,0.0,0.0,0.0,2701.0,2684.0,2682.0,0.996,0.012,4220.0
804570.0,0.0,0.0,0.0,0.0,0.0,2701.0,2684.0,2682.0,0.996,0.012,4220.0
804580.0,0.0,0.0,0.0,0.0,0.0,2700.0,2684.0,2681.0,0.996,0.012,4220.0
804590.0,0.0,0.0,0.0,0.0,0.0,2701.0,2684.0,2683.0,0.996,0.012,4220.0
804600.0,0.0,0.0,0.0,0.0,0.0,2701.0,2684.0,2682.0,0.996,0.012,4212.0
804610.0,0.0,0.0,0.0,0.0,0.0,2700.0,2685.0,2682.0,0.996,0.012,4212.0
804620.0,0.0,0.0,0.0,0.0,0.0,2701.0,2685.0,2681.0,0.996,0.012,4212.0
804630.0,0.0,0.0,0.0,0.0,0.0,2701.0,2685.0,2679.0,0.996,0.012,4212.0
804640.0,0.0,0.0,0.0,0.0,0.0,2701.0,2684.0,2682.0,0.996,0.012,4212.0
804650.0,0.0,0.0,0.0,0.0,0.0,2700.0,2684.0,2682.0,0.996,0.012,4222.0
804660.0,0.0,0.0,0.0,0.0,0.0,2701.0,2685.0,2682.0,0.996,0.012,4222.0
804670.0,0.0,0.0,0.0,0.0,0.0,2701.0,2684.0,2683.0,0.996,0.012,4222.0
804680.0,0.0,0.0,0.0,0.0,0.0,2701.0,2684.0,2683.0,0.996,0.012,4222.0
804690.0,0.0,0.0,0.0,0.0,0.0,2701.0,2684.0,2683.0,0.996,0.012,4222.0
804700.0,0.0,0.0,0.0,0.0,0.0,2701.0,2684.0,2681.0,0.996,0.012,4222.0
804710.0,0.0,0.0,0.0,0.0,0.0,2702.0,2684.0,2683.0,0.996,0.012,4222.0
804720.0,0.0,0.0,0.0,0.0,0.0,2701.0,2684.0,2683.0,0.996,0.012,4222.0
804730.0,0.0,0.0,0.0,0.0,0.0,2702.0,2684.0,2679.0,0.996,0.012,4222.0
804740.0,0.0,0.0,0.0,0.0,0.0,2700.0,2685.0,2682.0,0.996,0.012,4222.0
804750.0,0.0,0.0,0.0,0.0,0.0,2701.0,2684.0,2683.0,0.996,0.012,4221.0
804760.0,0.0,0.0,0.0,0.0,0.0,2700.0,2684.0,2683.0,0.996,0.012,4221.0
804770.0,0.0,0.0,0.0,0.0,0.0,2701.0,2685.0,2683.0,0.996,0.012,4221.0
804780.0,0.0,0.0,0.0,0.0,0.0,2701.0,2686.0,2685.0,0.996,0.012,4221.0
804790.0,0.0,0.0,0.0,0.0,0.0,2700.0,2686.0,2681.0,0.996,0.012,4221.0
804800.0,0.0,0.0,0.0,0.0,0.0,2701.0,2684.0,2683.0,0.996,0.012,4220.0
804810.0,0.0,0.0,0.0,0.0,0.0,2701.0,2685.0,2683.0,0.996,0.012,4220.0
804820.0,0.0,0.0,0.0,0.0,0.0,2702.0,2684.0,2684.0,0.996,0.012,4220.0
804830.0,0.0,0.0,0.0,0.0,0.0,2702.0,2684.0,2684.0,0.996,0.012,4220.0
804840.0,0.0,0.0,0.0,0.0,0.0,2701.0,2685.0,2682.0,0.996,0.012,4220.0
804850.0,0.0,0.0,0.0,0.0,0.0,2700.0,2685.0,2682.0,0.996,0.012,4221.0
804860.0,0.0,0.0,0.0,0.0,0.0,2702.0,2684.0,2683.0,0.996,0.012,4221.0
804870.0,0.0,0.0,0.0,0.0,0.0,2700.0,2685.0,2683.0,0.996,0.012,4221.0
804880.0,0.0,0.0,0.0,0.0,0.0,2700.0,2685.0,2683.0,0.996,0.012,4221.0
804890.0,0.0,0.0,0.0,0.0,0.0,2701.0,2684.0,2688.0,0.996,0.012,4221.0
804900.0,0.0,0.0,0.0,0.0,0.0,2701.0,2685.0,2683.0,0.996,0.012,4221.0
804910.0,0.0,0.0,0.0,0.0,0.0,2700.0,2686.0,2679.0,0.996,0.012,4221.0
804920.0,0.0,0.0,0.0,0.0,0.0,2701.0,2685.0,2683.0,0.996,0.012,4221.0
804930.0,0.0,0.0,0.0,0.0,0.0,2701.0,2684.0,2684.0,0.996,0.012,4221.0
804940.0,0.0,0.0,0.0,0.0,0.0,2700.0,2684.0,2683.0,0.996,0.012,4221.0
804950.0,0.0,0.0,0.0,0.0,0.0,2701.0,2683.0,2683.0,0.996,0.012,4222.0
804960.0,0.0,0.0,0.0,0.0,0.0,2701.0,2685.0,2682.0,0.996,0.012,4222.0
804970.0,0.0,0.0,0.0,0.0,0.0,2701.0,2684.0,2683.0,0.996,0.012,4222.0
804980.0,0.0,0.0,0.0,0.0,0.0,2701.0,2684.0,2683.0,0.996,0.012,4222.0
804990.0,0.0,0.0,0.0,0.0,0.0,2700.0,2685.0,2683.0,0.996,0.012,4222.0
805000.0,0.0,0.0,0.0,0.0,0.0,2701.0,2684.0,2683.0,0.996,0.012,4212.0
805010.0,0.0,0.0,0.0,0.0,0.0,2701.0,2684.0,2683.0,0.996,0.012,4212.0
805020.0,0.0,0.0,0.0,0.0,0.0,2701.0,2685.0,2683.0,0.996,0.012,4212.0
805030.0,0.0,0.0,0.0,0.0,0.0,2700.0,2685.0,2683.0,0.996,0.012,4212.0
805040.0,0.0,0.0,0.0,0.0,0.0,2701.0,2685.0,2682.0,0.996,0.012,4212.0
805050.0,0.0,0.0,0.0,0.0,0.0,2702.0,2685.0,2683.0,0.996,0.012,4221.0
805060.0,0.0,0.0,0.0,0.0,0.0,2701.0,2685.0,2683.0,0.996,0.012,4221.0
805070.0,0.0,0.0,0.0,0.0,0.0,2701.0,2684.0,2683.0,0.996,0.012,4221.0
805080.0,0.0,0.0,0.0,0.0,0.0,2701.0,2684.0,2683.0,0.996,0.012,4221.0
805090.0,0.0,0.0,0.0,0.0,0.0,2702.0,2685.0,2683.0,0.996,0.012,4221.0
805100.0,0.0,0.0,0.0,0.0,0.0,2701.0,2684.0,2683.0,0.996,0.012,4221.0
805110.0,0.0,0.0,0.0,0.0,0.0,2701.0,2684.0,2684.0,0.996,0.012,4221.0
805120.0,0.0,0.0,0.0,0.0,0.0,2701.0,2685.0,2683.0,0.996,0.012,4221.0
805130.0,0.0,0.0,0.0,0.0,0.0,2701.0,2685.0,2682.0,0.996,0.012,4221.0
805140.0,0.0,0.0,0.0,0.0,0.0,2702.0,2685.0,2683.0,0.996,0.012,4221.0
805150.0,0.0,0.0,0.0,0.0,0.0,2700.0,2686.0,2682.0,0.996,0.012,4221.0
805160.0,0.0,0.0,0.0,0.0,0.0,2701.0,2686.0,2682.0,0.996,0.012,4221.0
805170.0,0.0,0.0,0.0,0.0,0.0,2701.0,2687.0,2683.0,0.996,0.012,4221.0
805180.0,0.0,0.0,0.0,0.0,0.0,2701.0,2685.0,2683.0,0.996,0.012,4221.0
805190.0,0.0,0.0,0.0,0.0,0.0,2702.0,2684.0,2683.0,0.996,0.012,4221.0
805200.0,0.0,0.0,0.0,0.0,0.0,2702.0,2684.0,2683.0,0.996,0.012,4221.0
805210.0,0.0,0.0,0.0,0.0,0.0,2702.0,2685.0,2683.0,0.996,0.012,4221.0
805220.0,0.0,0.0,0.0,0.0,0.0,2700.0,2686.0,2683.0,0.996,0.012,4221.0
805230.0,0.0,0.0,0.0,0.0,0.0,2700.0,2685.0,2682.0,0.996,0.012,4221.0
805240.0,0.0,0.0,0.0,0.0,0.0,2701.0,2685.0,2683.0,0.996,0.012,4221.0
805250.0,0.0,0.0,0.0,0.0,0.0,2702.0,2685.0,2683.0,0.996,0.012,4212.0
805260.0,0.0,0.0,0.0,0.0,0.0,2700.0,2686.0,2683.0,0.996,0.012,4212.0
805270.0,0.0,0.0,0.0,0.0,0.0,2700.0,2686.0,2683.0,0.996,0.012,4212.0
805280.0,0.0,0.0,0.0,0.0,0.0,2702.0,2684.0,2683.0,0.996,0.012,4212.0
805290.0,0.0,0.0,0.0,0.0,0.0,2701.0,2684.0,2682.0,0.996,0.012,4212.0
805300.0,0.0,0.0,0.0,0.0,0.0,2701.0,2686.0,2682.0,0.996,0.012,4221.0
805310.0,0.0,0.0,0.0,0.0,0.0,2701.0,2686.0,2683.0,0.996,0.012,4221.0
805320.0,0.0,0.0,0.0,0.0,0.0,2701.0,2684.0,2682.0,0.996,0.012,4221.0
805330.0,0.0,0.0,0.0,0.0,0.0,2702.0,2685.0,2684.0,0.996,0.012,4221.0
805340.0,0.0,0.0,0.0,0.0,0.0,2701.0,2684.0,2683.0,0.996,0.012,4221.0
805350.0,0.0,0.0,0.0,0.0,0.0,2700.0,2685.0,2682.0,0.996,0.012,4212.0
805360.0,0.0,0.0,0.0,0.0,0.0,2701.0,2686.0,2684.0,0.996,0.012,4212.0
805370.0,0.0,0.0,0.0,0.0,0.0,2701.0,2684.0,2683.0,0.996,0.012,4212.0
805380.0,0.0,0.0,0.0,0.0,0.0,2701.0,2684.0,2684.0,0.996,0.012,4212.0
805390.0,0.0,0.0,0.0,0.0,0.0,2701.0,2686.0,2682.0,0.996,0.012,4212.0
805400.0,0.0,0.0,0.0,0.0,0.0,2701.0,2686.0,2685.0,0.996,0.012,4212.0
805410.0,0.0,0.0,0.0,0.0,0.0,2701.0,2685.0,2683.0,0.996,0.012,4212.0
805420.0,0.0,0.0,0.0,0.0,0.0,2701.0,2686.0,2683.0,0.996,0.012,4212.0
805430.0,0.0,0.0,0.0,0.0,0.0,2701.0,2685.0,2683.0,0.996,0.012,4212.0
805440.0,0.0,0.0,0.0,0.0,0.0,2701.0,2686.0,2683.0,0.996,0.012,4212.0
805450.0,0.0,0.0,0.0,0.0,0.0,2701.0,2683.0,2683.0,0.996,0.012,4222.0
805460.0,0.0,0.0,0.0,0.0,0.0,2701.0,2686.0,2683.0,0.996,0.012,4222.0
805470.0,0.0,0.0,0.0,0.0,0.0,2700.0,2686.0,2683.0,0.996,0.012,4222.0
805480.0,0.0,0.0,0.0,0.0,0.0,2701.0,2686.0,2683.0,0.996,0.012,4222.0
805490.0,0.0,0.0,0.0,0.0,0.0,2702.0,2685.0,2683.0,0.996,0.012,4222.0
805500.0,0.0,0.0,0.0,0.0,0.0,2700.0,2686.0,2681.0,0.996,0.012,4213.0
805510.0,0.0,0.0,0.0,0.0,0.0,2702.0,2684.0,2682.0,0.996,0.012,4213.0
805520.0,0.0,0.0,0.0,0.0,0.0,2701.0,2684.0,2683.0,0.996,0.012,4213.0
805530.0,0.0,0.0,0.0,0.0,0.0,2700.0,2686.0,2682.0,0.996,0.012,4213.0
805540.0,0.0,0.0,0.0,0.0,0.0,2702.0,2684.0,2687.0,0.996,0.012,4213.0
805550.0,0.0,0.0,0.0,0.0,0.0,2701.0,2685.0,2682.0,0.996,0.012,4221.0
805560.0,0.0,0.0,0.0,0.0,0.0,2702.0,2684.0,2682.0,0.996,0.012,4221.0
805570.0,0.0,0.0,0.0,0.0,0.0,2702.0,2686.0,2683.0,0.996,0.012,4221.0
805580.0,0.0,0.0,0.0,0.0,0.0,2700.0,2686.0,2684.0,0.996,0.012,4221.0
805590.0,0.0,0.0,0.0,0.0,0.0,2701.0,2684.0,2684.0,0.996,0.012,4221.0
805600.0,0.0,0.0,0.0,0.0,0.0,2700.0,2686.0,2682.0,0.996,0.012,4222.0
805610.0,0.0,0.0,0.0,0.0,0.0,2700.0,2686.0,2682.0,0.996,0.012,4222.0
805620.0,0.0,0.0,0.0,0.0,0.0,2701.0,2685.0,2684.0,0.996,0.012,4222.0
805630.0,0.0,0.0,0.0,0.0,0.0,2700.0,2681.0,2682.0,0.996,0.012,4222.0
805640.0,0.0,0.0,0.0,0.0,0.0,2701.0,2685.0,2681.0,0.996,0.012,4222.0
805650.0,0.0,0.0,0.0,0.0,0.0,2700.0,2685.0,2683.0,0.996,0.012,4222.0
805660.0,0.0,0.0,0.0,0.0,0.0,2701.0,2685.0,2683.0,0.996,0.012,4222.0
805670.0,0.0,0.0,0.0,0.0,0.0,2701.0,2685.0,2683.0,0.996,0.012,4222.0
805680.0,0.0,0.0,0.0,0.0,0.0,2701.0,2686.0,2683.0,0.996,0.012,4222.0
805690.0,0.0,0.0,0.0,0.0,0.0,2701.0,2684.0,2683.0,0.996,0.012,4222.0
805700.0,0.0,0.0,0.0,0.0,0.0,2701.0,2684.0,2683.0,0.996,0.012,4222.0
805710.0,0.0,0.0,0.0,0.0,0.0,2701.0,2686.0,2688.0,0.996,0.012,4222.0
805720.0,0.0,0.0,0.0,0.0,0.0,2699.0,2686.0,2683.0,0.996,0.012,4222.0
805730.0,0.0,0.0,0.0,0.0,0.0,2701.0,2686.0,2682.0,0.996,0.012,4222.0
805740.0,0.0,0.0,0.0,0.0,0.0,2702.0,2685.0,2683.0,0.996,0.012,4222.0
805750.0,0.0,0.0,0.0,0.0,0.0,2702.0,2686.0,2683.0,0.996,0.012,4212.0
805760.0,0.0,0.0,0.0,0.0,0.0,2700.0,2685.0,2683.0,0.996,0.012,4212.0
805770.0,0.0,0.0,0.0,0.0,0.0,2701.0,2686.0,2683.0,0.996,0.012,4212.0
805780.0,0.0,0.0,0.0,0.0,0.0,2701.0,2685.0,2683.0,0.996,0.012,4212.0
805790.0,0.0,0.0,0.0,0.0,0.0,2700.0,2685.0,2683.0,0.996,0.012,4212.0
805800.0,0.0,0.0,0.0,0.0,0.0,2701.0,2686.0,2683.0,0.996,0.012,4213.0
805810.0,0.0,0.0,0.0,0.0,0.0,2701.0,2685.0,2683.0,0.996,0.012,4213.0
805820.0,0.0,0.0,0.0,0.0,0.0,2702.0,2686.0,2682.0,0.996,0.012,4213.0
805830.0,0.0,0.0,0.0,0.0,0.0,2701.0,2685.0,2683.0,0.996,0.012,4213.0
805840.0,0.0,0.0,0.0,0.0,0.0,2700.0,2686.0,2682.0,0.996,0.012,4213.0
805850.0,0.0,0.0,0.0,0.0,0.0,2701.0,2685.0,2684.0,0.996,0.012,4213.0
805860.0,0.0,0.0,0.0,0.0,0.0,2700.0,2685.0,2683.0,0.996,0.012,4213.0
805870.0,0.0,0.0,0.0,0.0,0.0,2698.0,2685.0,2682.0,0.996,0.012,4213.0
805880.0,0.0,0.0,0.0,0.0,0.0,2701.0,2685.0,2682.0,0.996,0.012,4213.0
805890.0,0.0,0.0,0.0,0.0,0.0,2700.0,2685.0,2684.0,0.996,0.012,4213.0
805900.0,0.0,0.0,0.0,0.0,0.0,2700.0,2686.0,2683.0,0.996,0.012,4222.0
805910.0,0.0,0.0,0.0,0.0,0.0,2701.0,2686.0,2679.0,0.996,0.012,4222.0
805920.0,0.0,0.0,0.0,0.0,0.0,2700.0,2684.0,2682.0,0.996,0.012,4222.0
805930.0,0.0,0.0,0.0,0.0,0.0,2701.0,2685.0,2682.0,0.996,0.012,4222.0
805940.0,0.0,0.0,0.0,0.0,0.0,2701.0,2685.0,2683.0,0.996,0.012,4222.0
805950.0,0.0,0.0,0.0,0.0,0.0,2700.0,2686.0,2682.0,0.996,0.012,4222.0
805960.0,0.0,0.0,0.0,0.0,0.0,2700.0,2686.0,2681.0,0.996,0.012,4222.0
805970.0,0.0,0.0,0.0,0.0,0.0,2702.0,2685.0,2682.0,0.996,0.012,4222.0
805980.0,0.0,0.0,0.0,0.0,0.0,2702.0,2685.0,2682.0,0.996,0.012,4222.0
805990.0,0.0,0.0,0.0,0.0,0.0,2703.0,2685.0,2682.0,0.996,0.012,4222.0
806000.0,0.0,0.0,0.0,0.0,0.0,2701.0,2685.0,2683.0,0.996,0.012,4222.0
806010.0,0.0,0.0,0.0,0.0,0.0,2701.0,2682.0,2683.0,0.996,0.012,4222.0
806020.0,0.0,0.0,0.0,0.0,0.0,2701.0,2683.0,2682.0,0.996,0.012,4222.0
806030.0,0.0,0.0,0.0,0.0,0.0,2701.0,2685.0,2682.0,0.996,0.012,4222.0
806040.0,0.0,0.0,0.0,0.0,0.0,2701.0,2685.0,2686.0,0.996,0.012,4222.0
806050.0,0.0,0.0,0.0,0.0,0.0,2701.0,2684.0,2681.0,0.996,0.012,4213.0
806060.0,0.0,0.0,0.0,0.0,0.0,2701.0,2685.0,2683.0,0.996,0.012,4213.0
806070.0,0.0,0.0,0.0,0.0,0.0,2700.0,2686.0,2682.0,0.996,0.012,4213.0
806080.0,0.0,0.0,0.0,0.0,0.0,2702.0,2685.0,2682.0,0.996,0.012,4213.0
806090.0,0.0,0.0,0.0,0.0,0.0,2702.0,2685.0,2682.0,0.996,0.012,4213.0
806100.0,0.0,0.0,0.0,0.0,0.0,2701.0,2685.0,2684.0,0.996,0.012,4221.0
806110.0,0.0,0.0,0.0,0.0,0.0,2701.0,2685.0,2682.0,0.996,0.012,4221.0
806120.0,0.0,0.0,0.0,0.0,0.0,2701.0,2686.0,2682.0,0.996,0.012,4221.0
806130.0,0.0,0.0,0.0,0.0,0.0,2700.0,2685.0,2682.0,0.996,0.012,4221.0
806140.0,0.0,0.0,0.0,0.0,0.0,2702.0,2685.0,2683.0,0.996,0.012,4221.0
806150.0,0.0,0.0,0.0,0.0,0.0,2701.0,2686.0,2682.0,0.996,0.012,4220.0
806160.0,0.0,0.0,0.0,0.0,0.0,2700.0,2685.0,2682.0,0.996,0.012,4220.0
806170.0,0.0,0.0,0.0,0.0,0.0,2701.0,2686.0,2682.0,0.996,0.012,4220.0
806180.0,0.0,0.0,0.0,0.0,0.0,2701.0,2684.0,2682.0,0.996,0.012,4220.0
806190.0,0.0,0.0,0.0,0.0,0.0,2701.0,2685.0,2683.0,0.996,0.012,4220.0
806200.0,0.0,0.0,0.0,0.0,0.0,2700.0,2685.0,2682.0,0.996,0.012,4211.0
806210.0,0.0,0.0,0.0,0.0,0.0,2703.0,2686.0,2681.0,0.996,0.012,4211.0
806220.0,0.0,0.0,0.0,0.0,0.0,2700.0,2686.0,2682.0,0.996,0.012,4211.0
806230.0,0.0,0.0,0.0,0.0,0.0,2701.0,2685.0,2682.0,0.996,0.012,4211.0
806240.0,0.0,0.0,0.0,0.0,0.0,2700.0,2686.0,2680.0,0.996,0.012,4211.0
806250.0,0.0,0.0,0.0,0.0,0.0,2701.0,2685.0,2682.0,0.996,0.012,4221.0
806260.0,0.0,0.0,0.0,0.0,0.0,2701.0,2685.0,2683.0,0.996,0.012,4221.0
806270.0,0.0,0.0,0.0,0.0,0.0,2701.0,2685.0,2682.0,0.996,0.012,4221.0
806280.0,0.0,0.0,0.0,0.0,0.0,2701.0,2685.0,2683.0,0.996,0.012,4221.0
806290.0,0.0,0.0,0.0,0.0,0.0,2701.0,2685.0,2683.0,0.996,0.012,4221.0
806300.0,0.0,0.0,0.0,0.0,0.0,2702.0,2686.0,2682.0,0.996,0.012,4221.0
806310.0,0.0,0.0,0.0,0.0,0.0,2701.0,2686.0,2682.0,0.996,0.012,4221.0
806320.0,0.0,0.0,0.0,0.0,0.0,2700.0,2686.0,2681.0,0.996,0.012,4221.0
806330.0,0.0,0.0,0.0,0.0,0.0,2700.0,2684.0,2682.0,0.996,0.012,4221.0
806340.0,0.0,0.0,0.0,0.0,0.0,2701.0,2686.0,2683.0,0.996,0.012,4221.0
806350.0,0.0,0.0,0.0,0.0,0.0,2700.0,2686.0,2682.0,0.996,0.012,4220.0
806360.0,0.0,0.0,0.0,0.0,0.0,2700.0,2686.0,2682.0,0.996,0.012,4220.0
806370.0,0.0,0.0,0.0,0.0,0.0,2700.0,2686.0,2682.0,0.996,0.012,4220.0
806380.0,0.0,0.0,0.0,0.0,0.0,2701.0,2685.0,2682.0,0.996,0.012,4220.0
806390.0,0.0,0.0,0.0,0.0,0.0,2701.0,2685.0,2683.0,0.996,0.012,4220.0
806400.0,0.0,0.0,0.0,0.0,0.0,2701.0,2685.0,2682.0,0.996,0.012,4220.0
806410.0,0.0,0.0,0.0,0.0,0.0,2701.0,2685.0,2682.0,0.996,0.012,4220.0
806420.0,0.0,0.0,0.0,0.0,0.0,2700.0,2687.0,2683.0,0.996,0.012,4220.0
806430.0,0.0,0.0,0.0,0.0,0.0,2701.0,2685.0,2680.0,0.996,0.012,4220.0
806440.0,0.0,0.0,0.0,0.0,0.0,2700.0,2686.0,2680.0,0.996,0.012,4220.0
806450.0,0.0,0.0,0.0,0.0,0.0,2701.0,2685.0,2681.0,0.996,0.012,4212.0
806460.0,0.0,0.0,0.0,0.0,0.0,2702.0,2684.0,2687.0,0.996,0.012,4212.0
806470.0,0.0,0.0,0.0,0.0,0.0,2702.0,2684.0,2683.0,0.996,0.012,4212.0
806480.0,0.0,0.0,0.0,0.0,0.0,2701.0,2686.0,2682.0,0.996,0.012,4212.0
806490.0,0.0,0.0,0.0,0.0,0.0,2700.0,2684.0,2682.0,0.996,0.012,4212.0
806500.0,0.0,0.0,0.0,0.0,0.0,2702.0,2685.0,2682.0,0.996,0.012,4221.0
806510.0,0.0,0.0,0.0,0.0,0.0,2700.0,2686.0,2681.0,0.996,0.012,4221.0
806520.0,0.0,0.0,0.0,0.0,0.0,2701.0,2685.0,2683.0,0.996,0.012,4221.0
806530.0,0.0,0.0,0.0,0.0,0.0,2701.0,2685.0,2682.0,0.996,0.012,4221.0
806540.0,0.0,0.0,0.0,0.0,0.0,2701.0,2686.0,2682.0,0.996,0.012,4221.0
806550.0,0.0,0.0,0.0,0.0,0.0,2701.0,2685.0,2682.0,0.996,0.012,4211.0
806560.0,0.0,0.0,0.0,0.0,0.0,2701.0,2684.0,2681.0,0.996,0.012,4211.0
806570.0,0.0,0.0,0.0,0.0,0.0,2701.0,2686.0,2681.0,0.996,0.012,4211.0
806580.0,0.0,0.0,0.0,0.0,0.0,2701.0,2685.0,2682.0,0.996,0.012,4211.0
806590.0,0.0,0.0,0.0,0.0,0.0,2701.0,2683.0,2682.0,0.996,0.012,4211.0
806600.0,0.0,0.0,0.0,0.0,0.0,2701.0,2685.0,2682.0,0.996,0.012,4221.0
806610.0,0.0,0.0,0.0,0.0,0.0,2698.0,2686.0,2682.0,0.996,0.012,4221.0
806620.0,0.0,0.0,0.0,0.0,0.0,2703.0,2685.0,2682.0,0.996,0.012,4221.0
806630.0,0.0,0.0,0.0,0.0,0.0,2701.0,2686.0,2682.0,0.996,0.012,4221.0
806640.0,0.0,0.0,0.0,0.0,0.0,2700.0,2686.0,2681.0,0.996,0.012,4221.0
806650.0,0.0,0.0,0.0,0.0,0.0,2700.0,2687.0,2682.0,0.996,0.012,4221.0
806660.0,0.0,0.0,0.0,0.0,0.0,2701.0,2685.0,2682.0,0.996,0.012,4221.0
806670.0,0.0,0.0,0.0,0.0,0.0,2700.0,2684.0,2682.0,0.996,0.012,4221.0
806680.0,0.0,0.0,0.0,0.0,0.0,2700.0,2686.0,2681.0,0.996,0.012,4221.0
806690.0,0.0,0.0,0.0,0.0,0.0,2700.0,2687.0,2681.0,0.996,0.012,4221.0
806700.0,0.0,0.0,0.0,0.0,0.0,2701.0,2684.0,2682.0,0.996,0.012,4221.0
806710.0,0.0,0.0,0.0,0.0,0.0,2702.0,2685.0,2682.0,0.996,0.012,4221.0
806720.0,0.0,0.0,0.0,0.0,0.0,2701.0,2684.0,2682.0,0.996,0.012,4221.0
806730.0,0.0,0.0,0.0,0.0,0.0,2702.0,2685.0,2682.0,0.996,0.012,4221.0
806740.0,0.0,0.0,0.0,0.0,0.0,2700.0,2686.0,2681.0,0.996,0.012,4221.0
806750.0,0.0,0.0,0.0,0.0,0.0,2700.0,2686.0,2683.0,0.996,0.012,4221.0
806760.0,0.0,0.0,0.0,0.0,0.0,2700.0,2685.0,2682.0,0.996,0.012,4221.0
806770.0,0.0,0.0,0.0,0.0,0.0,2700.0,2686.0,2681.0,0.996,0.012,4221.0
806780.0,0.0,0.0,0.0,0.0,0.0,2701.0,2685.0,2682.0,0.996,0.012,4221.0
806790.0,0.0,0.0,0.0,0.0,0.0,2701.0,2685.0,2682.0,0.996,0.012,4221.0
806800.0,0.0,0.0,0.0,0.0,0.0,2700.0,2685.0,2681.0,0.996,0.012,4221.0
806810.0,0.0,0.0,0.0,0.0,0.0,2700.0,2686.0,2682.0,0.996,0.012,4221.0
806820.0,0.0,0.0,0.0,0.0,0.0,2700.0,2686.0,2682.0,0.996,0.012,4221.0
806830.0,0.0,0.0,0.0,0.0,0.0,2701.0,2685.0,2682.0,0.996,0.012,4221.0
806840.0,0.0,0.0,0.0,0.0,0.0,2700.0,2685.0,2682.0,0.996,0.012,4221.0
806850.0,0.0,0.0,0.0,0.0,0.0,2700.0,2686.0,2681.0,0.996,0.012,4221.0
806860.0,0.0,0.0,0.0,0.0,0.0,2700.0,2685.0,2683.0,0.996,0.012,4221.0
806870.0,0.0,0.0,0.0,0.0,0.0,2701.0,2686.0,2681.0,0.996,0.012,4221.0
806880.0,0.0,0.0,0.0,0.0,0.0,2701.0,2685.0,2683.0,0.996,0.012,4221.0
806890.0,0.0,0.0,0.0,0.0,0.0,2701.0,2686.0,2681.0,0.996,0.012,4221.0
806900.0,0.0,0.0,0.0,0.0,0.0,2702.0,2684.0,2682.0,0.996,0.012,4220.0
806910.0,0.0,0.0,0.0,0.0,0.0,2702.0,2685.0,2681.0,0.996,0.012,4220.0
806920.0,0.0,0.0,0.0,0.0,0.0,2701.0,2686.0,2682.0,0.996,0.012,4220.0
806930.0,0.0,0.0,0.0,0.0,0.0,2701.0,2685.0,2682.0,0.996,0.012,4220.0
806940.0,0.0,0.0,0.0,0.0,0.0,2701.0,2686.0,2681.0,0.996,0.012,4220.0
806950.0,0.0,0.0,0.0,0.0,0.0,2701.0,2685.0,2682.0,0.996,0.012,4221.0
806960.0,0.0,0.0,0.0,0.0,0.0,2700.0,2686.0,2682.0,0.996,0.012,4221.0
806970.0,0.0,0.0,0.0,0.0,0.0,2701.0,2685.0,2683.0,0.996,0.012,4221.0
806980.0,0.0,0.0,0.0,0.0,0.0,2700.0,2685.0,2681.0,0.996,0.012,4221.0
806990.0,0.0,0.0,0.0,0.0,0.0,2700.0,2685.0,2682.0,0.996,0.012,4221.0
807000.0,0.0,0.0,0.0,0.0,0.0,2702.0,2687.0,2682.0,0.996,0.012,4222.0
807010.0,0.0,0.0,0.0,0.0,0.0,2701.0,2685.0,2682.0,0.996,0.012,4222.0
807020.0,0.0,0.0,0.0,0.0,0.0,2701.0,2686.0,2681.0,0.996,0.012,4222.0
807030.0,0.0,0.0,0.0,0.0,0.0,2700.0,2685.0,2682.0,0.996,0.012,4222.0
807040.0,0.0,0.0,0.0,0.0,0.0,2701.0,2686.0,2681.0,0.996,0.012,4222.0
807050.0,0.0,0.0,0.0,0.0,0.0,2702.0,2685.0,2683.0,0.996,0.012,4222.0
807060.0,0.0,0.0,0.0,0.0,0.0,2701.0,2685.0,2683.0,0.996,0.012,4222.0
807070.0,0.0,0.0,0.0,0.0,0.0,2701.0,2688.0,2682.0,0.996,0.012,4222.0
807080.0,0.0,0.0,0.0,0.0,0.0,2700.0,2684.0,2681.0,0.996,0.012,4222.0
807090.0,0.0,0.0,0.0,0.0,0.0,2701.0,2684.0,2683.0,0.996,0.012,4222.0
807100.0,0.0,0.0,0.0,0.0,0.0,2701.0,2685.0,2682.0,0.996,0.012,4222.0
807110.0,0.0,0.0,0.0,0.0,0.0,2701.0,2686.0,2681.0,0.996,0.012,4222.0
807120.0,0.0,0.0,0.0,0.0,0.0,2701.0,2685.0,2682.0,0.996,0.012,4222.0
807130.0,0.0,0.0,0.0,0.0,0.0,2701.0,2685.0,2681.0,0.996,0.012,4222.0
807140.0,0.0,0.0,0.0,0.0,0.0,2700.0,2685.0,2682.0,0.996,0.012,4222.0
807150.0,0.0,0.0,0.0,0.0,0.0,2701.0,2686.0,2681.0,0.996,0.012,4213.0
807160.0,0.0,0.0,0.0,0.0,0.0,2700.0,2685.0,2682.0,0.996,0.012,4213.0
807170.0,0.0,0.0,0.0,0.0,0.0,2701.0,2685.0,2682.0,0.996,0.012,4213.0
807180.0,0.0,0.0,0.0,0.0,0.0,2701.0,2686.0,2681.0,0.996,0.012,4213.0
807190.0,0.0,0.0,0.0,0.0,0.0,2701.0,2686.0,2681.0,0.996,0.012,4213.0
807200.0,0.0,0.0,0.0,0.0,0.0,2701.0,2685.0,2683.0,0.996,0.012,4212.0
807210.0,0.0,0.0,0.0,0.0,0.0,2700.0,2686.0,2682.0,0.996,0.012,4212.0
807220.0,0.0,0.0,0.0,0.0,0.0,2700.0,2685.0,2682.0,0.996,0.012,4212.0
807230.0,0.0,0.0,0.0,0.0,0.0,2700.0,2686.0,2681.0,0.996,0.012,4212.0
807240.0,0.0,0.0,0.0,0.0,0.0,2701.0,2685.0,2683.0,0.996,0.012,4212.0
807250.0,0.0,0.0,0.0,0.0,0.0,2700.0,2686.0,2682.0,0.996,0.012,4213.0
807260.0,0.0,0.0,0.0,0.0,0.0,2701.0,2683.0,2683.0,0.996,0.012,4213.0
807270.0,0.0,0.0,0.0,0.0,0.0,2700.0,2686.0,2681.0,0.996,0.012,4213.0
807280.0,0.0,0.0,0.0,0.0,0.0,2701.0,2685.0,2682.0,0.996,0.012,4213.0
807290.0,0.0,0.0,0.0,0.0,0.0,2701.0,2685.0,2682.0,0.996,0.012,4213.0
807300.0,0.0,0.0,0.0,0.0,0.0,2701.0,2686.0,2681.0,0.996,0.012,4213.0
807310.0,0.0,0.0,0.0,0.0,0.0,2702.0,2685.0,2682.0,0.996,0.012,4213.0
807320.0,0.0,0.0,0.0,0.0,0.0,2701.0,2685.0,2682.0,0.996,0.012,4213.0
807330.0,0.0,0.0,0.0,0.0,0.0,2700.0,2685.0,2683.0,0.996,0.012,4213.0
807340.0,0.0,0.0,0.0,0.0,0.0,2701.0,2685.0,2682.0,0.996,0.012,4213.0
807350.0,0.0,0.0,0.0,0.0,0.0,2700.0,2685.0,2682.0,0.996,0.012,4211.0
807360.0,0.0,0.0,0.0,0.0,0.0,2701.0,2684.0,2683.0,0.996,0.012,4211.0
807370.0,0.0,0.0,0.0,0.0,0.0,2701.0,2685.0,2682.0,0.996,0.012,4211.0
807380.0,0.0,0.0,0.0,0.0,0.0,2701.0,2684.0,2682.0,0.996,0.012,4211.0
807390.0,0.0,0.0,0.0,0.0,0.0,2701.0,2685.0,2682.0,0.996,0.012,4211.0
807400.0,0.0,0.0,0.0,0.0,0.0,2700.0,2685.0,2682.0,0.996,0.012,4212.0
807410.0,0.0,0.0,0.0,0.0,0.0,2701.0,2685.0,2684.0,0.996,0.012,4212.0
807420.0,0.0,0.0,0.0,0.0,0.0,2701.0,2685.0,2682.0,0.996,0.012,4212.0
807430.0,0.0,0.0,0.0,0.0,0.0,2701.0,2685.0,2682.0,0.996,0.012,4212.0
807440.0,0.0,0.0,0.0,0.0,0.0,2701.0,2685.0,2681.0,0.996,0.012,4212.0
807450.0,0.0,0.0,0.0,0.0,0.0,2701.0,2685.0,2683.0,0.996,0.012,4222.0
807460.0,0.0,0.0,0.0,0.0,0.0,2701.0,2686.0,2682.0,0.996,0.012,4222.0
807470.0,0.0,0.0,0.0,0.0,0.0,2700.0,2685.0,2683.0,0.996,0.012,4222.0
807480.0,0.0,0.0,0.0,0.0,0.0,2700.0,2685.0,2683.0,0.996,0.012,4222.0
807490.0,0.0,0.0,0.0,0.0,0.0,2700.0,2686.0,2681.0,0.996,0.012,4222.0
807500.0,0.0,0.0,0.0,0.0,0.0,2701.0,2685.0,2681.0,0.996,0.012,4220.0
807510.0,0.0,0.0,0.0,0.0,0.0,2701.0,2685.0,2681.0,0.996,0.012,4220.0
807520.0,0.0,0.0,0.0,0.0,0.0,2699.0,2686.0,2682.0,0.996,0.012,4220.0
807530.0,0.0,0.0,0.0,0.0,0.0,2701.0,2686.0,2681.0,0.996,0.012,4220.0
807540.0,0.0,0.0,0.0,0.0,0.0,2701.0,2686.0,2682.0,0.996,0.012,4220.0
807550.0,0.0,0.0,0.0,0.0,0.0,2701.0,2684.0,2682.0,0.996,0.012,4221.0
807560.0,0.0,0.0,0.0,0.0,0.0,2700.0,2685.0,2681.0,0.996,0.012,4221.0
807570.0,0.0,0.0,0.0,0.0,0.0,2701.0,2685.0,2684.0,0.996,0.012,4221.0
807580.0,0.0,0.0,0.0,0.0,0.0,2701.0,2685.0,2680.0,0.996,0.012,4221.0
807590.0,0.0,0.0,0.0,0.0,0.0,2701.0,2684.0,2684.0,0.996,0.012,4221.0
807600.0,0.0,0.0,0.0,0.0,0.0,2700.0,2686.0,2682.0,0.996,0.012,4220.0
807610.0,0.0,0.0,0.0,0.0,0.0,2701.0,2685.0,2682.0,0.996,0.012,4220.0
807620.0,0.0,0.0,0.0,0.0,0.0,2701.0,2685.0,2683.0,0.996,0.012,4220.0
807630.0,0.0,0.0,0.0,0.0,0.0,2700.0,2686.0,2682.0,0.996,0.012,4220.0
807640.0,0.0,0.0,0.0,0.0,0.0,2701.0,2686.0,2682.0,0.996,0.012,4220.0
807650.0,0.0,0.0,0.0,0.0,0.0,2701.0,2685.0,2683.0,0.996,0.012,4222.0
807660.0,0.0,0.0,0.0,0.0,0.0,2701.0,2685.0,2683.0,0.996,0.012,4222.0
807670.0,0.0,0.0,0.0,0.0,0.0,2700.0,2686.0,2681.0,0.996,0.012,4222.0
807680.0,0.0,0.0,0.0,0.0,0.0,2701.0,2685.0,2682.0,0.996,0.012,4222.0
807690.0,0.0,0.0,0.0,0.0,0.0,2700.0,2683.0,2682.0,0.996,0.012,4222.0
807700.0,0.0,0.0,0.0,0.0,0.0,2701.0,2686.0,2682.0,0.996,0.012,4221.0
807710.0,0.0,0.0,0.0,0.0,0.0,2700.0,2685.0,2682.0,0.996,0.012,4221.0
807720.0,0.0,0.0,0.0,0.0,0.0,2701.0,2684.0,2685.0,0.996,0.012,4221.0
807730.0,0.0,0.0,0.0,0.0,0.0,2701.0,2685.0,2683.0,0.996,0.012,4221.0
807740.0,0.0,0.0,0.0,0.0,0.0,2701.0,2685.0,2682.0,0.996,0.012,4221.0
807750.0,0.0,0.0,0.0,0.0,0.0,2701.0,2685.0,2683.0,0.996,0.012,4221.0
807760.0,0.0,0.0,0.0,0.0,0.0,2700.0,2686.0,2681.0,0.996,0.012,4221.0
807770.0,0.0,0.0,0.0,0.0,0.0,2701.0,2685.0,2682.0,0.996,0.012,4221.0
807780.0,0.0,0.0,0.0,0.0,0.0,2700.0,2685.0,2682.0,0.996,0.012,4221.0
807790.0,0.0,0.0,0.0,0.0,0.0,2700.0,2686.0,2683.0,0.996,0.012,4221.0
807800.0,0.0,0.0,0.0,0.0,0.0,2700.0,2685.0,2682.0,0.996,0.012,4211.0
807810.0,0.0,0.0,0.0,0.0,0.0,2700.0,2685.0,2682.0,0.996,0.012,4211.0
807820.0,0.0,0.0,0.0,0.0,0.0,2700.0,2686.0,2682.0,0.996,0.012,4211.0
807830.0,0.0,0.0,0.0,0.0,0.0,2700.0,2685.0,2681.0,0.996,0.012,4211.0
807840.0,0.0,0.0,0.0,0.0,0.0,2701.0,2685.0,2682.0,0.996,0.012,4211.0
807850.0,0.0,0.0,0.0,0.0,0.0,2702.0,2685.0,2682.0,0.996,0.012,4222.0
807860.0,0.0,0.0,0.0,0.0,0.0,2700.0,2686.0,2682.0,0.996,0.012,4222.0
807870.0,0.0,0.0,0.0,0.0,0.0,2701.0,2685.0,2683.0,0.996,0.012,4222.0
807880.0,0.0,0.0,0.0,0.0,0.0,2700.0,2686.0,2683.0,0.996,0.012,4222.0
807890.0,0.0,0.0,0.0,0.0,0.0,2701.0,2685.0,2682.0,0.996,0.012,4222.0
807900.0,0.0,0.0,0.0,0.0,0.0,2701.0,2685.0,2683.0,0.996,0.012,4220.0
807910.0,0.0,0.0,0.0,0.0,0.0,2701.0,2687.0,2682.0,0.996,0.012,4220.0
807920.0,0.0,0.0,0.0,0.0,0.0,2700.0,2684.0,2682.0,0.996,0.012,4220.0
807930.0,0.0,0.0,0.0,0.0,0.0,2700.0,2685.0,2681.0,0.996,0.012,4220.0
807940.0,0.0,0.0,0.0,0.0,0.0,2701.0,2684.0,2682.0,0.996,0.012,4220.0
807950.0,0.0,0.0,0.0,0.0,0.0,2700.0,2685.0,2682.0,0.996,0.012,4212.0
807960.0,0.0,0.0,0.0,0.0,0.0,2700.0,2687.0,2681.0,0.996,0.012,4212.0
807970.0,0.0,0.0,0.0,0.0,0.0,2700.0,2686.0,2683.0,0.996,0.012,4212.0
807980.0,0.0,0.0,0.0,0.0,0.0,2700.0,2685.0,2682.0,0.996,0.012,4212.0
807990.0,0.0,0.0,0.0,0.0,0.0,2700.0,2685.0,2682.0,0.996,0.012,4212.0
808000.0,0.0,0.0,0.0,0.0,0.0,2700.0,2686.0,2682.0,0.996,0.012,4222.0
808010.0,0.0,0.0,0.0,0.0,0.0,2700.0,2687.0,2681.0,0.996,0.012,4222.0
808020.0,0.0,0.0,0.0,0.0,0.0,2701.0,2686.0,2682.0,0.996,0.012,4222.0
808030.0,0.0,0.0,0.0,0.0,0.0,2700.0,2685.0,2681.0,0.996,0.012,4222.0
808040.0,0.0,0.0,0.0,0.0,0.0,2701.0,2684.0,2682.0,0.996,0.012,4222.0
808050.0,0.0,0.0,0.0,0.0,0.0,2701.0,2686.0,2681.0,0.996,0.012,4222.0
808060.0,0.0,0.0,0.0,0.0,0.0,2701.0,2684.0,2682.0,0.996,0.012,4222.0
808070.0,0.0,0.0,0.0,0.0,0.0,2700.0,2686.0,2682.0,0.996,0.012,4222.0
808080.0,0.0,0.0,0.0,0.0,0.0,2701.0,2685.0,2681.0,0.996,0.012,4222.0
808090.0,0.0,0.0,0.0,0.0,0.0,2700.0,2686.0,2681.0,0.996,0.012,4222.0
808100.0,0.0,0.0,0.0,0.0,0.0,2701.0,2685.0,2681.0,0.996,0.012,4222.0
808110.0,0.0,0.0,0.0,0.0,0.0,2700.0,2686.0,2680.0,0.996,0.012,4222.0
808120.0,0.0,0.0,0.0,0.0,0.0,2700.0,2686.0,2681.0,0.996,0.012,4222.0
808130.0,0.0,0.0,0.0,0.0,0.0,2701.0,2686.0,2682.0,0.996,0.012,4222.0
808140.0,0.0,0.0,0.0,0.0,0.0,2702.0,2686.0,2684.0,0.996,0.012,4222.0
808150.0,0.0,0.0,0.0,0.0,0.0,2701.0,2685.0,2682.0,0.996,0.012,4221.0
808160.0,0.0,0.0,0.0,0.0,0.0,2701.0,2684.0,2681.0,0.996,0.012,4221.0
808170.0,0.0,0.0,0.0,0.0,0.0,2701.0,2686.0,2682.0,0.996,0.012,4221.0
808180.0,0.0,0.0,0.0,0.0,0.0,2700.0,2686.0,2682.0,0.996,0.012,4221.0
808190.0,0.0,0.0,0.0,0.0,0.0,2701.0,2685.0,2683.0,0.996,0.012,4221.0
808200.0,0.0,0.0,0.0,0.0,0.0,2701.0,2684.0,2682.0,0.996,0.012,4221.0
808210.0,0.0,0.0,0.0,0.0,0.0,2700.0,2686.0,2681.0,0.996,0.012,4221.0
808220.0,0.0,0.0,0.0,0.0,0.0,2701.0,2685.0,2682.0,0.996,0.012,4221.0
808230.0,0.0,0.0,0.0,0.0,0.0,2700.0,2685.0,2681.0,0.996,0.012,4221.0
808240.0,0.0,0.0,0.0,0.0,0.0,2700.0,2686.0,2681.0,0.996,0.012,4221.0
808250.0,0.0,0.0,0.0,0.0,0.0,2701.0,2685.0,2682.0,0.996,0.012,4212.0
808260.0,0.0,0.0,0.0,0.0,0.0,2701.0,2686.0,2682.0,0.996,0.012,4212.0
808270.0,0.0,0.0,0.0,0.0,0.0,2702.0,2685.0,2682.0,0.996,0.012,4212.0
808280.0,0.0,0.0,0.0,0.0,0.0,2701.0,2685.0,2682.0,0.996,0.012,4212.0
808290.0,0.0,0.0,0.0,0.0,0.0,2701.0,2685.0,2683.0,0.996,0.012,4212.0
808300.0,0.0,0.0,0.0,0.0,0.0,2702.0,2685.0,2683.0,0.996,0.012,4220.0
808310.0,0.0,0.0,0.0,0.0,0.0,2700.0,2686.0,2681.0,0.996,0.012,4220.0
808320.0,0.0,0.0,0.0,0.0,0.0,2701.0,2686.0,2682.0,0.996,0.012,4220.0
808330.0,0.0,0.0,0.0,0.0,0.0,2700.0,2686.0,2681.0,0.996,0.012,4220.0
808340.0,0.0,0.0,0.0,0.0,0.0,2701.0,2685.0,2681.0,0.996,0.012,4220.0
808350.0,0.0,0.0,0.0,0.0,0.0,2701.0,2685.0,2683.0,0.996,0.012,4221.0
808360.0,0.0,0.0,0.0,0.0,0.0,2700.0,2686.0,2682.0,0.996,0.012,4221.0
808370.0,0.0,0.0,0.0,0.0,0.0,2701.0,2684.0,2682.0,0.996,0.012,4221.0
808380.0,0.0,0.0,0.0,0.0,0.0,2701.0,2684.0,2682.0,0.996,0.012,4221.0
808390.0,0.0,0.0,0.0,0.0,0.0,2701.0,2690.0,2681.0,0.996,0.012,4221.0
808400.0,0.0,0.0,0.0,0.0,0.0,2701.0,2687.0,2685.0,0.996,0.012,4211.0
808410.0,0.0,0.0,0.0,0.0,0.0,2700.0,2686.0,2682.0,0.996,0.012,4211.0
808420.0,0.0,0.0,0.0,0.0,0.0,2701.0,2685.0,2682.0,0.996,0.012,4211.0
808430.0,0.0,0.0,0.0,0.0,0.0,2701.0,2687.0,2682.0,0.996,0.012,4211.0
808440.0,0.0,0.0,0.0,0.0,0.0,2701.0,2685.0,2681.0,0.996,0.012,4211.0
808450.0,0.0,0.0,0.0,0.0,0.0,2701.0,2685.0,2682.0,0.996,0.012,4222.0
808460.0,0.0,0.0,0.0,0.0,0.0,2701.0,2685.0,2682.0,0.996,0.012,4222.0
808470.0,0.0,0.0,0.0,0.0,0.0,2700.0,2685.0,2683.0,0.996,0.012,4222.0
808480.0,0.0,0.0,0.0,0.0,0.0,2700.0,2685.0,2681.0,0.996,0.012,4222.0
808490.0,0.0,0.0,0.0,0.0,0.0,2700.0,2686.0,2681.0,0.996,0.012,4222.0
808500.0,0.0,0.0,0.0,0.0,0.0,2701.0,2685.0,2680.0,0.996,0.012,4212.0
808510.0,0.0,0.0,0.0,0.0,0.0,2701.0,2687.0,2683.0,0.996,0.012,4212.0
808520.0,0.0,0.0,0.0,0.0,0.0,2701.0,2685.0,2683.0,0.996,0.012,4212.0
808530.0,0.0,0.0,0.0,0.0,0.0,2700.0,2686.0,2681.0,0.996,0.012,4212.0
808540.0,0.0,0.0,0.0,0.0,0.0,2701.0,2686.0,2682.0,0.996,0.012,4212.0
808550.0,0.0,0.0,0.0,0.0,0.0,2701.0,2686.0,2681.0,0.996,0.012,4204.0
808560.0,0.0,0.0,0.0,0.0,0.0,2700.0,2685.0,2682.0,0.996,0.012,4204.0
808570.0,0.0,0.0,0.0,0.0,0.0,2701.0,2685.0,2682.0,0.996,0.012,4204.0
808580.0,0.0,0.0,0.0,0.0,0.0,2701.0,2686.0,2683.0,0.996,0.012,4204.0
808590.0,0.0,0.0,0.0,0.0,0.0,2701.0,2685.0,2682.0,0.996,0.012,4204.0
808600.0,0.0,0.0,0.0,0.0,0.0,2700.0,2686.0,2681.0,0.996,0.012,4220.0
808610.0,0.0,0.0,0.0,0.0,0.0,2700.0,2686.0,2682.0,0.996,0.012,4220.0
808620.0,0.0,0.0,0.0,0.0,0.0,2700.0,2686.0,2681.0,0.996,0.012,4220.0
808630.0,0.0,0.0,0.0,0.0,0.0,2700.0,2686.0,2681.0,0.996,0.012,4220.0
808640.0,0.0,0.0,0.0,0.0,0.0,2700.0,2686.0,2682.0,0.996,0.012,4220.0
808650.0,0.0,0.0,0.0,0.0,0.0,2700.0,2685.0,2682.0,0.996,0.012,4211.0
808660.0,0.0,0.0,0.0,0.0,0.0,2700.0,2686.0,2682.0,0.996,0.012,4211.0
808670.0,0.0,0.0,0.0,0.0,0.0,2701.0,2686.0,2682.0,0.996,0.012,4211.0
808680.0,0.0,0.0,0.0,0.0,0.0,2701.0,2685.0,2682.0,0.996,0.012,4211.0
808690.0,0.0,0.0,0.0,0.0,0.0,2701.0,2686.0,2682.0,0.996,0.012,4211.0
808700.0,0.0,0.0,0.0,0.0,0.0,2700.0,2685.0,2682.0,0.996,0.012,4212.0
808710.0,0.0,0.0,0.0,0.0,0.0,2700.0,2685.0,2683.0,0.996,0.012,4212.0
808720.0,0.0,0.0,0.0,0.0,0.0,2701.0,2682.0,2682.0,0.996,0.012,4212.0
808730.0,0.0,0.0,0.0,0.0,0.0,2700.0,2686.0,2681.0,0.996,0.012,4212.0
808740.0,0.0,0.0,0.0,0.0,0.0,2701.0,2685.0,2682.0,0.996,0.012,4212.0
808750.0,0.0,0.0,0.0,0.0,0.0,2701.0,2685.0,2681.0,0.996,0.012,4212.0
808760.0,0.0,0.0,0.0,0.0,0.0,2701.0,2685.0,2683.0,0.996,0.012,4212.0
808770.0,0.0,0.0,0.0,0.0,0.0,2701.0,2686.0,2682.0,0.996,0.012,4212.0
808780.0,0.0,0.0,0.0,0.0,0.0,2701.0,2685.0,2681.0,0.996,0.012,4212.0
808790.0,0.0,0.0,0.0,0.0,0.0,2702.0,2685.0,2682.0,0.996,0.012,4212.0
808800.0,0.0,0.0,0.0,0.0,0.0,2701.0,2684.0,2682.0,0.996,0.012,4220.0
808810.0,0.0,0.0,0.0,0.0,0.0,2701.0,2685.0,2683.0,0.996,0.012,4220.0
808820.0,0.0,0.0,0.0,0.0,0.0,2700.0,2685.0,2682.0,0.996,0.012,4220.0
808830.0,0.0,0.0,0.0,0.0,0.0,2700.0,2687.0,2681.0,0.996,0.012,4220.0
808840.0,0.0,0.0,0.0,0.0,0.0,2701.0,2684.0,2682.0,0.996,0.012,4220.0
808850.0,0.0,0.0,0.0,0.0,0.0,2701.0,2686.0,2680.0,0.996,0.012,4220.0
808860.0,0.0,0.0,0.0,0.0,0.0,2700.0,2686.0,2682.0,0.996,0.012,4220.0
808870.0,0.0,0.0,0.0,0.0,0.0,2701.0,2686.0,2680.0,0.996,0.012,4220.0
808880.0,0.0,0.0,0.0,0.0,0.0,2700.0,2685.0,2681.0,0.996,0.012,4220.0
808890.0,0.0,0.0,0.0,0.0,0.0,2701.0,2684.0,2682.0,0.996,0.012,4220.0
808900.0,0.0,0.0,0.0,0.0,0.0,2700.0,2686.0,2681.0,0.996,0.012,4220.0
808910.0,0.0,0.0,0.0,0.0,0.0,2701.0,2685.0,2683.0,0.996,0.012,4220.0
808920.0,0.0,0.0,0.0,0.0,0.0,2701.0,2685.0,2683.0,0.996,0.012,4220.0
808930.0,0.0,0.0,0.0,0.0,0.0,2701.0,2685.0,2682.0,0.996,0.012,4220.0
808940.0,0.0,0.0,0.0,0.0,0.0,2701.0,2684.0,2680.0,0.996,0.012,4220.0
808950.0,0.0,0.0,0.0,0.0,0.0,2701.0,2685.0,2681.0,0.996,0.012,4221.0
808960.0,0.0,0.0,0.0,0.0,0.0,2700.0,2687.0,2682.0,0.996,0.012,4221.0
808970.0,0.0,0.0,0.0,0.0,0.0,2700.0,2685.0,2682.0,0.996,0.012,4221.0
808980.0,0.0,0.0,0.0,0.0,0.0,2701.0,2685.0,2682.0,0.996,0.012,4221.0
808990.0,0.0,0.0,0.0,0.0,0.0,2700.0,2685.0,2682.0,0.996,0.012,4221.0
809000.0,0.0,0.0,0.0,0.0,0.0,2700.0,2688.0,2682.0,0.996,0.012,4212.0
809010.0,0.0,0.0,0.0,0.0,0.0,2701.0,2685.0,2683.0,0.996,0.012,4212.0
809020.0,0.0,0.0,0.0,0.0,0.0,2700.0,2686.0,2682.0,0.996,0.012,4212.0
809030.0,0.0,0.0,0.0,0.0,0.0,2701.0,2684.0,2682.0,0.996,0.012,4212.0
809040.0,0.0,0.0,0.0,0.0,0.0,2702.0,2684.0,2681.0,0.996,0.012,4212.0
809050.0,0.0,0.0,0.0,0.0,0.0,2701.0,2685.0,2681.0,0.996,0.012,4211.0
809060.0,0.0,0.0,0.0,0.0,0.0,2701.0,2685.0,2682.0,0.996,0.012,4211.0
809070.0,0.0,0.0,0.0,0.0,0.0,2701.0,2685.0,2682.0,0.996,0.012,4211.0
809080.0,0.0,0.0,0.0,0.0,0.0,2702.0,2685.0,2682.0,0.996,0.012,4211.0
809090.0,0.0,0.0,0.0,0.0,0.0,2700.0,2686.0,2681.0,0.996,0.012,4211.0
809100.0,0.0,0.0,0.0,0.0,0.0,2701.0,2685.0,2681.0,0.996,0.012,4221.0
809110.0,0.0,0.0,0.0,0.0,0.0,2701.0,2685.0,2682.0,0.996,0.012,4221.0
809120.0,0.0,0.0,0.0,0.0,0.0,2700.0,2686.0,2682.0,0.996,0.012,4221.0
809130.0,0.0,0.0,0.0,0.0,0.0,2700.0,2685.0,2682.0,0.996,0.012,4221.0
809140.0,0.0,0.0,0.0,0.0,0.0,2701.0,2684.0,2681.0,0.996,0.012,4221.0
809150.0,0.0,0.0,0.0,0.0,0.0,2701.0,2686.0,2682.0,0.996,0.012,4220.0
809160.0,0.0,0.0,0.0,0.0,0.0,2701.0,2686.0,2682.0,0.996,0.012,4220.0
809170.0,0.0,0.0,0.0,0.0,0.0,2701.0,2685.0,2681.0,0.996,0.012,4220.0
809180.0,0.0,0.0,0.0,0.0,0.0,2700.0,2685.0,2682.0,0.996,0.012,4220.0
809190.0,0.0,0.0,0.0,0.0,0.0,2701.0,2686.0,2681.0,0.996,0.012,4220.0
809200.0,0.0,0.0,0.0,0.0,0.0,2701.0,2686.0,2682.0,0.996,0.012,4211.0
809210.0,0.0,0.0,0.0,0.0,0.0,2701.0,2685.0,2682.0,0.996,0.012,4211.0
809220.0,0.0,0.0,0.0,0.0,0.0,2700.0,2685.0,2682.0,0.996,0.012,4211.0
809230.0,0.0,0.0,0.0,0.0,0.0,2700.0,2685.0,2682.0,0.996,0.012,4211.0
809240.0,0.0,0.0,0.0,0.0,0.0,2701.0,2685.0,2681.0,0.996,0.012,4211.0
809250.0,0.0,0.0,0.0,0.0,0.0,2700.0,2685.0,2682.0,0.996,0.012,4221.0
809260.0,0.0,0.0,0.0,0.0,0.0,2701.0,2685.0,2683.0,0.996,0.012,4221.0
809270.0,0.0,0.0,0.0,0.0,0.0,2700.0,2685.0,2682.0,0.996,0.012,4221.0
809280.0,0.0,0.0,0.0,0.0,0.0,2701.0,2685.0,2681.0,0.996,0.012,4221.0
809290.0,0.0,0.0,0.0,0.0,0.0,2700.0,2685.0,2683.0,0.996,0.012,4221.0
809300.0,0.0,0.0,0.0,0.0,0.0,2700.0,2686.0,2681.0,0.996,0.012,4221.0
809310.0,0.0,0.0,0.0,0.0,0.0,2701.0,2685.0,2682.0,0.996,0.012,4221.0
809320.0,0.0,0.0,0.0,0.0,0.0,2700.0,2686.0,2681.0,0.996,0.012,4221.0
809330.0,0.0,0.0,0.0,0.0,0.0,2701.0,2685.0,2683.0,0.996,0.012,4221.0
809340.0,0.0,0.0,0.0,0.0,0.0,2701.0,2685.0,2683.0,0.996,0.012,4221.0
809350.0,0.0,0.0,0.0,0.0,0.0,2701.0,2685.0,2682.0,0.996,0.012,4211.0
809360.0,0.0,0.0,0.0,0.0,0.0,2701.0,2686.0,2684.0,0.996,0.012,4211.0
809370.0,0.0,0.0,0.0,0.0,0.0,2700.0,2685.0,2682.0,0.996,0.012,4211.0
809380.0,0.0,0.0,0.0,0.0,0.0,2701.0,2687.0,2682.0,0.996,0.012,4211.0
809390.0,0.0,0.0,0.0,0.0,0.0,2700.0,2686.0,2683.0,0.996,0.012,4211.0
809400.0,0.0,0.0,0.0,0.0,0.0,2700.0,2686.0,2681.0,0.996,0.012,4221.0
809410.0,0.0,0.0,0.0,0.0,0.0,2700.0,2686.0,2681.0,0.996,0.012,4221.0
809420.0,0.0,0.0,0.0,0.0,0.0,2700.0,2686.0,2682.0,0.996,0.012,4221.0
809430.0,0.0,0.0,0.0,0.0,0.0,2700.0,2686.0,2682.0,0.996,0.012,4221.0
809440.0,0.0,0.0,0.0,0.0,0.0,2701.0,2685.0,2682.0,0.996,0.012,4221.0
809450.0,0.0,0.0,0.0,0.0,0.0,2701.0,2685.0,2682.0,0.996,0.012,4221.0
809460.0,0.0,0.0,0.0,0.0,0.0,2702.0,2685.0,2682.0,0.996,0.012,4221.0
809470.0,0.0,0.0,0.0,0.0,0.0,2701.0,2684.0,2682.0,0.996,0.012,4221.0
809480.0,0.0,0.0,0.0,0.0,0.0,2701.0,2686.0,2680.0,0.996,0.012,4221.0
809490.0,0.0,0.0,0.0,0.0,0.0,2700.0,2686.0,2681.0,0.996,0.012,4221.0
809500.0,0.0,0.0,0.0,0.0,0.0,2701.0,2686.0,2679.0,0.996,0.012,4212.0
809510.0,0.0,0.0,0.0,0.0,0.0,2699.0,2685.0,2681.0,0.996,0.012,4212.0
809520.0,0.0,0.0,0.0,0.0,0.0,2701.0,2685.0,2682.0,0.996,0.012,4212.0
809530.0,0.0,0.0,0.0,0.0,0.0,2701.0,2686.0,2682.0,0.996,0.012,4212.0
809540.0,0.0,0.0,0.0,0.0,0.0,2701.0,2685.0,2682.0,0.996,0.012,4212.0
809550.0,0.0,0.0,0.0,0.0,0.0,2700.0,2685.0,2681.0,0.996,0.012,4222.0
809560.0,0.0,0.0,0.0,0.0,0.0,2702.0,2685.0,2679.0,0.996,0.012,4222.0
809570.0,0.0,0.0,0.0,0.0,0.0,2700.0,2685.0,2682.0,0.996,0.012,4222.0
809580.0,0.0,0.0,0.0,0.0,0.0,2701.0,2685.0,2681.0,0.996,0.012,4222.0
809590.0,0.0,0.0,0.0,0.0,0.0,2700.0,2686.0,2682.0,0.996,0.012,4222.0
809600.0,0.0,0.0,0.0,0.0,0.0,2699.0,2685.0,2681.0,0.996,0.012,4213.0
809610.0,0.0,0.0,0.0,0.0,0.0,2701.0,2686.0,2683.0,0.996,0.012,4213.0
809620.0,0.0,0.0,0.0,0.0,0.0,2700.0,2685.0,2683.0,0.996,0.012,4213.0
809630.0,0.0,0.0,0.0,0.0,0.0,2701.0,2685.0,2683.0,0.996,0.012,4213.0
809640.0,0.0,0.0,0.0,0.0,0.0,2701.0,2685.0,2681.0,0.996,0.012,4213.0
809650.0,0.0,0.0,0.0,0.0,0.0,2701.0,2685.0,2682.0,0.996,0.012,4213.0
809660.0,0.0,0.0,0.0,0.0,0.0,2701.0,2687.0,2681.0,0.996,0.012,4213.0
809670.0,0.0,0.0,0.0,0.0,0.0,2700.0,2686.0,2682.0,0.996,0.012,4213.0
809680.0,0.0,0.0,0.0,0.0,0.0,2701.0,2686.0,2682.0,0.996,0.012,4213.0
809690.0,0.0,0.0,0.0,0.0,0.0,2701.0,2686.0,2681.0,0.996,0.012,4213.0
809700.0,0.0,0.0,0.0,0.0,0.0,2701.0,2685.0,2682.0,0.996,0.012,4222.0
809710.0,0.0,0.0,0.0,0.0,0.0,2701.0,2686.0,2681.0,0.996,0.012,4222.0
809720.0,0.0,0.0,0.0,0.0,0.0,2701.0,2685.0,2682.0,0.996,0.012,4222.0
809730.0,0.0,0.0,0.0,0.0,0.0,2701.0,2686.0,2681.0,0.996,0.012,4222.0
809740.0,0.0,0.0,0.0,0.0,0.0,2701.0,2685.0,2682.0,0.996,0.012,4222.0
809750.0,0.0,0.0,0.0,0.0,0.0,2701.0,2685.0,2681.0,0.996,0.012,4221.0
809760.0,0.0,0.0,0.0,0.0,0.0,2700.0,2685.0,2682.0,0.996,0.012,4221.0
809770.0,0.0,0.0,0.0,0.0,0.0,2701.0,2685.0,2681.0,0.996,0.012,4221.0
809780.0,0.0,0.0,0.0,0.0,0.0,2701.0,2686.0,2681.0,0.996,0.012,4221.0
809790.0,0.0,0.0,0.0,0.0,0.0,2701.0,2686.0,2681.0,0.996,0.012,4221.0
809800.0,0.0,0.0,0.0,0.0,0.0,2701.0,2685.0,2682.0,0.996,0.012,4222.0
809810.0,0.0,0.0,0.0,0.0,0.0,2700.0,2685.0,2681.0,0.996,0.012,4222.0
809820.0,0.0,0.0,0.0,0.0,0.0,2701.0,2685.0,2681.0,0.996,0.012,4222.0
809830.0,0.0,0.0,0.0,0.0,0.0,2701.0,2685.0,2682.0,0.996,0.012,4222.0
809840.0,0.0,0.0,0.0,0.0,0.0,2701.0,2685.0,2682.0,0.996,0.012,4222.0
809850.0,0.0,0.0,0.0,0.0,0.0,2700.0,2685.0,2683.0,0.996,0.012,4211.0
809860.0,0.0,0.0,0.0,0.0,0.0,2701.0,2686.0,2682.0,0.996,0.012,4211.0
809870.0,0.0,0.0,0.0,0.0,0.0,2701.0,2685.0,2683.0,0.996,0.012,4211.0
809880.0,0.0,0.0,0.0,0.0,0.0,2701.0,2685.0,2681.0,0.996,0.012,4211.0
809890.0,0.0,0.0,0.0,0.0,0.0,2700.0,2686.0,2681.0,0.996,0.012,4211.0
809900.0,0.0,0.0,0.0,0.0,0.0,2701.0,2685.0,2679.0,0.996,0.012,4222.0
809910.0,0.0,0.0,0.0,0.0,0.0,2700.0,2686.0,2681.0,0.996,0.012,4222.0
809920.0,0.0,0.0,0.0,0.0,0.0,2699.0,2685.0,2682.0,0.996,0.012,4222.0
809930.0,0.0,0.0,0.0,0.0,0.0,2701.0,2685.0,2682.0,0.996,0.012,4222.0
809940.0,0.0,0.0,0.0,0.0,0.0,2701.0,2685.0,2681.0,0.996,0.012,4222.0
809950.0,0.0,0.0,0.0,0.0,0.0,2700.0,2686.0,2681.0,0.996,0.012,4221.0
809960.0,0.0,0.0,0.0,0.0,0.0,2701.0,2685.0,2682.0,0.996,0.012,4221.0
809970.0,0.0,0.0,0.0,0.0,0.0,2700.0,2685.0,2685.0,0.996,0.012,4221.0
809980.0,0.0,0.0,0.0,0.0,0.0,2701.0,2685.0,2683.0,0.996,0.012,4221.0
809990.0,0.0,0.0,0.0,0.0,0.0,2701.0,2685.0,2682.0,0.996,0.012,4221.0
810000.0,0.0,0.0,0.0,0.0,0.0,2701.0,2685.0,2681.0,0.996,0.012,4211.0
810010.0,0.0,0.0,0.0,0.0,0.0,2700.0,2686.0,2682.0,0.996,0.012,4211.0
810020.0,0.0,0.0,0.0,0.0,0.0,2701.0,2686.0,2681.0,0.996,0.012,4211.0
810030.0,0.0,0.0,0.0,0.0,0.0,2701.0,2685.0,2683.0,0.996,0.012,4211.0
810040.0,0.0,0.0,0.0,0.0,0.0,2701.0,2685.0,2679.0,0.996,0.012,4211.0
810050.0,0.0,0.0,0.0,0.0,0.0,2701.0,2685.0,2680.0,0.996,0.012,4213.0
810060.0,0.0,0.0,0.0,0.0,0.0,2701.0,2686.0,2682.0,0.996,0.012,4213.0
810070.0,0.0,0.0,0.0,0.0,0.0,2701.0,2685.0,2682.0,0.996,0.012,4213.0
810080.0,0.0,0.0,0.0,0.0,0.0,2700.0,2685.0,2683.0,0.996,0.012,4213.0
810090.0,0.0,0.0,0.0,0.0,0.0,2701.0,2686.0,2682.0,0.996,0.012,4213.0
810100.0,0.0,0.0,0.0,0.0,0.0,2701.0,2684.0,2682.0,0.996,0.012,4222.0
810110.0,0.0,0.0,0.0,0.0,0.0,2700.0,2686.0,2682.0,0.996,0.012,4222.0
810120.0,0.0,0.0,0.0,0.0,0.0,2698.0,2686.0,2682.0,0.996,0.012,4222.0
810130.0,0.0,0.0,0.0,0.0,0.0,2701.0,2685.0,2682.0,0.996,0.012,4222.0
810140.0,0.0,0.0,0.0,0.0,0.0,2701.0,2685.0,2682.0,0.996,0.012,4222.0
810150.0,0.0,0.0,0.0,0.0,0.0,2703.0,2686.0,2681.0,0.996,0.012,4220.0
810160.0,0.0,0.0,0.0,0.0,0.0,2700.0,2685.0,2682.0,0.996,0.012,4220.0
810170.0,0.0,0.0,0.0,0.0,0.0,2701.0,2685.0,2682.0,0.996,0.012,4220.0
810180.0,0.0,0.0,0.0,0.0,0.0,2701.0,2686.0,2680.0,0.996,0.012,4220.0
810190.0,0.0,0.0,0.0,0.0,0.0,2700.0,2686.0,2681.0,0.996,0.012,4220.0
810200.0,0.0,0.0,0.0,0.0,0.0,2702.0,2685.0,2682.0,0.996,0.012,4221.0
810210.0,0.0,0.0,0.0,0.0,0.0,2702.0,2685.0,2681.0,0.996,0.012,4221.0
810220.0,0.0,0.0,0.0,0.0,0.0,2700.0,2685.0,2682.0,0.996,0.012,4221.0
810230.0,0.0,0.0,0.0,0.0,0.0,2700.0,2690.0,2682.0,0.996,0.012,4221.0
810240.0,0.0,0.0,0.0,0.0,0.0,2701.0,2686.0,2682.0,0.996,0.012,4221.0
810250.0,0.0,0.0,0.0,0.0,0.0,2702.0,2684.0,2682.0,0.996,0.012,4212.0
810260.0,0.0,0.0,0.0,0.0,0.0,2701.0,2686.0,2681.0,0.996,0.012,4212.0
810270.0,0.0,0.0,0.0,0.0,0.0,2701.0,2685.0,2682.0,0.996,0.012,4212.0
810280.0,0.0,0.0,0.0,0.0,0.0,2701.0,2686.0,2684.0,0.996,0.012,4212.0
810290.0,0.0,0.0,0.0,0.0,0.0,2702.0,2685.0,2682.0,0.996,0.012,4212.0
810300.0,0.0,0.0,0.0,0.0,0.0,2700.0,2685.0,2683.0,0.996,0.012,4221.0
810310.0,0.0,0.0,0.0,0.0,0.0,2701.0,2685.0,2683.0,0.996,0.012,4221.0
810320.0,0.0,0.0,0.0,0.0,0.0,2701.0,2685.0,2681.0,0.996,0.012,4221.0
810330.0,0.0,0.0,0.0,0.0,0.0,2702.0,2685.0,2683.0,0.996,0.012,4221.0
810340.0,0.0,0.0,0.0,0.0,0.0,2700.0,2686.0,2681.0,0.996,0.012,4221.0
810350.0,0.0,0.0,0.0,0.0,0.0,2700.0,2686.0,2681.0,0.996,0.012,4222.0
810360.0,0.0,0.0,0.0,0.0,0.0,2701.0,2685.0,2682.0,0.996,0.012,4222.0
810370.0,0.0,0.0,0.0,0.0,0.0,2700.0,2685.0,2682.0,0.996,0.012,4222.0
810380.0,0.0,0.0,0.0,0.0,0.0,2701.0,2685.0,2682.0,0.996,0.012,4222.0
810390.0,0.0,0.0,0.0,0.0,0.0,2700.0,2686.0,2682.0,0.996,0.012,4222.0
810400.0,0.0,0.0,0.0,0.0,0.0,2701.0,2685.0,2682.0,0.996,0.012,4221.0
810410.0,0.0,0.0,0.0,0.0,0.0,2701.0,2684.0,2683.0,0.996,0.012,4221.0
810420.0,0.0,0.0,0.0,0.0,0.0,2700.0,2686.0,2681.0,0.996,0.012,4221.0
810430.0,0.0,0.0,0.0,0.0,0.0,2701.0,2686.0,2681.0,0.996,0.012,4221.0
810440.0,0.0,0.0,0.0,0.0,0.0,2700.0,2686.0,2682.0,0.996,0.012,4221.0
810450.0,0.0,0.0,0.0,0.0,0.0,2701.0,2685.0,2680.0,0.996,0.012,4221.0
810460.0,0.0,0.0,0.0,0.0,0.0,2701.0,2685.0,2682.0,0.996,0.012,4221.0
810470.0,0.0,0.0,0.0,0.0,0.0,2701.0,2686.0,2682.0,0.996,0.012,4221.0
810480.0,0.0,0.0,0.0,0.0,0.0,2701.0,2685.0,2682.0,0.996,0.012,4221.0
810490.0,0.0,0.0,0.0,0.0,0.0,2701.0,2685.0,2682.0,0.996,0.012,4221.0
810500.0,0.0,0.0,0.0,0.0,0.0,2700.0,2685.0,2682.0,0.996,0.012,4221.0
810510.0,0.0,0.0,0.0,0.0,0.0,2700.0,2685.0,2682.0,0.996,0.012,4221.0
810520.0,0.0,0.0,0.0,0.0,0.0,2701.0,2685.0,2682.0,0.996,0.012,4221.0
810530.0,0.0,0.0,0.0,0.0,0.0,2702.0,2685.0,2683.0,0.996,0.012,4221.0
810540.0,0.0,0.0,0.0,0.0,0.0,2701.0,2685.0,2682.0,0.996,0.012,4221.0
810550.0,0.0,0.0,0.0,0.0,0.0,2700.0,2685.0,2682.0,0.996,0.012,4221.0
810560.0,0.0,0.0,0.0,0.0,0.0,2701.0,2686.0,2681.0,0.996,0.012,4221.0
810570.0,0.0,0.0,0.0,0.0,0.0,2701.0,2685.0,2682.0,0.996,0.012,4221.0
810580.0,0.0,0.0,0.0,0.0,0.0,2702.0,2685.0,2682.0,0.996,0.012,4221.0
810590.0,0.0,0.0,0.0,0.0,0.0,2701.0,2683.0,2683.0,0.996,0.012,4221.0
810600.0,0.0,0.0,0.0,0.0,0.0,2702.0,2685.0,2682.0,0.996,0.012,4212.0
810610.0,0.0,0.0,0.0,0.0,0.0,2700.0,2686.0,2681.0,0.996,0.012,4212.0
810620.0,0.0,0.0,0.0,0.0,0.0,2700.0,2686.0,2680.0,0.996,0.012,4212.0
810630.0,0.0,0.0,0.0,0.0,0.0,2701.0,2686.0,2682.0,0.996,0.012,4212.0
810640.0,0.0,0.0,0.0,0.0,0.0,2700.0,2686.0,2681.0,0.996,0.012,4212.0
810650.0,0.0,0.0,0.0,0.0,0.0,2700.0,2686.0,2682.0,0.996,0.012,4212.0
810660.0,0.0,0.0,0.0,0.0,0.0,2700.0,2686.0,2682.0,0.996,0.012,4212.0
810670.0,0.0,0.0,0.0,0.0,0.0,2702.0,2685.0,2688.0,0.996,0.012,4212.0
810680.0,0.0,0.0,0.0,0.0,0.0,2701.0,2684.0,2682.0,0.996,0.012,4212.0
810690.0,0.0,0.0,0.0,0.0,0.0,2701.0,2685.0,2679.0,0.996,0.012,4212.0
810700.0,0.0,0.0,0.0,0.0,0.0,2700.0,2685.0,2680.0,0.996,0.012,4221.0
810710.0,0.0,0.0,0.0,0.0,0.0,2701.0,2686.0,2681.0,0.996,0.012,4221.0
810720.0,0.0,0.0,0.0,0.0,0.0,2701.0,2685.0,2682.0,0.996,0.012,4221.0
810730.0,0.0,0.0,0.0,0.0,0.0,2702.0,2685.0,2682.0,0.996,0.012,4221.0
810740.0,0.0,0.0,0.0,0.0,0.0,2700.0,2685.0,2682.0,0.996,0.012,4221.0
810750.0,0.0,0.0,0.0,0.0,0.0,2701.0,2685.0,2682.0,0.996,0.012,4221.0
810760.0,0.0,0.0,0.0,0.0,0.0,2701.0,2684.0,2682.0,0.996,0.012,4221.0
810770.0,0.0,0.0,0.0,0.0,0.0,2700.0,2685.0,2681.0,0.996,0.012,4221.0
810780.0,0.0,0.0,0.0,0.0,0.0,2701.0,2685.0,2683.0,0.996,0.012,4221.0
810790.0,0.0,0.0,0.0,0.0,0.0,2701.0,2685.0,2682.0,0.996,0.012,4221.0
810800.0,0.0,0.0,0.0,0.0,0.0,2701.0,2686.0,2681.0,0.996,0.012,4221.0
810810.0,0.0,0.0,0.0,0.0,0.0,2700.0,2686.0,2681.0,0.996,0.012,4221.0
810820.0,0.0,0.0,0.0,0.0,0.0,2701.0,2686.0,2682.0,0.996,0.012,4221.0
810830.0,0.0,0.0,0.0,0.0,0.0,2701.0,2686.0,2682.0,0.996,0.012,4221.0
810840.0,0.0,0.0,0.0,0.0,0.0,2701.0,2686.0,2682.0,0.996,0.012,4221.0
810850.0,0.0,0.0,0.0,0.0,0.0,2700.0,2685.0,2682.0,0.996,0.012,4212.0
810860.0,0.0,0.0,0.0,0.0,0.0,2701.0,2686.0,2682.0,0.996,0.012,4212.0
810870.0,0.0,0.0,0.0,0.0,0.0,2701.0,2686.0,2683.0,0.996,0.012,4212.0
810880.0,0.0,0.0,0.0,0.0,0.0,2700.0,2685.0,2682.0,0.996,0.012,4212.0
810890.0,0.0,0.0,0.0,0.0,0.0,2700.0,2686.0,2681.0,0.996,0.012,4212.0
810900.0,0.0,0.0,0.0,0.0,0.0,2702.0,2686.0,2681.0,0.996,0.012,4221.0
810910.0,0.0,0.0,0.0,0.0,0.0,2701.0,2685.0,2682.0,0.996,0.012,4221.0
810920.0,0.0,0.0,0.0,0.0,0.0,2700.0,2686.0,2681.0,0.996,0.012,4221.0
810930.0,0.0,0.0,0.0,0.0,0.0,2700.0,2686.0,2681.0,0.996,0.012,4221.0
810940.0,0.0,0.0,0.0,0.0,0.0,2700.0,2686.0,2682.0,0.996,0.012,4221.0
810950.0,0.0,0.0,0.0,0.0,0.0,2701.0,2685.0,2682.0,0.996,0.012,4221.0
810960.0,0.0,0.0,0.0,0.0,0.0,2701.0,2686.0,2681.0,0.996,0.012,4221.0
810970.0,0.0,0.0,0.0,0.0,0.0,2700.0,2686.0,2681.0,0.996,0.012,4221.0
810980.0,0.0,0.0,0.0,0.0,0.0,2701.0,2685.0,2682.0,0.996,0.012,4221.0
810990.0,0.0,0.0,0.0,0.0,0.0,2701.0,2683.0,2681.0,0.996,0.012,4221.0
811000.0,0.0,0.0,0.0,0.0,0.0,2699.0,2686.0,2682.0,0.996,0.012,4212.0
811010.0,0.0,0.0,0.0,0.0,0.0,2701.0,2684.0,2681.0,0.996,0.012,4212.0
811020.0,0.0,0.0,0.0,0.0,0.0,2700.0,2685.0,2681.0,0.996,0.012,4212.0
811030.0,0.0,0.0,0.0,0.0,0.0,2701.0,2686.0,2682.0,0.996,0.012,4212.0
811040.0,0.0,0.0,0.0,0.0,0.0,2701.0,2686.0,2682.0,0.996,0.012,4212.0
811050.0,0.0,0.0,0.0,0.0,0.0,2701.0,2686.0,2682.0,0.996,0.012,4221.0
811060.0,0.0,0.0,0.0,0.0,0.0,2700.0,2682.0,2682.0,0.996,0.012,4221.0
811070.0,0.0,0.0,0.0,0.0,0.0,2701.0,2685.0,2682.0,0.996,0.012,4221.0
811080.0,0.0,0.0,0.0,0.0,0.0,2701.0,2686.0,2682.0,0.996,0.012,4221.0
811090.0,0.0,0.0,0.0,0.0,0.0,2701.0,2685.0,2683.0,0.996,0.012,4221.0
811100.0,0.0,0.0,0.0,0.0,0.0,2700.0,2686.0,2682.0,0.996,0.012,4221.0
811110.0,0.0,0.0,0.0,0.0,0.0,2702.0,2686.0,2681.0,0.996,0.012,4221.0
811120.0,0.0,0.0,0.0,0.0,0.0,2700.0,2685.0,2682.0,0.996,0.012,4221.0
811130.0,0.0,0.0,0.0,0.0,0.0,2702.0,2684.0,2684.0,0.996,0.012,4221.0
811140.0,0.0,0.0,0.0,0.0,0.0,2701.0,2685.0,2681.0,0.996,0.012,4221.0
811150.0,0.0,0.0,0.0,0.0,0.0,2702.0,2684.0,2683.0,0.996,0.012,4212.0
811160.0,0.0,0.0,0.0,0.0,0.0,2700.0,2687.0,2682.0,0.996,0.012,4212.0
811170.0,0.0,0.0,0.0,0.0,0.0,2701.0,2685.0,2681.0,0.996,0.012,4212.0
811180.0,0.0,0.0,0.0,0.0,0.0,2700.0,2686.0,2682.0,0.996,0.012,4212.0
811190.0,0.0,0.0,0.0,0.0,0.0,2701.0,2687.0,2681.0,0.996,0.012,4212.0
811200.0,0.0,0.0,0.0,0.0,0.0,2701.0,2685.0,2681.0,0.996,0.012,4221.0
811210.0,0.0,0.0,0.0,0.0,0.0,2700.0,2685.0,2681.0,0.996,0.012,4221.0
811220.0,0.0,0.0,0.0,0.0,0.0,2700.0,2687.0,2681.0,0.996,0.012,4221.0
811230.0,0.0,0.0,0.0,0.0,0.0,2701.0,2685.0,2681.0,0.996,0.012,4221.0
811240.0,0.0,0.0,0.0,0.0,0.0,2700.0,2687.0,2681.0,0.996,0.012,4221.0
811250.0,0.0,0.0,0.0,0.0,0.0,2701.0,2685.0,2682.0,0.996,0.012,4222.0
811260.0,0.0,0.0,0.0,0.0,0.0,2701.0,2685.0,2682.0,0.996,0.012,4222.0
811270.0,0.0,0.0,0.0,0.0,0.0,2700.0,2687.0,2681.0,0.996,0.012,4222.0
811280.0,0.0,0.0,0.0,0.0,0.0,2701.0,2685.0,2683.0,0.996,0.012,4222.0
811290.0,0.0,0.0,0.0,0.0,0.0,2701.0,2686.0,2681.0,0.996,0.012,4222.0
811300.0,0.0,0.0,0.0,0.0,0.0,2701.0,2686.0,2681.0,0.996,0.012,4221.0
811310.0,0.0,0.0,0.0,0.0,0.0,2702.0,2684.0,2683.0,0.996,0.012,4221.0
811320.0,0.0,0.0,0.0,0.0,0.0,2702.0,2685.0,2682.0,0.996,0.012,4221.0
811330.0,0.0,0.0,0.0,0.0,0.0,2701.0,2685.0,2682.0,0.996,0.012,4221.0
811340.0,0.0,0.0,0.0,0.0,0.0,2701.0,2686.0,2683.0,0.996,0.012,4221.0
811350.0,0.0,0.0,0.0,0.0,0.0,2700.0,2687.0,2682.0,0.996,0.012,4221.0
811360.0,0.0,0.0,0.0,0.0,0.0,2701.0,2684.0,2680.0,0.996,0.012,4221.0
811370.0,0.0,0.0,0.0,0.0,0.0,2701.0,2687.0,2681.0,0.996,0.012,4221.0
811380.0,0.0,0.0,0.0,0.0,0.0,2700.0,2684.0,2681.0,0.996,0.012,4221.0
811390.0,0.0,0.0,0.0,0.0,0.0,2700.0,2681.0,2681.0,0.996,0.012,4221.0
811400.0,0.0,0.0,0.0,0.0,0.0,2701.0,2684.0,2683.0,0.996,0.012,4221.0
811410.0,0.0,0.0,0.0,0.0,0.0,2701.0,2687.0,2682.0,0.996,0.012,4221.0
811420.0,0.0,0.0,0.0,0.0,0.0,2701.0,2685.0,2685.0,0.996,0.012,4221.0
811430.0,0.0,0.0,0.0,0.0,0.0,2701.0,2685.0,2681.0,0.996,0.012,4221.0
811440.0,0.0,0.0,0.0,0.0,0.0,2700.0,2687.0,2681.0,0.996,0.012,4221.0
811450.0,0.0,0.0,0.0,0.0,0.0,2701.0,2685.0,2682.0,0.996,0.012,4221.0
811460.0,0.0,0.0,0.0,0.0,0.0,2701.0,2686.0,2682.0,0.996,0.012,4221.0
811470.0,0.0,0.0,0.0,0.0,0.0,2701.0,2686.0,2681.0,0.996,0.012,4221.0
811480.0,0.0,0.0,0.0,0.0,0.0,2701.0,2686.0,2682.0,0.996,0.012,4221.0
811490.0,0.0,0.0,0.0,0.0,0.0,2700.0,2686.0,2681.0,0.996,0.012,4221.0
811500.0,0.0,0.0,0.0,0.0,0.0,2701.0,2685.0,2682.0,0.996,0.012,4221.0
811510.0,0.0,0.0,0.0,0.0,0.0,2701.0,2686.0,2681.0,0.996,0.012,4221.0
811520.0,0.0,0.0,0.0,0.0,0.0,2701.0,2684.0,2681.0,0.996,0.012,4221.0
811530.0,0.0,0.0,0.0,0.0,0.0,2701.0,2688.0,2682.0,0.996,0.012,4221.0
811540.0,0.0,0.0,0.0,0.0,0.0,2701.0,2685.0,2682.0,0.996,0.012,4221.0
811550.0,0.0,0.0,0.0,0.0,0.0,2701.0,2684.0,2682.0,0.996,0.012,4213.0
811560.0,0.0,0.0,0.0,0.0,0.0,2700.0,2686.0,2682.0,0.996,0.012,4213.0
811570.0,0.0,0.0,0.0,0.0,0.0,2700.0,2685.0,2682.0,0.996,0.012,4213.0
811580.0,0.0,0.0,0.0,0.0,0.0,2701.0,2685.0,2681.0,0.996,0.012,4213.0
811590.0,0.0,0.0,0.0,0.0,0.0,2701.0,2684.0,2682.0,0.996,0.012,4213.0
811600.0,0.0,0.0,0.0,0.0,0.0,2700.0,2686.0,2681.0,0.996,0.012,4222.0
811610.0,0.0,0.0,0.0,0.0,0.0,2701.0,2685.0,2682.0,0.996,0.012,4222.0
811620.0,0.0,0.0,0.0,0.0,0.0,2701.0,2686.0,2682.0,0.996,0.012,4222.0
811630.0,0.0,0.0,0.0,0.0,0.0,2702.0,2685.0,2683.0,0.996,0.012,4222.0
811640.0,0.0,0.0,0.0,0.0,0.0,2702.0,2686.0,2681.0,0.996,0.012,4222.0
811650.0,0.0,0.0,0.0,0.0,0.0,2701.0,2685.0,2682.0,0.996,0.012,4220.0
811660.0,0.0,0.0,0.0,0.0,0.0,2701.0,2685.0,2681.0,0.996,0.012,4220.0
811670.0,0.0,0.0,0.0,0.0,0.0,2700.0,2686.0,2683.0,0.996,0.012,4220.0
811680.0,0.0,0.0,0.0,0.0,0.0,2700.0,2687.0,2681.0,0.996,0.012,4220.0
811690.0,0.0,0.0,0.0,0.0,0.0,2700.0,2688.0,2681.0,0.996,0.012,4220.0
811700.0,0.0,0.0,0.0,0.0,0.0,2701.0,2685.0,2681.0,0.996,0.012,4220.0
811710.0,0.0,0.0,0.0,0.0,0.0,2701.0,2686.0,2682.0,0.996,0.012,4220.0
811720.0,0.0,0.0,0.0,0.0,0.0,2702.0,2686.0,2683.0,0.996,0.012,4220.0
811730.0,0.0,0.0,0.0,0.0,0.0,2700.0,2686.0,2681.0,0.996,0.012,4220.0
811740.0,0.0,0.0,0.0,0.0,0.0,2701.0,2685.0,2683.0,0.996,0.012,4220.0
811750.0,0.0,0.0,0.0,0.0,0.0,2701.0,2686.0,2681.0,0.996,0.012,4222.0
811760.0,0.0,0.0,0.0,0.0,0.0,2701.0,2686.0,2681.0,0.996,0.012,4222.0
811770.0,0.0,0.0,0.0,0.0,0.0,2700.0,2686.0,2681.0,0.996,0.012,4222.0
811780.0,0.0,0.0,0.0,0.0,0.0,2701.0,2686.0,2681.0,0.996,0.012,4222.0
811790.0,0.0,0.0,0.0,0.0,0.0,2700.0,2685.0,2682.0,0.996,0.012,4222.0
811800.0,0.0,0.0,0.0,0.0,0.0,2701.0,2686.0,2682.0,0.996,0.012,4211.0
811810.0,0.0,0.0,0.0,0.0,0.0,2701.0,2685.0,2679.0,0.996,0.012,4211.0
811820.0,0.0,0.0,0.0,0.0,0.0,2701.0,2685.0,2684.0,0.996,0.012,4211.0
811830.0,0.0,0.0,0.0,0.0,0.0,2702.0,2686.0,2682.0,0.996,0.012,4211.0
811840.0,0.0,0.0,0.0,0.0,0.0,2700.0,2687.0,2682.0,0.996,0.012,4211.0
811850.0,0.0,0.0,0.0,0.0,0.0,2701.0,2683.0,2684.0,0.996,0.012,4220.0
811860.0,0.0,0.0,0.0,0.0,0.0,2701.0,2685.0,2681.0,0.996,0.012,4220.0
811870.0,0.0,0.0,0.0,0.0,0.0,2701.0,2685.0,2681.0,0.996,0.012,4220.0
811880.0,0.0,0.0,0.0,0.0,0.0,2701.0,2686.0,2682.0,0.996,0.012,4220.0
811890.0,0.0,0.0,0.0,0.0,0.0,2701.0,2686.0,2683.0,0.996,0.012,4220.0
811900.0,0.0,0.0,0.0,0.0,0.0,2701.0,2686.0,2681.0,0.996,0.012,4212.0
811910.0,0.0,0.0,0.0,0.0,0.0,2701.0,2685.0,2681.0,0.996,0.012,4212.0
811920.0,0.0,0.0,0.0,0.0,0.0,2700.0,2686.0,2681.0,0.996,0.012,4212.0
811930.0,0.0,0.0,0.0,0.0,0.0,2701.0,2685.0,2683.0,0.996,0.012,4212.0
811940.0,0.0,0.0,0.0,0.0,0.0,2701.0,2686.0,2681.0,0.996,0.012,4212.0
811950.0,0.0,0.0,0.0,0.0,0.0,2701.0,2685.0,2681.0,0.996,0.012,4212.0
811960.0,0.0,0.0,0.0,0.0,0.0,2700.0,2687.0,2682.0,0.996,0.012,4212.0
811970.0,0.0,0.0,0.0,0.0,0.0,2701.0,2685.0,2682.0,0.996,0.012,4212.0
811980.0,0.0,0.0,0.0,0.0,0.0,2700.0,2686.0,2682.0,0.996,0.012,4212.0
811990.0,0.0,0.0,0.0,0.0,0.0,2701.0,2685.0,2681.0,0.996,0.012,4212.0
812000.0,0.0,0.0,0.0,0.0,0.0,2701.0,2686.0,2682.0,0.996,0.012,4222.0
812010.0,0.0,0.0,0.0,0.0,0.0,2701.0,2684.0,2682.0,0.996,0.012,4222.0
812020.0,0.0,0.0,0.0,0.0,0.0,2701.0,2686.0,2682.0,0.996,0.012,4222.0
812030.0,0.0,0.0,0.0,0.0,0.0,2701.0,2686.0,2682.0,0.996,0.012,4222.0
812040.0,0.0,0.0,0.0,0.0,0.0,2701.0,2686.0,2681.0,0.996,0.012,4222.0
812050.0,0.0,0.0,0.0,0.0,0.0,2702.0,2686.0,2682.0,0.996,0.012,4222.0
812060.0,0.0,0.0,0.0,0.0,0.0,2701.0,2685.0,2681.0,0.996,0.012,4222.0
812070.0,0.0,0.0,0.0,0.0,0.0,2701.0,2686.0,2680.0,0.996,0.012,4222.0
812080.0,0.0,0.0,0.0,0.0,0.0,2701.0,2687.0,2682.0,0.996,0.012,4222.0
812090.0,0.0,0.0,0.0,0.0,0.0,2701.0,2686.0,2680.0,0.996,0.012,4222.0
812100.0,0.0,0.0,0.0,0.0,0.0,2701.0,2686.0,2673.0,0.996,0.012,4222.0
812110.0,0.0,0.0,0.0,0.0,0.0,2701.0,2687.0,2657.0,0.996,0.012,4222.0
812120.0,0.0,0.0,0.0,0.0,0.0,2700.0,2686.0,2643.0,0.996,0.012,4222.0
812130.0,0.0,0.0,0.0,0.0,0.0,2701.0,2685.0,2627.0,0.996,0.012,4222.0
812140.0,0.0,0.0,0.0,0.0,0.0,2701.0,2686.0,2609.0,0.996,0.012,4222.0
812150.0,0.0,0.0,0.0,0.0,0.0,2701.0,2686.0,2589.0,0.996,0.012,4222.0
812160.0,0.0,0.0,0.0,0.0,0.0,2702.0,2685.0,2569.0,0.996,0.012,4222.0
812170.0,0.0,0.0,0.0,0.0,0.0,2700.0,2686.0,2548.0,0.996,0.012,4222.0
812180.0,0.0,0.0,0.0,0.0,0.0,2701.0,2686.0,2528.0,0.996,0.012,4222.0
812190.0,0.0,0.0,0.0,0.0,0.0,2701.0,2685.0,2504.0,0.996,0.012,4222.0
812200.0,0.0,0.0,0.0,0.0,0.0,2701.0,2685.0,2483.0,0.997,0.012,4181.0
812210.0,0.0,0.0,0.0,0.0,0.0,2701.0,2686.0,2458.0,0.997,0.012,4181.0
812220.0,0.0,0.0,0.0,0.0,0.0,2703.0,2686.0,2427.0,0.997,0.012,4181.0
812230.0,0.0,0.0,0.0,0.0,0.0,2701.0,2686.0,2399.0,0.997,0.012,4181.0
812240.0,0.0,0.0,0.0,0.0,0.0,2701.0,2689.0,2366.0,0.997,0.012,4181.0
812250.0,0.0,0.0,0.0,0.0,0.0,2700.0,2686.0,2336.0,0.998,0.012,4213.0
812260.0,0.0,0.0,0.0,0.0,0.0,2702.0,2685.0,2303.0,0.998,0.012,4213.0
812270.0,0.0,0.0,0.0,0.0,0.0,2701.0,2685.0,2268.0,0.998,0.012,4213.0
812280.0,0.0,0.0,0.0,0.0,0.0,2702.0,2685.0,2236.0,0.998,0.012,4213.0
812290.0,0.0,0.0,0.0,0.0,0.0,2701.0,2689.0,2199.0,0.998,0.012,4213.0
812300.0,0.0,0.0,0.0,0.0,0.0,2701.0,2683.0,2165.0,0.999,0.012,4163.0
812310.0,0.0,0.0,0.0,0.0,0.0,2700.0,2686.0,2124.0,0.999,0.012,4163.0
812320.0,0.0,0.0,0.0,0.0,0.0,2701.0,2686.0,2086.0,0.999,0.012,4163.0
812330.0,0.0,0.0,0.0,0.0,0.0,2701.0,2685.0,2046.0,0.999,0.012,4163.0
812340.0,0.0,0.0,0.0,0.0,0.0,2700.0,2686.0,1994.0,0.999,0.012,4163.0
812350.0,0.0,0.0,0.0,0.0,0.0,2701.0,2686.0,1947.0,0.999,0.012,4206.0
812360.0,0.0,0.0,0.0,0.0,0.0,2700.0,2686.0,1889.0,0.999,0.012,4206.0
812370.0,0.0,0.0,0.0,0.0,0.0,2701.0,2686.0,1836.0,0.999,0.012,4206.0
812380.0,0.0,0.0,0.0,0.0,0.0,2701.0,2686.0,1784.0,0.999,0.012,4206.0
812390.0,0.0,0.0,0.0,0.0,0.0,2701.0,2685.0,1729.0,0.999,0.012,4206.0
812400.0,0.0,0.0,0.0,0.0,0.0,2701.0,2686.0,1674.0,0.999,0.012,4221.0
812410.0,0.0,0.0,0.0,0.0,0.0,2701.0,2686.0,1616.0,0.999,0.012,4221.0
812420.0,0.0,0.0,0.0,0.0,0.0,2701.0,2685.0,1567.0,0.999,0.012,4221.0
812430.0,0.0,0.0,0.0,0.0,0.0,2700.0,2687.0,1514.0,0.999,0.012,4221.0
812440.0,0.0,0.0,0.0,0.0,0.0,2700.0,2686.0,1470.0,0.999,0.012,4221.0
812450.0,0.0,0.0,0.0,0.0,0.0,2700.0,2686.0,1423.0,1.0,0.012,4210.0
812460.0,0.0,0.0,0.0,0.0,0.0,2701.0,2685.0,1379.0,1.0,0.012,4210.0
812470.0,0.0,0.0,0.0,0.0,0.0,2700.0,2690.0,1337.0,1.0,0.012,4210.0
812480.0,0.0,0.0,0.0,0.0,0.0,2701.0,2685.0,1301.0,1.0,0.012,4210.0
812490.0,0.0,0.0,0.0,0.0,0.0,2701.0,2686.0,1255.0,1.0,0.012,4210.0
812500.0,0.0,0.0,0.0,0.0,0.0,2701.0,2685.0,1220.0,0.999,0.012,4214.0
812510.0,0.0,0.0,0.0,0.0,0.0,2700.0,2686.0,1182.0,0.999,0.012,4214.0
812520.0,0.0,0.0,0.0,0.0,0.0,2701.0,2685.0,1149.0,0.999,0.012,4214.0
812530.0,0.0,0.0,0.0,0.0,0.0,2701.0,2686.0,1116.0,0.999,0.012,4214.0
812540.0,0.0,0.0,0.0,0.0,0.0,2700.0,2686.0,1091.0,0.999,0.012,4214.0
812550.0,0.0,0.0,0.0,0.0,0.0,2701.0,2686.0,1063.0,0.98,0.012,4135.0
812560.0,0.0,0.0,0.0,0.0,0.0,2702.0,2686.0,1041.0,0.98,0.012,4135.0
812570.0,0.0,0.0,0.0,0.0,0.0,2701.0,2687.0,1022.0,0.98,0.012,4135.0
812580.0,0.0,0.0,0.0,0.0,0.0,2701.0,2686.0,1011.0,0.98,0.012,4135.0
812590.0,0.0,0.0,0.0,0.0,0.0,2701.0,2686.0,1007.0,0.98,0.012,4135.0
812600.0,1.0,0.0,0.0,0.0,0.0,2702.0,2686.0,1007.0,0.726,0.012,4182.0
812610.0,1.0,0.0,0.0,0.0,0.0,2702.0,2685.0,1007.0,0.726,0.012,4182.0
812620.0,1.0,0.0,0.0,0.0,0.0,2700.0,2686.0,1007.0,0.726,0.012,4182.0
812630.0,1.0,0.0,0.0,0.0,0.0,2701.0,2685.0,1007.0,0.726,0.012,4182.0
812640.0,1.0,0.0,0.0,0.0,0.0,2700.0,2686.0,1007.0,0.726,0.012,4182.0
812650.0,1.0,0.0,0.0,0.0,0.0,2700.0,2686.0,1007.0,0.986,0.012,4207.0
812660.0,1.0,0.0,0.0,0.0,0.0,2701.0,2685.0,1007.0,0.986,0.012,4207.0
812670.0,1.0,0.0,0.0,0.0,0.0,2700.0,2685.0,1007.0,0.986,0.012,4207.0
812680.0,1.0,0.0,0.0,0.0,0.0,2701.0,2685.0,1008.0,0.986,0.012,4207.0
812690.0,1.0,0.0,0.0,0.0,0.0,2702.0,2686.0,1008.0,0.986,0.012,4207.0
812700.0,1.0,1.0,120.0,0.0,0.48,2701.0,2685.0,1007.0,0.995,0.012,4237.0
812710.0,1.0,1.0,120.0,-0.9,0.544,2701.0,2685.0,1007.0,0.995,0.012,4237.0
812720.0,1.0,1.0,120.0,-0.5,0.602,2701.0,2685.0,1008.0,0.995,0.012,4237.0
812730.0,1.0,1.0,120.0,-0.2,0.662,2701.0,2686.0,1010.0,0.995,0.012,4237.0
812740.0,1.0,1.0,120.0,0.8,0.718,2702.0,2685.0,1007.0,0.995,0.012,4237.0
812750.0,1.0,1.0,120.0,0.4,0.779,2701.0,2685.0,1007.0,0.996,0.012,4238.0
812760.0,1.0,1.0,120.0,-0.7000000000000001,0.843,2700.0,2686.0,1007.0,0.996,0.012,4238.0
812770.0,1.0,1.0,120.0,0.5,0.898,2701.0,2685.0,1007.0,0.996,0.012,4238.0
812780.0,1.0,1.0,120.0,0.30000000000000004,0.9590000000000001,2700.0,2686.0,1008.0,0.996,0.012,4238.0
812790.0,1.0,1.0,120.0,-0.8,1.0,2701.0,2685.0,1008.0,0.996,0.012,4238.0
812800.0,1.0,1.0,120.0,0.5,1.0,2700.0,2685.0,1008.0,0.996,0.012,4253.0
812810.0,1.0,1.0,120.0,-0.6000000000000001,1.0,2699.0,2684.0,1008.0,0.996,0.012,4253.0
812820.0,1.0,1.0,120.0,-0.30000000000000004,1.0,2699.0,2684.0,1008.0,0.996,0.012,4253.0
812830.0,1.0,1.0,120.0,-0.2,1.0,2700.0,2683.0,1009.0,0.996,0.012,4253.0
812840.0,1.0,1.0,120.0,-0.1,1.0,2700.0,2684.0,1009.0,0.996,0.012,4253.0
812850.0,1.0,1.0,120.0,0.9,1.0,2701.0,2686.0,1007.0,0.996,0.012,4253.0
812860.0,1.0,1.0,120.0,0.4,1.0,2700.0,2687.0,1005.0,0.996,0.012,4253.0
812870.0,1.0,1.0,120.0,0.2,1.0,2701.0,2688.0,1003.0,0.996,0.012,4253.0
812880.0,1.0,1.0,120.0,-0.8,1.0,2701.0,2687.0,995.0,0.996,0.012,4253.0
812890.0,1.0,1.0,120.0,-0.4,1.0,2701.0,2686.0,985.0,0.996,0.012,4253.0
812900.0,1.0,1.0,120.0,-0.2,1.0,2699.0,2684.0,973.0,0.996,0.012,4253.0
812910.0,1.0,1.0,120.0,0.8,1.0,2700.0,2683.0,956.0,0.996,0.012,4253.0
812920.0,1.0,1.0,120.0,0.4,1.0,2699.0,2686.0,934.0,0.996,0.012,4253.0
812930.0,1.0,1.0,120.0,0.2,1.0,2702.0,2687.0,914.0,0.996,0.012,4253.0
812940.0,1.0,1.0,120.0,-0.8,1.0,2701.0,2687.0,888.0,0.996,0.012,4253.0
812950.0,1.0,1.0,120.0,-0.4,1.0,2701.0,2685.0,861.0,0.996,0.012,4245.0
812960.0,1.0,1.0,120.0,-0.2,1.0,2699.0,2684.0,827.0,0.996,0.012,4245.0
812970.0,1.0,1.0,120.0,-0.1,1.0,2700.0,2685.0,794.0,0.996,0.012,4245.0
812980.0,1.0,1.0,120.0,0.9,1.0,2700.0,2686.0,757.0,0.996,0.012,4245.0
812990.0,1.0,1.0,120.0,0.4,1.0,2701.0,2686.0,718.0,0.996,0.012,4245.0
813000.0,1.0,1.0,120.0,-0.7000000000000001,1.0,2701.0,2687.0,678.0,0.995,0.012,4768.0
813010.0,1.0,1.0,120.0,-0.30000000000000004,1.0,2700.0,2685.0,641.0,0.995,0.013000000000000001,4768.0
813020.0,1.0,1.0,120.0,-0.2,1.0,2700.0,2686.0,602.0,0.995,0.013000000000000001,4768.0
813030.0,1.0,1.0,120.0,-0.1,1.0,2699.0,2684.0,562.0,0.995,0.013000000000000001,4768.0
813040.0,1.0,1.0,120.0,0.9,1.0,2700.0,2685.0,523.0,0.995,0.013000000000000001,4768.0
813050.0,1.0,1.0,120.0,0.4,1.0,2701.0,2686.0,484.0,0.992,0.013000000000000001,4249.0
813060.0,1.0,1.0,120.0,0.2,1.0,2701.0,2687.0,440.0,0.992,0.013000000000000001,4249.0
813070.0,1.0,1.0,120.0,-0.8,1.0,2701.0,2685.0,400.0,0.992,0.013000000000000001,4249.0
813080.0,1.0,1.0,120.0,-0.4,1.0,2701.0,2685.0,362.0,0.992,0.013000000000000001,4249.0
813090.0,1.0,1.0,120.0,-0.2,1.0,2700.0,2683.0,321.0,0.992,0.013000000000000001,4249.0
813100.0,1.0,1.0,120.0,0.8,1.0,2700.0,2686.0,278.0,0.988,0.013000000000000001,4754.0
813110.0,1.0,1.0,120.0,0.4,1.0,2700.0,2685.0,230.0,0.988,0.013000000000000001,4754.0
813120.0,1.0,1.0,120.0,0.2,1.0,2702.0,2688.0,185.0,0.988,0.013000000000000001,4754.0
813130.0,1.0,1.0,120.0,0.1,1.0,2701.0,2687.0,142.0,0.988,0.013000000000000001,4754.0
813140.0,1.0,1.0,120.0,-0.9,1.0,2701.0,2686.0,99.0,0.988,0.013000000000000001,4754.0
813150.0,1.0,1.0,120.0,-0.4,1.0,2701.0,2684.0,49.0,0.989,0.013000000000000001,4216.0
813160.0,1.0,1.0,120.0,-0.2,1.0,2699.0,2684.0,25.0,0.989,0.013000000000000001,4216.0
813170.0,1.0,1.0,120.0,0.8,1.0,2701.0,2686.0,24.0,0.989,0.013000000000000001,4216.0
813180.0,1.0,1.0,120.0,0.4,1.0,2701.0,2686.0,23.0,0.989,0.013000000000000001,4216.0
813190.0,1.0,1.0,120.0,0.2,1.0,2701.0,2687.0,20.0,0.989,0.013000000000000001,4216.0
813200.0,1.0,1.0,120.0,-0.8,1.0,2701.0,2687.0,20.0,0.993,0.013000000000000001,4225.0
813210.0,1.0,1.0,120.0,-0.4,1.0,2700.0,2686.0,23.0,0.993,0.013000000000000001,4225.0
813220.0,1.0,1.0,120.0,-0.2,1.0,2700.0,2684.0,24.0,0.993,0.013000000000000001,4225.0
813230.0,1.0,1.0,120.0,-0.1,1.0,2700.0,2684.0,25.0,0.993,0.013000000000000001,4225.0
813240.0,1.0,1.0,120.0,0.9,1.0,2700.0,2687.0,21.0,0.993,0.013000000000000001,4225.0
813250.0,1.0,1.0,120.0,0.4,1.0,2700.0,2686.0,20.0,0.997,0.013000000000000001,4223.0
813260.0,1.0,1.0,120.0,0.2,1.0,2702.0,2687.0,19.0,0.997,0.013000000000000001,4223.0
813270.0,1.0,1.0,120.0,-0.8,1.0,2701.0,2687.0,20.0,0.997,0.013000000000000001,4223.0
813280.0,1.0,1.0,120.0,-0.4,1.0,2700.0,2686.0,23.0,0.997,0.013000000000000001,4223.0
813290.0,1.0,1.0,120.0,-0.2,1.0,2700.0,2684.0,25.0,0.997,0.013000000000000001,4223.0
813300.0,1.0,1.0,120.0,0.8,1.0,2699.0,2684.0,26.0,0.998,0.013000000000000001,4793.0
813310.0,1.0,1.0,120.0,0.4,1.0,2700.0,2687.0,23.0,0.998,0.013000000000000001,4793.0
813320.0,1.0,1.0,120.0,0.2,1.0,2700.0,2686.0,22.0,0.998,0.013000000000000001,4793.0
813330.0,1.0,1.0,120.0,0.1,1.0,2702.0,2687.0,20.0,0.998,0.013000000000000001,4793.0
813340.0,1.0,1.0,120.0,-0.9,1.0,2701.0,2685.0,22.0,0.998,0.013000000000000001,4793.0
813350.0,1.0,1.0,120.0,-0.4,1.0,2700.0,2686.0,22.0,0.998,0.013000000000000001,4254.0
813360.0,1.0,1.0,120.0,-0.2,1.0,2701.0,2684.0,25.0,0.998,0.013000000000000001,4254.0
813370.0,1.0,1.0,120.0,0.8,1.0,2701.0,2684.0,25.0,0.998,0.013000000000000001,4254.0
813380.0,1.0,1.0,120.0,0.4,1.0,2700.0,2685.0,23.0,0.998,0.013000000000000001,4254.0
813390.0,1.0,1.0,120.0,0.2,1.0,2702.0,2690.0,19.0,0.998,0.013000000000000001,4254.0
813400.0,1.0,1.0,120.0,-0.8,1.0,2701.0,2687.0,20.0,0.998,0.013000000000000001,4792.0
813410.0,1.0,1.0,120.0,-0.4,1.0,2701.0,2685.0,22.0,0.998,0.013000000000000001,4792.0
813420.0,1.0,1.0,120.0,-0.2,1.0,2700.0,2683.0,23.0,0.998,0.013000000000000001,4792.0
813430.0,1.0,1.0,120.0,-0.1,1.0,2700.0,2686.0,25.0,0.998,0.013000000000000001,4792.0
813440.0,1.0,1.0,120.0,0.9,1.0,2701.0,2685.0,23.0,0.998,0.013000000000000001,4792.0
813450.0,1.0,1.0,120.0,0.4,1.0,2700.0,2684.0,23.0,0.998,0.013000000000000001,4226.0
813460.0,1.0,1.0,120.0,0.2,1.0,2701.0,2688.0,20.0,0.998,0.013000000000000001,4226.0
813470.0,1.0,1.0,120.0,0.1,1.0,2701.0,2687.0,21.0,0.998,0.013000000000000001,4226.0
813480.0,1.0,1.0,120.0,-0.8,1.0,2700.0,2686.0,22.0,0.998,0.013000000000000001,4226.0
813490.0,1.0,1.0,120.0,-0.4,1.0,2701.0,2685.0,23.0,0.998,0.013000000000000001,4226.0
813500.0,1.0,1.0,120.0,-0.2,1.0,2700.0,2683.0,24.0,0.998,0.013000000000000001,4257.0
813510.0,1.0,1.0,120.0,0.8,1.0,2700.0,2687.0,21.0,0.998,0.013000000000000001,4257.0
813520.0,1.0,1.0,120.0,0.4,1.0,2701.0,2685.0,23.0,0.998,0.013000000000000001,4257.0
813530.0,1.0,1.0,120.0,0.2,1.0,2701.0,2686.0,20.0,0.998,0.013000000000000001,4257.0
813540.0,1.0,1.0,120.0,-0.8,1.0,2702.0,2682.0,22.0,0.998,0.013000000000000001,4257.0
813550.0,1.0,1.0,120.0,-0.4,1.0,2699.0,2686.0,23.0,0.998,0.013000000000000001,4254.0
813560.0,1.0,1.0,120.0,-0.2,1.0,2700.0,2684.0,24.0,0.998,0.013000000000000001,4254.0
813570.0,1.0,1.0,120.0,-0.1,1.0,2699.0,2684.0,24.0,0.998,0.013000000000000001,4254.0
813580.0,1.0,1.0,120.0,0.9,1.0,2701.0,2687.0,22.0,0.998,0.013000000000000001,4254.0
813590.0,1.0,1.0,120.0,0.4,1.0,2701.0,2686.0,22.0,0.998,0.013000000000000001,4254.0
813600.0,1.0,1.0,120.0,0.2,1.0,2701.0,2687.0,20.0,0.998,0.013000000000000001,4254.0
813610.0,1.0,1.0,120.0,-0.8,1.0,2700.0,2686.0,23.0,0.998,0.013000000000000001,4254.0
813620.0,1.0,1.0,120.0,-0.4,1.0,2700.0,2686.0,23.0,0.998,0.013000000000000001,4254.0
813630.0,1.0,1.0,120.0,-0.2,1.0,2699.0,2685.0,24.0,0.998,0.013000000000000001,4254.0
813640.0,1.0,1.0,120.0,0.8,1.0,2700.0,2683.0,24.0,0.998,0.013000000000000001,4254.0
813650.0,1.0,1.0,120.0,0.4,1.0,2700.0,2686.0,23.0,0.998,0.013000000000000001,4238.0
813660.0,1.0,1.0,120.0,0.2,1.0,2701.0,2687.0,19.0,0.998,0.013000000000000001,4238.0
813670.0,1.0,1.0,120.0,-0.8,1.0,2700.0,2687.0,21.0,0.998,0.013000000000000001,4238.0
813680.0,1.0,1.0,120.0,-0.4,1.0,2700.0,2687.0,23.0,0.998,0.013000000000000001,4238.0
813690.0,1.0,1.0,120.0,-0.2,1.0,2703.0,2686.0,22.0,0.998,0.013000000000000001,4238.0
813700.0,1.0,1.0,120.0,0.8,1.0,2700.0,2684.0,23.0,0.998,0.013000000000000001,4796.0
813710.0,1.0,1.0,120.0,0.4,1.0,2700.0,2685.0,23.0,0.998,0.013000000000000001,4796.0
813720.0,1.0,1.0,120.0,0.2,1.0,2700.0,2685.0,23.0,0.998,0.013000000000000001,4796.0
813730.0,1.0,1.0,120.0,0.1,1.0,2701.0,2687.0,22.0,0.998,0.013000000000000001,4796.0
813740.0,1.0,1.0,120.0,-0.9,1.0,2700.0,2687.0,21.0,0.998,0.013000000000000001,4796.0
813750.0,1.0,1.0,120.0,-0.4,1.0,2702.0,2686.0,22.0,0.998,0.013000000000000001,4249.0
813760.0,1.0,1.0,120.0,-0.2,1.0,2701.0,2684.0,25.0,0.998,0.013000000000000001,4249.0
813770.0,1.0,1.0,120.0,-0.1,1.0,2700.0,2684.0,24.0,0.998,0.013000000000000001,4249.0
813780.0,1.0,1.0,120.0,0.8,1.0,2700.0,2686.0,22.0,0.998,0.013000000000000001,4249.0
813790.0,1.0,1.0,120.0,0.4,1.0,2700.0,2688.0,20.0,0.998,0.013000000000000001,4249.0
813800.0,1.0,1.0,120.0,-0.7000000000000001,1.0,2700.0,2686.0,21.0,0.998,0.013000000000000001,4792.0
813810.0,1.0,1.0,120.0,-0.30000000000000004,1.0,2701.0,2685.0,22.0,0.998,0.013000000000000001,4792.0
813820.0,1.0,1.0,120.0,-0.2,1.0,2701.0,2686.0,23.0,0.998,0.013000000000000001,4792.0
813830.0,1.0,1.0,120.0,-0.1,1.0,2700.0,2684.0,24.0,0.998,0.013000000000000001,4792.0
813840.0,1.0,1.0,120.0,0.9,1.0,2699.0,2686.0,22.0,0.998,0.013000000000000001,4792.0
813850.0,1.0,1.0,120.0,0.4,1.0,2700.0,2686.0,23.0,0.998,0.013000000000000001,4254.0
813860.0,1.0,1.0,120.0,0.2,1.0,2701.0,2687.0,20.0,0.998,0.013000000000000001,4254.0
813870.0,1.0,1.0,120.0,-0.8,1.0,2700.0,2688.0,20.0,0.998,0.013000000000000001,4254.0
813880.0,1.0,1.0,120.0,-0.4,1.0,2700.0,2686.0,19.0,0.998,0.013000000000000001,4254.0
813890.0,1.0,1.0,120.0,-0.2,1.0,2700.0,2683.0,25.0,0.998,0.013000000000000001,4254.0
813900.0,1.0,1.0,120.0,0.8,1.0,2700.0,2684.0,24.0,0.998,0.013000000000000001,4792.0
813910.0,1.0,1.0,120.0,0.4,1.0,2701.0,2685.0,22.0,0.998,0.013000000000000001,4792.0
813920.0,1.0,1.0,120.0,0.2,1.0,2700.0,2685.0,21.0,0.998,0.013000000000000001,4792.0
813930.0,1.0,1.0,120.0,0.1,1.0,2701.0,2687.0,20.0,0.998,0.013000000000000001,4792.0
813940.0,1.0,1.0,120.0,-0.9,1.0,2701.0,2685.0,23.0,0.998,0.013000000000000001,4792.0
813950.0,1.0,1.0,120.0,-0.4,1.0,2700.0,2686.0,22.0,0.998,0.013000000000000001,4253.0
813960.0,1.0,1.0,120.0,-0.2,1.0,2700.0,2684.0,25.0,0.998,0.013000000000000001,4253.0
813970.0,1.0,1.0,120.0,0.8,1.0,2700.0,2686.0,22.0,0.998,0.013000000000000001,4253.0
813980.0,1.0,1.0,120.0,0.4,1.0,2700.0,2686.0,21.0,0.998,0.013000000000000001,4253.0
813990.0,1.0,1.0,120.0,0.2,1.0,2701.0,2687.0,20.0,0.998,0.013000000000000001,4253.0
814000.0,1.0,1.0,120.0,-0.8,1.0,2700.0,2687.0,22.0,0.998,0.013000000000000001,4248.0
814010.0,1.0,1.0,120.0,-0.4,1.0,2700.0,2686.0,22.0,0.998,0.013000000000000001,4248.0
814020.0,1.0,1.0,120.0,-0.2,1.0,2699.0,2685.0,25.0,0.998,0.013000000000000001,4248.0
814030.0,1.0,1.0,120.0,-0.1,1.0,2700.0,2684.0,24.0,0.998,0.013000000000000001,4248.0
814040.0,1.0,1.0,120.0,0.9,1.0,2701.0,2685.0,22.0,0.998,0.013000000000000001,4248.0
814050.0,1.0,1.0,120.0,0.4,1.0,2700.0,2686.0,21.0,0.998,0.013000000000000001,4233.0
814060.0,1.0,1.0,120.0,0.2,1.0,2702.0,2686.0,20.0,0.998,0.013000000000000001,4233.0
814070.0,1.0,1.0,120.0,-0.8,1.0,2700.0,2685.0,22.0,0.998,0.013000000000000001,4233.0
814080.0,1.0,1.0,120.0,-0.4,1.0,2700.0,2685.0,21.0,0.998,0.013000000000000001,4233.0
814090.0,1.0,1.0,120.0,-0.2,1.0,2700.0,2685.0,24.0,0.998,0.013000000000000001,4233.0
814100.0,1.0,1.0,120.0,0.8,1.0,2701.0,2686.0,22.0,0.998,0.013000000000000001,4254.0
814110.0,1.0,1.0,120.0,0.4,1.0,2700.0,2685.0,21.0,0.998,0.013000000000000001,4254.0
814120.0,1.0,1.0,120.0,0.2,1.0,2701.0,2687.0,20.0,0.998,0.013000000000000001,4254.0
814130.0,1.0,1.0,120.0,-0.8,1.0,2700.0,2687.0,20.0,0.998,0.013000000000000001,4254.0
814140.0,1.0,1.0,120.0,-0.4,1.0,2700.0,2686.0,23.0,0.998,0.013000000000000001,4254.0
814150.0,1.0,1.0,120.0,-0.2,1.0,2699.0,2684.0,24.0,0.998,0.013000000000000001,4243.0
814160.0,1.0,1.0,120.0,-0.1,1.0,2700.0,2684.0,25.0,0.998,0.013000000000000001,4243.0
814170.0,1.0,1.0,120.0,0.9,1.0,2700.0,2686.0,22.0,0.998,0.013000000000000001,4243.0
814180.0,1.0,1.0,120.0,0.4,1.0,2700.0,2686.0,22.0,0.998,0.013000000000000001,4243.0
814190.0,1.0,1.0,120.0,0.2,1.0,2701.0,2688.0,20.0,0.998,0.013000000000000001,4243.0
814200.0,1.0,1.0,120.0,-0.8,1.0,2700.0,2686.0,22.0,0.998,0.013000000000000001,4254.0
814210.0,1.0,1.0,120.0,-0.4,1.0,2700.0,2687.0,22.0,0.998,0.013000000000000001,4254.0
814220.0,1.0,1.0,120.0,-0.2,1.0,2700.0,2685.0,25.0,0.998,0.013000000000000001,4254.0
814230.0,1.0,1.0,120.0,0.8,1.0,2700.0,2683.0,22.0,0.998,0.013000000000000001,4254.0
814240.0,1.0,1.0,120.0,0.4,1.0,2700.0,2686.0,22.0,0.998,0.013000000000000001,4254.0
814250.0,1.0,1.0,120.0,0.2,1.0,2701.0,2687.0,20.0,0.998,0.013000000000000001,4254.0
814260.0,1.0,1.0,120.0,-0.8,1.0,2701.0,2687.0,20.0,0.998,0.013000000000000001,4254.0
814270.0,1.0,1.0,120.0,-0.4,1.0,2700.0,2685.0,22.0,0.998,0.013000000000000001,4254.0
814280.0,1.0,1.0,120.0,-0.2,1.0,2699.0,2685.0,24.0,0.998,0.013000000000000001,4254.0
814290.0,1.0,1.0,120.0,-0.1,1.0,2699.0,2684.0,25.0,0.998,0.013000000000000001,4254.0
814300.0,1.0,1.0,120.0,0.9,1.0,2700.0,2685.0,22.0,0.998,0.013000000000000001,4253.0
814310.0,1.0,1.0,120.0,0.4,1.0,2701.0,2687.0,19.0,0.998,0.013000000000000001,4253.0
814320.0,1.0,1.0,120.0,0.2,1.0,2701.0,2687.0,21.0,0.998,0.013000000000000001,4253.0
814330.0,1.0,1.0,120.0,-0.8,1.0,2700.0,2687.0,22.0,0.998,0.013000000000000001,4253.0
814340.0,1.0,1.0,120.0,-0.4,1.0,2699.0,2686.0,23.0,0.998,0.013000000000000001,4253.0
814350.0,1.0,1.0,120.0,-0.2,1.0,2700.0,2686.0,25.0,0.998,0.013000000000000001,4254.0
814360.0,1.0,1.0,120.0,0.8,1.0,2701.0,2684.0,20.0,0.998,0.013000000000000001,4254.0
814370.0,1.0,1.0,120.0,0.4,1.0,2700.0,2686.0,22.0,0.998,0.013000000000000001,4254.0
814380.0,1.0,1.0,120.0,0.2,1.0,2702.0,2687.0,20.0,0.998,0.013000000000000001,4254.0
814390.0,1.0,1.0,120.0,0.1,1.0,2701.0,2687.0,21.0,0.998,0.013000000000000001,4254.0
814400.0,1.0,1.0,120.0,-0.9,1.0,2700.0,2685.0,22.0,0.998,0.013000000000000001,4243.0
814410.0,1.0,1.0,120.0,-0.4,1.0,2700.0,2686.0,23.0,0.998,0.013000000000000001,4243.0
814420.0,1.0,1.0,120.0,-0.2,1.0,2700.0,2684.0,24.0,0.998,0.013000000000000001,4243.0
814430.0,1.0,1.0,120.0,0.8,1.0,2700.0,2686.0,23.0,0.998,0.013000000000000001,4243.0
814440.0,1.0,1.0,120.0,0.4,1.0,2700.0,2686.0,22.0,0.998,0.013000000000000001,4243.0
814450.0,1.0,1.0,120.0,0.2,1.0,2702.0,2688.0,20.0,0.998,0.013000000000000001,4254.0
814460.0,1.0,1.0,120.0,-0.8,1.0,2700.0,2688.0,20.0,0.998,0.013000000000000001,4254.0
814470.0,1.0,1.0,120.0,-0.4,1.0,2700.0,2686.0,25.0,0.998,0.013000000000000001,4254.0
814480.0,1.0,1.0,120.0,-0.2,1.0,2699.0,2685.0,25.0,0.998,0.013000000000000001,4254.0
814490.0,1.0,1.0,120.0,-0.1,1.0,2699.0,2684.0,24.0,0.998,0.013000000000000001,4254.0
814500.0,1.0,1.0,120.0,0.9,1.0,2701.0,2685.0,22.0,0.998,0.013000000000000001,4247.0
814510.0,1.0,1.0,120.0,0.4,1.0,2700.0,2685.0,22.0,0.998,0.013000000000000001,4247.0
814520.0,1.0,1.0,120.0,0.2,1.0,2700.0,2687.0,20.0,0.998,0.013000000000000001,4247.0
814530.0,1.0,1.0,120.0,-0.8,1.0,2700.0,2685.0,23.0,0.998,0.013000000000000001,4247.0
814540.0,1.0,1.0,120.0,-0.4,1.0,2701.0,2686.0,22.0,0.998,0.013000000000000001,4247.0
814550.0,1.0,1.0,120.0,-0.2,1.0,2700.0,2685.0,25.0,0.998,0.013000000000000001,4245.0
814560.0,1.0,1.0,120.0,0.8,1.0,2700.0,2685.0,25.0,0.998,0.013000000000000001,4245.0
814570.0,1.0,1.0,120.0,0.4,1.0,2700.0,2685.0,19.0,0.998,0.013000000000000001,4245.0
814580.0,1.0,1.0,120.0,0.2,1.0,2701.0,2687.0,22.0,0.998,0.013000000000000001,4245.0
814590.0,1.0,1.0,120.0,0.1,1.0,2700.0,2687.0,20.0,0.998,0.013000000000000001,4245.0
814600.0,1.0,1.0,120.0,-0.9,1.0,2701.0,2686.0,22.0,0.998,0.013000000000000001,4241.0
814610.0,1.0,1.0,120.0,-0.4,1.0,2700.0,2686.0,23.0,0.998,0.013000000000000001,4241.0
814620.0,1.0,1.0,120.0,-0.2,1.0,2699.0,2684.0,25.0,0.998,0.013000000000000001,4241.0
814630.0,1.0,1.0,120.0,0.8,1.0,2701.0,2685.0,22.0,0.998,0.013000000000000001,4241.0
814640.0,1.0,1.0,120.0,0.4,1.0,2700.0,2687.0,22.0,0.998,0.013000000000000001,4241.0
814650.0,1.0,1.0,120.0,0.2,1.0,2700.0,2688.0,21.0,0.998,0.013000000000000001,4247.0
814660.0,1.0,1.0,120.0,-0.8,1.0,2701.0,2687.0,21.0,0.998,0.013000000000000001,4247.0
814670.0,1.0,1.0,120.0,-0.4,1.0,2701.0,2685.0,22.0,0.998,0.013000000000000001,4247.0
814680.0,1.0,1.0,120.0,-0.2,1.0,2701.0,2685.0,22.0,0.998,0.013000000000000001,4247.0
814690.0,1.0,1.0,120.0,-0.1,1.0,2700.0,2683.0,23.0,0.998,0.013000000000000001,4247.0
814700.0,1.0,1.0,120.0,0.9,1.0,2701.0,2686.0,23.0,0.998,0.013000000000000001,4254.0
814710.0,1.0,1.0,120.0,0.4,1.0,2700.0,2689.0,22.0,0.998,0.013000000000000001,4254.0
814720.0,1.0,1.0,120.0,0.2,1.0,2701.0,2687.0,20.0,0.998,0.013000000000000001,4254.0
814730.0,1.0,1.0,120.0,-0.8,1.0,2701.0,2687.0,20.0,0.998,0.013000000000000001,4254.0
814740.0,1.0,1.0,120.0,-0.4,1.0,2701.0,2686.0,22.0,0.998,0.013000000000000001,4254.0
814750.0,1.0,1.0,120.0,-0.2,1.0,2702.0,2684.0,24.0,0.998,0.013000000000000001,4254.0
814760.0,1.0,1.0,120.0,-0.1,1.0,2700.0,2685.0,25.0,0.998,0.013000000000000001,4254.0
814770.0,1.0,1.0,120.0,0.9,1.0,2701.0,2685.0,22.0,0.998,0.013000000000000001,4254.0
814780.0,1.0,1.0,120.0,0.4,1.0,2700.0,2686.0,22.0,0.998,0.013000000000000001,4254.0
814790.0,1.0,1.0,120.0,0.2,1.0,2700.0,2690.0,20.0,0.998,0.013000000000000001,4254.0
814800.0,1.0,1.0,120.0,-0.8,1.0,2700.0,2687.0,20.0,0.998,0.013000000000000001,4257.0
814810.0,1.0,1.0,120.0,-0.4,1.0,2700.0,2685.0,22.0,0.998,0.013000000000000001,4257.0
814820.0,1.0,1.0,120.0,-0.2,1.0,2700.0,2687.0,22.0,0.998,0.013000000000000001,4257.0
814830.0,1.0,1.0,120.0,-0.1,1.0,2701.0,2684.0,24.0,0.998,0.013000000000000001,4257.0
814840.0,1.0,1.0,120.0,0.9,1.0,2699.0,2687.0,22.0,0.998,0.013000000000000001,4257.0
814850.0,1.0,1.0,120.0,0.4,1.0,2700.0,2684.0,22.0,0.998,0.013000000000000001,4243.0
814860.0,1.0,1.0,120.0,0.2,1.0,2701.0,2687.0,20.0,0.998,0.013000000000000001,4243.0
814870.0,1.0,1.0,120.0,-0.8,1.0,2701.0,2685.0,22.0,0.998,0.013000000000000001,4243.0
814880.0,1.0,1.0,120.0,-0.4,1.0,2699.0,2687.0,22.0,0.998,0.013000000000000001,4243.0
814890.0,1.0,1.0,120.0,-0.2,1.0,2699.0,2684.0,24.0,0.998,0.013000000000000001,4243.0
814900.0,1.0,1.0,120.0,0.8,1.0,2701.0,2684.0,25.0,0.998,0.013000000000000001,4253.0
814910.0,1.0,1.0,120.0,0.4,1.0,2701.0,2685.0,22.0,0.998,0.013000000000000001,4253.0
814920.0,1.0,1.0,120.0,0.2,1.0,2700.0,2686.0,20.0,0.998,0.013000000000000001,4253.0
814930.0,1.0,1.0,120.0,0.1,1.0,2701.0,2686.0,22.0,0.998,0.013000000000000001,4253.0
814940.0,1.0,1.0,120.0,-0.9,1.0,2701.0,2686.0,22.0,0.998,0.013000000000000001,4253.0
814950.0,1.0,1.0,120.0,-0.4,1.0,2701.0,2686.0,23.0,0.998,0.013000000000000001,4239.0
814960.0,1.0,1.0,120.0,-0.2,1.0,2701.0,2684.0,24.0,0.998,0.013000000000000001,4239.0
814970.0,1.0,1.0,120.0,0.8,1.0,2699.0,2685.0,24.0,0.998,0.013000000000000001,4239.0
814980.0,1.0,1.0,120.0,0.4,1.0,2700.0,2686.0,17.0,0.998,0.013000000000000001,4239.0
814990.0,1.0,1.0,120.0,0.2,1.0,2700.0,2688.0,20.0,0.998,0.013000000000000001,4239.0
815000.0,1.0,1.0,120.0,-0.8,1.0,2700.0,2688.0,20.0,0.998,0.013000000000000001,4258.0
815010.0,1.0,1.0,120.0,-0.4,1.0,2700.0,2685.0,22.0,0.998,0.013000000000000001,4258.0
815020.0,1.0,1.0,120.0,-0.2,1.0,2700.0,2686.0,22.0,0.998,0.013000000000000001,4258.0
815030.0,1.0,1.0,120.0,-0.1,1.0,2701.0,2684.0,24.0,0.998,0.013000000000000001,4258.0
815040.0,1.0,1.0,120.0,0.9,1.0,2700.0,2685.0,21.0,0.998,0.013000000000000001,4258.0
815050.0,1.0,1.0,120.0,0.4,1.0,2699.0,2686.0,22.0,0.998,0.013000000000000001,4239.0
815060.0,1.0,1.0,120.0,0.2,1.0,2701.0,2686.0,21.0,0.998,0.013000000000000001,4239.0
815070.0,1.0,1.0,120.0,-0.8,1.0,2699.0,2687.0,22.0,0.998,0.013000000000000001,4239.0
815080.0,1.0,1.0,120.0,-0.4,1.0,2701.0,2686.0,22.0,0.998,0.013000000000000001,4239.0
815090.0,1.0,1.0,120.0,-0.2,1.0,2700.0,2684.0,25.0,0.998,0.013000000000000001,4239.0
815100.0,1.0,1.0,120.0,0.8,1.0,2700.0,2684.0,25.0,0.998,0.013000000000000001,4245.0
815110.0,1.0,1.0,120.0,0.4,1.0,2700.0,2685.0,23.0,0.998,0.013000000000000001,4245.0
815120.0,1.0,1.0,120.0,0.2,1.0,2700.0,2687.0,22.0,0.998,0.013000000000000001,4245.0
815130.0,1.0,1.0,120.0,0.1,1.0,2701.0,2688.0,20.0,0.998,0.013000000000000001,4245.0
815140.0,1.0,1.0,120.0,-0.9,1.0,2700.0,2686.0,23.0,0.998,0.013000000000000001,4245.0
815150.0,1.0,1.0,120.0,-0.4,1.0,2701.0,2686.0,22.0,0.998,0.013000000000000001,4254.0
815160.0,1.0,1.0,120.0,-0.2,1.0,2700.0,2684.0,24.0,0.998,0.013000000000000001,4254.0
815170.0,1.0,1.0,120.0,0.8,1.0,2699.0,2685.0,22.0,0.998,0.013000000000000001,4254.0
815180.0,1.0,1.0,120.0,0.4,1.0,2701.0,2685.0,21.0,0.998,0.013000000000000001,4254.0
815190.0,1.0,1.0,120.0,0.2,1.0,2701.0,2689.0,20.0,0.998,0.013000000000000001,4254.0
815200.0,1.0,1.0,120.0,-0.8,1.0,2700.0,2687.0,20.0,0.998,0.013000000000000001,4257.0
815210.0,1.0,1.0,120.0,-0.4,1.0,2700.0,2687.0,23.0,0.998,0.013000000000000001,4257.0
815220.0,1.0,1.0,120.0,-0.2,1.0,2700.0,2684.0,24.0,0.998,0.013000000000000001,4257.0
815230.0,1.0,1.0,120.0,-0.1,1.0,2700.0,2684.0,24.0,0.998,0.013000000000000001,4257.0
815240.0,1.0,1.0,120.0,0.9,1.0,2702.0,2686.0,22.0,0.998,0.013000000000000001,4257.0
815250.0,1.0,1.0,120.0,0.4,1.0,2701.0,2685.0,23.0,0.998,0.013000000000000001,4243.0
815260.0,1.0,1.0,120.0,0.2,1.0,2700.0,2688.0,20.0,0.998,0.013000000000000001,4243.0
815270.0,1.0,1.0,120.0,-0.8,1.0,2701.0,2687.0,20.0,0.998,0.013000000000000001,4243.0
815280.0,1.0,1.0,120.0,-0.4,1.0,2700.0,2686.0,23.0,0.998,0.013000000000000001,4243.0
815290.0,1.0,1.0,120.0,-0.2,1.0,2701.0,2685.0,24.0,0.998,0.013000000000000001,4243.0
815300.0,1.0,1.0,120.0,0.8,1.0,2701.0,2684.0,24.0,0.998,0.013000000000000001,4248.0
815310.0,1.0,1.0,120.0,0.4,1.0,2700.0,2687.0,21.0,0.998,0.013000000000000001,4248.0
815320.0,1.0,1.0,120.0,0.2,1.0,2700.0,2686.0,20.0,0.998,0.013000000000000001,4248.0
815330.0,1.0,1.0,120.0,0.1,1.0,2701.0,2687.0,21.0,0.998,0.013000000000000001,4248.0
815340.0,1.0,1.0,120.0,-0.9,1.0,2700.0,2686.0,23.0,0.998,0.013000000000000001,4248.0
815350.0,1.0,1.0,120.0,-0.4,1.0,2700.0,2687.0,22.0,0.998,0.013000000000000001,4243.0
815360.0,1.0,1.0,120.0,-0.2,1.0,2701.0,2684.0,24.0,0.998,0.013000000000000001,4243.0
815370.0,1.0,1.0,120.0,0.8,1.0,2700.0,2686.0,23.0,0.998,0.013000000000000001,4243.0
815380.0,1.0,1.0,120.0,0.4,1.0,2701.0,2685.0,23.0,0.998,0.013000000000000001,4243.0
815390.0,1.0,1.0,120.0,0.2,1.0,2698.0,2687.0,21.0,0.998,0.013000000000000001,4243.0
815400.0,1.0,1.0,120.0,-0.8,1.0,2701.0,2687.0,21.0,0.998,0.013000000000000001,4243.0
815410.0,1.0,1.0,120.0,-0.4,1.0,2699.0,2685.0,22.0,0.998,0.013000000000000001,4243.0
815420.0,1.0,1.0,120.0,-0.2,1.0,2700.0,2684.0,24.0,0.998,0.013000000000000001,4243.0
815430.0,1.0,1.0,120.0,-0.1,1.0,2700.0,2684.0,25.0,0.998,0.013000000000000001,4243.0
815440.0,1.0,1.0,120.0,0.9,1.0,2699.0,2686.0,22.0,0.998,0.013000000000000001,4243.0
815450.0,1.0,1.0,120.0,0.4,1.0,2701.0,2687.0,22.0,0.998,0.013000000000000001,4253.0
815460.0,1.0,1.0,120.0,0.2,1.0,2700.0,2688.0,20.0,0.998,0.013000000000000001,4253.0
815470.0,1.0,1.0,120.0,-0.8,1.0,2700.0,2687.0,25.0,0.998,0.013000000000000001,4253.0
815480.0,1.0,1.0,120.0,-0.4,1.0,2700.0,2686.0,23.0,0.998,0.013000000000000001,4253.0
815490.0,1.0,1.0,120.0,-0.2,1.0,2702.0,2683.0,25.0,0.998,0.013000000000000001,4253.0
815500.0,1.0,1.0,120.0,0.8,1.0,2701.0,2686.0,23.0,0.998,0.013000000000000001,4257.0
815510.0,1.0,1.0,120.0,0.4,1.0,2700.0,2686.0,22.0,0.998,0.013000000000000001,4257.0
815520.0,1.0,1.0,120.0,0.2,1.0,2700.0,2688.0,20.0,0.998,0.013000000000000001,4257.0
815530.0,1.0,1.0,120.0,-0.8,1.0,2701.0,2687.0,20.0,0.998,0.013000000000000001,4257.0
815540.0,1.0,1.0,120.0,-0.4,1.0,2703.0,2685.0,24.0,0.998,0.013000000000000001,4257.0
815550.0,1.0,1.0,120.0,-0.2,1.0,2700.0,2685.0,25.0,0.998,0.013000000000000001,4254.0
815560.0,1.0,1.0,120.0,0.8,1.0,2699.0,2685.0,24.0,0.998,0.013000000000000001,4254.0
815570.0,1.0,1.0,120.0,0.4,1.0,2699.0,2686.0,22.0,0.998,0.013000000000000001,4254.0
815580.0,1.0,1.0,120.0,0.2,1.0,2700.0,2686.0,22.0,0.998,0.013000000000000001,4254.0
815590.0,1.0,1.0,120.0,0.1,1.0,2701.0,2687.0,19.0,0.998,0.013000000000000001,4254.0
815600.0,1.0,1.0,120.0,-0.9,1.0,2700.0,2686.0,22.0,0.998,0.013000000000000001,4253.0
815610.0,1.0,1.0,120.0,-0.4,1.0,2701.0,2685.0,23.0,0.998,0.013000000000000001,4253.0
815620.0,1.0,1.0,120.0,-0.2,1.0,2700.0,2684.0,25.0,0.998,0.013000000000000001,4253.0
815630.0,1.0,1.0,120.0,0.8,1.0,2700.0,2687.0,22.0,0.998,0.013000000000000001,4253.0
815640.0,1.0,1.0,120.0,0.4,1.0,2700.0,2686.0,22.0,0.998,0.013000000000000001,4253.0
815650.0,1.0,1.0,120.0,0.2,1.0,2702.0,2687.0,20.0,0.998,0.013000000000000001,4241.0
815660.0,1.0,1.0,120.0,-0.8,1.0,2702.0,2686.0,20.0,0.998,0.013000000000000001,4241.0
815670.0,1.0,1.0,120.0,-0.4,1.0,2701.0,2686.0,22.0,0.998,0.013000000000000001,4241.0
815680.0,1.0,1.0,120.0,-0.2,1.0,2700.0,2685.0,26.0,0.998,0.013000000000000001,4241.0
815690.0,1.0,1.0,120.0,-0.1,1.0,2701.0,2685.0,25.0,0.998,0.013000000000000001,4241.0
815700.0,1.0,1.0,120.0,0.9,1.0,2700.0,2686.0,23.0,0.998,0.013000000000000001,4257.0
815710.0,1.0,1.0,120.0,0.4,1.0,2701.0,2687.0,20.0,0.998,0.013000000000000001,4257.0
815720.0,1.0,1.0,120.0,0.2,1.0,2701.0,2687.0,20.0,0.998,0.013000000000000001,4257.0
815730.0,1.0,1.0,120.0,-0.8,1.0,2699.0,2687.0,22.0,0.998,0.013000000000000001,4257.0
815740.0,1.0,1.0,120.0,-0.4,1.0,2701.0,2685.0,24.0,0.998,0.013000000000000001,4257.0
815750.0,1.0,1.0,120.0,0.7000000000000001,1.0,2700.0,2684.0,24.0,0.998,0.013000000000000001,4807.0
815760.0,1.0,1.0,120.0,0.4,1.0,2700.0,2686.0,22.0,0.998,0.013000000000000001,4807.0
815770.0,1.0,1.0,120.0,0.2,1.0,2702.0,2685.0,23.0,0.998,0.013000000000000001,4807.0
815780.0,1.0,1.0,120.0,0.1,1.0,2702.0,2687.0,21.0,0.998,0.013000000000000001,4807.0
815790.0,1.0,1.0,120.0,-0.9,1.0,2701.0,2686.0,23.0,0.998,0.013000000000000001,4807.0
815800.0,1.0,1.0,120.0,-0.4,1.0,2701.0,2684.0,22.0,0.998,0.013000000000000001,4243.0
815810.0,1.0,1.0,120.0,-0.2,1.0,2700.0,2686.0,24.0,0.998,0.013000000000000001,4243.0
815820.0,1.0,1.0,120.0,0.8,1.0,2701.0,2684.0,25.0,0.998,0.013000000000000001,4243.0
815830.0,1.0,1.0,120.0,0.4,1.0,2699.0,2687.0,23.0,0.998,0.013000000000000001,4243.0
815840.0,1.0,1.0,120.0,0.2,1.0,2701.0,2688.0,20.0,0.998,0.013000000000000001,4243.0
815850.0,1.0,1.0,120.0,-0.8,1.0,2701.0,2686.0,18.0,0.998,0.013000000000000001,4244.0
815860.0,1.0,1.0,120.0,-0.4,1.0,2700.0,2686.0,22.0,0.998,0.013000000000000001,4244.0
815870.0,1.0,1.0,120.0,-0.2,1.0,2699.0,2684.0,25.0,0.998,0.013000000000000001,4244.0
815880.0,1.0,1.0,120.0,0.8,1.0,2699.0,2686.0,24.0,0.998,0.013000000000000001,4244.0
815890.0,1.0,1.0,120.0,0.4,1.0,2701.0,2684.0,23.0,0.998,0.013000000000000001,4244.0
815900.0,1.0,1.0,120.0,0.2,1.0,2701.0,2685.0,23.0,0.998,0.013000000000000001,4254.0
815910.0,1.0,1.0,120.0,0.1,1.0,2701.0,2688.0,20.0,0.998,0.013000000000000001,4254.0
815920.0,1.0,1.0,120.0,-0.9,1.0,2701.0,2687.0,22.0,0.998,0.013000000000000001,4254.0
815930.0,1.0,1.0,120.0,-0.4,1.0,2701.0,2685.0,23.0,0.998,0.013000000000000001,4254.0
815940.0,1.0,1.0,120.0,-0.2,1.0,2700.0,2685.0,24.0,0.998,0.013000000000000001,4254.0
815950.0,1.0,1.0,120.0,0.8,1.0,2701.0,2685.0,23.0,0.998,0.013000000000000001,4248.0
815960.0,1.0,1.0,120.0,0.4,1.0,2701.0,2685.0,22.0,0.998,0.013000000000000001,4248.0
815970.0,1.0,1.0,120.0,0.2,1.0,2701.0,2687.0,20.0,0.998,0.013000000000000001,4248.0
815980.0,1.0,1.0,120.0,-0.8,1.0,2701.0,2688.0,20.0,0.998,0.013000000000000001,4248.0
815990.0,1.0,1.0,120.0,-0.4,1.0,2700.0,2686.0,22.0,0.998,0.013000000000000001,4248.0
816000.0,1.0,1.0,120.0,-0.2,1.0,2698.0,2685.0,25.0,0.998,0.013000000000000001,4254.0
816010.0,1.0,1.0,120.0,-0.1,1.0,2700.0,2685.0,25.0,0.998,0.013000000000000001,4254.0
816020.0,1.0,1.0,120.0,0.9,1.0,2700.0,2687.0,22.0,0.998,0.013000000000000001,4254.0
816030.0,1.0,1.0,120.0,0.4,1.0,2701.0,2687.0,20.0,0.998,0.013000000000000001,4254.0
816040.0,1.0,1.0,120.0,0.2,1.0,2702.0,2687.0,20.0,0.998,0.013000000000000001,4254.0
816050.0,1.0,1.0,120.0,-0.8,1.0,2701.0,2684.0,22.0,0.998,0.013000000000000001,4243.0
816060.0,1.0,1.0,120.0,-0.4,1.0,2702.0,2685.0,22.0,0.998,0.013000000000000001,4243.0
816070.0,1.0,1.0,120.0,-0.2,1.0,2700.0,2684.0,25.0,0.998,0.013000000000000001,4243.0
816080.0,1.0,1.0,120.0,0.8,1.0,2700.0,2686.0,23.0,0.998,0.013000000000000001,4243.0
816090.0,1.0,1.0,120.0,0.4,1.0,2700.0,2685.0,23.0,0.998,0.013000000000000001,4243.0
816100.0,1.0,1.0,120.0,0.2,1.0,2702.0,2687.0,20.0,0.998,0.013000000000000001,4244.0
816110.0,1.0,1.0,120.0,-0.8,1.0,2699.0,2687.0,22.0,0.998,0.013000000000000001,4244.0
816120.0,1.0,1.0,120.0,-0.4,1.0,2700.0,2687.0,23.0,0.998,0.013000000000000001,4244.0
816130.0,1.0,1.0,120.0,-0.2,1.0,2699.0,2685.0,24.0,0.998,0.013000000000000001,4244.0
816140.0,1.0,1.0,120.0,0.8,1.0,2700.0,2684.0,24.0,0.998,0.013000000000000001,4244.0
816150.0,1.0,1.0,120.0,0.4,1.0,2700.0,2686.0,22.0,0.998,0.013000000000000001,4253.0
816160.0,1.0,1.0,120.0,0.2,1.0,2702.0,2688.0,20.0,0.998,0.013000000000000001,4253.0
816170.0,1.0,1.0,120.0,-0.8,1.0,2701.0,2690.0,23.0,0.998,0.013000000000000001,4253.0
816180.0,1.0,1.0,120.0,-0.4,1.0,2700.0,2686.0,22.0,0.998,0.013000000000000001,4253.0
816190.0,1.0,1.0,120.0,-0.2,1.0,2700.0,2684.0,25.0,0.998,0.013000000000000001,4253.0
816200.0,1.0,1.0,120.0,0.8,1.0,2700.0,2684.0,25.0,0.998,0.013000000000000001,4247.0
816210.0,1.0,1.0,120.0,0.4,1.0,2701.0,2685.0,22.0,0.998,0.013000000000000001,4247.0
816220.0,1.0,1.0,120.0,0.2,1.0,2701.0,2687.0,20.0,0.998,0.013000000000000001,4247.0
816230.0,1.0,1.0,120.0,0.1,1.0,2701.0,2687.0,20.0,0.998,0.013000000000000001,4247.0
816240.0,1.0,1.0,120.0,-0.9,1.0,2700.0,2686.0,22.0,0.998,0.013000000000000001,4247.0
816250.0,1.0,1.0,120.0,-0.4,1.0,2701.0,2685.0,22.0,0.998,0.013000000000000001,4244.0
816260.0,1.0,1.0,120.0,-0.2,1.0,2700.0,2684.0,25.0,0.998,0.013000000000000001,4244.0
816270.0,1.0,1.0,120.0,0.8,1.0,2700.0,2686.0,22.0,0.998,0.013000000000000001,4244.0
816280.0,1.0,1.0,120.0,0.4,1.0,2701.0,2685.0,22.0,0.998,0.013000000000000001,4244.0
816290.0,1.0,1.0,120.0,0.2,1.0,2701.0,2687.0,20.0,0.998,0.013000000000000001,4244.0
816300.0,1.0,1.0,120.0,-0.8,1.0,2701.0,2685.0,22.0,0.998,0.013000000000000001,4253.0
816310.0,1.0,1.0,120.0,-0.4,1.0,2702.0,2686.0,22.0,0.998,0.013000000000000001,4253.0
816320.0,1.0,1.0,120.0,-0.2,1.0,2701.0,2684.0,25.0,0.998,0.013000000000000001,4253.0
816330.0,1.0,1.0,120.0,0.8,1.0,2701.0,2685.0,22.0,0.998,0.013000000000000001,4253.0
816340.0,1.0,1.0,120.0,0.4,1.0,2701.0,2685.0,23.0,0.998,0.013000000000000001,4253.0
816350.0,1.0,1.0,120.0,0.2,1.0,2701.0,2686.0,20.0,0.998,0.013000000000000001,4238.0
816360.0,1.0,1.0,120.0,-0.8,1.0,2701.0,2687.0,22.0,0.998,0.013000000000000001,4238.0
816370.0,1.0,1.0,120.0,-0.4,1.0,2701.0,2686.0,22.0,0.998,0.013000000000000001,4238.0
816380.0,1.0,1.0,120.0,-0.2,1.0,2700.0,2684.0,24.0,0.998,0.013000000000000001,4238.0
816390.0,1.0,1.0,120.0,-0.1,1.0,2700.0,2685.0,24.0,0.998,0.013000000000000001,4238.0
816400.0,1.0,1.0,120.0,0.9,1.0,2700.0,2686.0,22.0,0.998,0.013000000000000001,4246.0
816410.0,1.0,1.0,120.0,0.4,1.0,2700.0,2686.0,22.0,0.998,0.013000000000000001,4246.0
816420.0,1.0,1.0,120.0,0.2,1.0,2701.0,2687.0,21.0,0.998,0.013000000000000001,4246.0
816430.0,1.0,1.0,120.0,-0.8,1.0,2700.0,2687.0,22.0,0.998,0.013000000000000001,4246.0
816440.0,1.0,1.0,120.0,-0.4,1.0,2701.0,2686.0,22.0,0.998,0.013000000000000001,4246.0
816450.0,1.0,1.0,120.0,-0.2,1.0,2699.0,2685.0,24.0,0.998,0.013000000000000001,4254.0
816460.0,1.0,1.0,120.0,0.8,1.0,2702.0,2685.0,22.0,0.998,0.013000000000000001,4254.0
816470.0,1.0,1.0,120.0,0.4,1.0,2701.0,2686.0,22.0,0.998,0.013000000000000001,4254.0
816480.0,1.0,1.0,120.0,0.2,1.0,2701.0,2687.0,21.0,0.998,0.013000000000000001,4254.0
816490.0,1.0,1.0,120.0,-0.8,1.0,2701.0,2686.0,22.0,0.998,0.013000000000000001,4254.0
816500.0,1.0,1.0,120.0,-0.4,1.0,2701.0,2685.0,17.0,0.998,0.013000000000000001,4254.0
816510.0,1.0,1.0,120.0,-0.2,1.0,2700.0,2684.0,25.0,0.998,0.013000000000000001,4254.0
816520.0,1.0,1.0,120.0,0.8,1.0,2699.0,2684.0,24.0,0.998,0.013000000000000001,4254.0
816530.0,1.0,1.0,120.0,0.4,1.0,2700.0,2687.0,23.0,0.998,0.013000000000000001,4254.0
816540.0,1.0,1.0,120.0,0.2,1.0,2702.0,2687.0,20.0,0.998,0.013000000000000001,4254.0
816550.0,1.0,1.0,120.0,-0.8,1.0,2702.0,2688.0,20.0,0.998,0.013000000000000001,4247.0
816560.0,1.0,1.0,120.0,-0.4,1.0,2701.0,2685.0,23.0,0.998,0.013000000000000001,4247.0
816570.0,1.0,1.0,120.0,-0.2,1.0,2700.0,2686.0,21.0,0.998,0.013000000000000001,4247.0
816580.0,1.0,1.0,120.0,-0.1,1.0,2700.0,2684.0,24.0,0.998,0.013000000000000001,4247.0
816590.0,1.0,1.0,120.0,0.9,1.0,2701.0,2686.0,17.0,0.998,0.013000000000000001,4247.0
816600.0,1.0,1.0,120.0,0.4,1.0,2700.0,2686.0,22.0,0.998,0.013000000000000001,4243.0
816610.0,1.0,1.0,120.0,0.2,1.0,2701.0,2686.0,20.0,0.998,0.013000000000000001,4243.0
816620.0,1.0,1.0,120.0,-0.8,1.0,2700.0,2686.0,17.0,0.998,0.013000000000000001,4243.0
816630.0,1.0,1.0,120.0,-0.4,1.0,2700.0,2686.0,24.0,0.998,0.013000000000000001,4243.0
816640.0,1.0,1.0,120.0,-0.2,1.0,2700.0,2685.0,24.0,0.998,0.013000000000000001,4243.0
816650.0,1.0,1.0,120.0,0.8,1.0,2700.0,2686.0,23.0,0.998,0.013000000000000001,4254.0
816660.0,1.0,1.0,120.0,0.4,1.0,2701.0,2685.0,23.0,0.998,0.013000000000000001,4254.0
816670.0,1.0,1.0,120.0,0.2,1.0,2702.0,2687.0,20.0,0.998,0.013000000000000001,4254.0
816680.0,1.0,1.0,120.0,-0.8,1.0,2700.0,2686.0,22.0,0.998,0.013000000000000001,4254.0
816690.0,1.0,1.0,120.0,-0.4,1.0,2701.0,2687.0,23.0,0.998,0.013000000000000001,4254.0
816700.0,1.0,1.0,120.0,-0.2,1.0,2701.0,2684.0,24.0,0.998,0.013000000000000001,4248.0
816710.0,1.0,1.0,120.0,0.8,1.0,2700.0,2685.0,25.0,0.998,0.013000000000000001,4248.0
816720.0,1.0,1.0,120.0,0.4,1.0,2701.0,2685.0,23.0,0.998,0.013000000000000001,4248.0
816730.0,1.0,1.0,120.0,0.2,1.0,2702.0,2687.0,20.0,0.998,0.013000000000000001,4248.0
816740.0,1.0,1.0,120.0,-0.8,1.0,2700.0,2687.0,20.0,0.998,0.013000000000000001,4248.0
816750.0,1.0,1.0,120.0,-0.4,1.0,2701.0,2686.0,22.0,0.998,0.013000000000000001,4242.0
816760.0,1.0,1.0,120.0,-0.2,1.0,2700.0,2684.0,24.0,0.998,0.013000000000000001,4242.0
816770.0,1.0,1.0,120.0,-0.1,1.0,2700.0,2685.0,22.0,0.998,0.013000000000000001,4242.0
816780.0,1.0,1.0,120.0,0.9,1.0,2701.0,2686.0,23.0,0.998,0.013000000000000001,4242.0
816790.0,1.0,1.0,120.0,0.4,1.0,2702.0,2687.0,19.0,0.998,0.013000000000000001,4242.0
816800.0,1.0,1.0,120.0,-0.7000000000000001,1.0,2701.0,2688.0,21.0,0.998,0.013000000000000001,4792.0
816810.0,1.0,1.0,120.0,-0.30000000000000004,1.0,2700.0,2686.0,22.0,0.998,0.013000000000000001,4792.0
816820.0,1.0,1.0,120.0,-0.2,1.0,2700.0,2686.0,21.0,0.998,0.013000000000000001,4792.0
816830.0,1.0,1.0,120.0,-0.1,1.0,2700.0,2685.0,19.0,0.998,0.013000000000000001,4792.0
816840.0,1.0,1.0,120.0,0.9,1.0,2700.0,2685.0,22.0,0.998,0.013000000000000001,4792.0
816850.0,1.0,1.0,120.0,0.4,1.0,2701.0,2685.0,22.0,0.998,0.013000000000000001,4240.0
816860.0,1.0,1.0,120.0,0.2,1.0,2700.0,2686.0,21.0,0.998,0.013000000000000001,4240.0
816870.0,1.0,1.0,120.0,-0.8,1.0,2700.0,2686.0,22.0,0.998,0.013000000000000001,4240.0
816880.0,1.0,1.0,120.0,-0.4,1.0,2701.0,2686.0,22.0,0.998,0.013000000000000001,4240.0
816890.0,1.0,1.0,120.0,-0.2,1.0,2700.0,2687.0,24.0,0.998,0.013000000000000001,4240.0
816900.0,1.0,1.0,120.0,0.8,1.0,2700.0,2685.0,22.0,0.998,0.013000000000000001,4245.0
816910.0,1.0,1.0,120.0,0.4,1.0,2700.0,2685.0,22.0,0.998,0.013000000000000001,4245.0
816920.0,1.0,1.0,120.0,0.2,1.0,2701.0,2688.0,20.0,0.998,0.013000000000000001,4245.0
816930.0,1.0,1.0,120.0,-0.8,1.0,2701.0,2686.0,23.0,0.998,0.013000000000000001,4245.0
816940.0,1.0,1.0,120.0,-0.4,1.0,2700.0,2686.0,23.0,0.998,0.013000000000000001,4245.0
816950.0,1.0,1.0,120.0,-0.2,1.0,2700.0,2684.0,24.0,0.998,0.013000000000000001,4248.0
816960.0,1.0,1.0,120.0,0.8,1.0,2700.0,2686.0,22.0,0.998,0.013000000000000001,4248.0
816970.0,1.0,1.0,120.0,0.4,1.0,2699.0,2686.0,23.0,0.998,0.013000000000000001,4248.0
816980.0,1.0,1.0,120.0,0.2,1.0,2701.0,2687.0,19.0,0.998,0.013000000000000001,4248.0
816990.0,1.0,1.0,120.0,-0.8,1.0,2700.0,2686.0,23.0,0.998,0.013000000000000001,4248.0
817000.0,1.0,1.0,120.0,-0.4,1.0,2701.0,2686.0,23.0,0.998,0.013000000000000001,4243.0
817010.0,1.0,1.0,120.0,-0.2,1.0,2701.0,2683.0,25.0,0.998,0.013000000000000001,4243.0
817020.0,1.0,1.0,120.0,0.8,1.0,2701.0,2685.0,23.0,0.998,0.013000000000000001,4243.0
817030.0,1.0,1.0,120.0,0.4,1.0,2701.0,2685.0,24.0,0.998,0.013000000000000001,4243.0
817040.0,1.0,1.0,120.0,0.2,1.0,2702.0,2688.0,20.0,0.998,0.013000000000000001,4243.0
817050.0,1.0,1.0,120.0,-0.8,1.0,2699.0,2686.0,23.0,0.998,0.013000000000000001,4231.0
817060.0,1.0,1.0,120.0,-0.4,1.0,2701.0,2686.0,22.0,0.998,0.013000000000000001,4231.0
817070.0,1.0,1.0,120.0,-0.2,1.0,2700.0,2686.0,25.0,0.998,0.013000000000000001,4231.0
817080.0,1.0,1.0,120.0,0.8,1.0,2700.0,2684.0,24.0,0.998,0.013000000000000001,4231.0
817090.0,1.0,1.0,120.0,0.4,1.0,2700.0,2686.0,23.0,0.998,0.013000000000000001,4231.0
817100.0,1.0,1.0,120.0,0.2,1.0,2702.0,2687.0,20.0,0.998,0.013000000000000001,4246.0
817110.0,1.0,1.0,120.0,-0.8,1.0,2702.0,2688.0,20.0,0.998,0.013000000000000001,4246.0
817120.0,1.0,1.0,120.0,-0.4,1.0,2700.0,2683.0,23.0,0.998,0.013000000000000001,4246.0
817130.0,1.0,1.0,120.0,-0.2,1.0,2699.0,2685.0,25.0,0.998,0.013000000000000001,4246.0
817140.0,1.0,1.0,120.0,0.8,1.0,2700.0,2685.0,25.0,0.998,0.013000000000000001,4246.0
817150.0,1.0,1.0,120.0,0.4,1.0,2700.0,2686.0,23.0,0.998,0.013000000000000001,4246.0
817160.0,1.0,1.0,120.0,0.2,1.0,2701.0,2687.0,20.0,0.998,0.013000000000000001,4246.0
817170.0,1.0,1.0,120.0,-0.8,1.0,2701.0,2688.0,16.0,0.998,0.013000000000000001,4246.0
817180.0,1.0,1.0,120.0,-0.4,1.0,2701.0,2687.0,22.0,0.998,0.013000000000000001,4246.0
817190.0,1.0,1.0,120.0,-0.2,1.0,2699.0,2686.0,24.0,0.998,0.013000000000000001,4246.0
817200.0,1.0,1.0,120.0,0.8,1.0,2701.0,2685.0,24.0,0.998,0.013000000000000001,4259.0
817210.0,1.0,1.0,120.0,0.4,1.0,2701.0,2686.0,22.0,0.998,0.013000000000000001,4259.0
817220.0,1.0,1.0,120.0,0.2,1.0,2700.0,2687.0,20.0,0.998,0.013000000000000001,4259.0
817230.0,1.0,1.0,120.0,0.1,1.0,2701.0,2687.0,18.0,0.998,0.013000000000000001,4259.0
817240.0,1.0,1.0,120.0,-0.9,1.0,2701.0,2685.0,23.0,0.998,0.013000000000000001,4259.0
817250.0,1.0,1.0,120.0,-0.4,1.0,2700.0,2686.0,22.0,0.998,0.013000000000000001,4243.0
817260.0,1.0,1.0,120.0,-0.2,1.0,2700.0,2684.0,25.0,0.998,0.013000000000000001,4243.0
817270.0,1.0,1.0,120.0,0.8,1.0,2701.0,2686.0,22.0,0.998,0.013000000000000001,4243.0
817280.0,1.0,1.0,120.0,0.4,1.0,2701.0,2686.0,23.0,0.998,0.013000000000000001,4243.0
817290.0,1.0,1.0,120.0,0.2,1.0,2700.0,2688.0,20.0,0.998,0.013000000000000001,4243.0
817300.0,1.0,1.0,120.0,-0.8,1.0,2700.0,2686.0,22.0,0.998,0.013000000000000001,4253.0
817310.0,1.0,1.0,120.0,-0.4,1.0,2700.0,2687.0,23.0,0.998,0.013000000000000001,4253.0
817320.0,1.0,1.0,120.0,-0.2,1.0,2701.0,2684.0,24.0,0.998,0.013000000000000001,4253.0
817330.0,1.0,1.0,120.0,0.8,1.0,2701.0,2686.0,22.0,0.998,0.013000000000000001,4253.0
817340.0,1.0,1.0,120.0,0.4,1.0,2701.0,2686.0,22.0,0.998,0.013000000000000001,4253.0
817350.0,1.0,1.0,120.0,0.2,1.0,2701.0,2688.0,21.0,0.998,0.013000000000000001,4243.0
817360.0,1.0,1.0,120.0,-0.8,1.0,2700.0,2687.0,22.0,0.998,0.013000000000000001,4243.0
817370.0,1.0,1.0,120.0,-0.4,1.0,2701.0,2685.0,22.0,0.998,0.013000000000000001,4243.0
817380.0,1.0,1.0,120.0,-0.2,1.0,2700.0,2685.0,25.0,0.998,0.013000000000000001,4243.0
817390.0,1.0,1.0,120.0,0.8,1.0,2701.0,2687.0,22.0,0.998,0.013000000000000001,4243.0
817400.0,1.0,1.0,120.0,0.4,1.0,2700.0,2687.0,22.0,0.998,0.013000000000000001,4245.0
817410.0,1.0,1.0,120.0,0.2,1.0,2701.0,2687.0,20.0,0.998,0.013000000000000001,4245.0
817420.0,1.0,1.0,120.0,-0.8,1.0,2700.0,2686.0,22.0,0.998,0.013000000000000001,4245.0
817430.0,1.0,1.0,120.0,-0.4,1.0,2701.0,2686.0,22.0,0.998,0.013000000000000001,4245.0
817440.0,1.0,1.0,120.0,-0.2,1.0,2699.0,2685.0,23.0,0.998,0.013000000000000001,4245.0
817450.0,1.0,1.0,120.0,0.8,1.0,2700.0,2684.0,25.0,0.998,0.013000000000000001,4245.0
817460.0,1.0,1.0,120.0,0.4,1.0,2700.0,2685.0,22.0,0.998,0.013000000000000001,4245.0
817470.0,1.0,1.0,120.0,0.2,1.0,2701.0,2688.0,20.0,0.998,0.013000000000000001,4245.0
817480.0,1.0,1.0,120.0,-0.8,1.0,2701.0,2688.0,21.0,0.998,0.013000000000000001,4245.0
817490.0,1.0,1.0,120.0,-0.4,1.0,2701.0,2687.0,23.0,0.998,0.013000000000000001,4245.0
817500.0,1.0,1.0,120.0,-0.2,1.0,2700.0,2684.0,24.0,0.998,0.013000000000000001,4239.0
817510.0,1.0,1.0,120.0,0.8,1.0,2700.0,2682.0,24.0,0.998,0.013000000000000001,4239.0
817520.0,1.0,1.0,120.0,0.4,1.0,2701.0,2685.0,23.0,0.998,0.013000000000000001,4239.0
817530.0,1.0,1.0,120.0,0.2,1.0,2702.0,2686.0,22.0,0.998,0.013000000000000001,4239.0
817540.0,1.0,1.0,120.0,0.1,1.0,2701.0,2687.0,20.0,0.998,0.013000000000000001,4239.0
817550.0,1.0,1.0,120.0,-0.9,1.0,2701.0,2685.0,21.0,0.998,0.013000000000000001,4254.0
817560.0,1.0,1.0,120.0,-0.4,1.0,2701.0,2686.0,22.0,0.998,0.013000000000000001,4254.0
817570.0,1.0,1.0,120.0,-0.2,1.0,2700.0,2685.0,19.0,0.998,0.013000000000000001,4254.0
817580.0,1.0,1.0,120.0,0.8,1.0,2701.0,2687.0,23.0,0.998,0.013000000000000001,4254.0
817590.0,1.0,1.0,120.0,0.4,1.0,2701.0,2685.0,22.0,0.998,0.013000000000000001,4254.0
817600.0,1.0,1.0,120.0,-0.7000000000000001,1.0,2701.0,2688.0,19.0,0.998,0.013000000000000001,4801.0
817610.0,1.0,1.0,120.0,-0.4,1.0,2699.0,2686.0,19.0,0.998,0.013000000000000001,4801.0
817620.0,1.0,1.0,120.0,-0.2,1.0,2700.0,2686.0,22.0,0.998,0.013000000000000001,4801.0
817630.0,1.0,1.0,120.0,-0.1,1.0,2699.0,2685.0,24.0,0.998,0.013000000000000001,4801.0
817640.0,1.0,1.0,120.0,0.9,1.0,2700.0,2687.0,21.0,0.998,0.013000000000000001,4801.0
817650.0,1.0,1.0,120.0,0.4,1.0,2701.0,2686.0,21.0,0.998,0.013000000000000001,4248.0
817660.0,1.0,1.0,120.0,0.2,1.0,2701.0,2687.0,19.0,0.998,0.013000000000000001,4248.0
817670.0,1.0,1.0,120.0,-0.8,1.0,2701.0,2687.0,22.0,0.998,0.013000000000000001,4248.0
817680.0,1.0,1.0,120.0,-0.4,1.0,2701.0,2686.0,22.0,0.998,0.013000000000000001,4248.0
817690.0,1.0,1.0,120.0,-0.2,1.0,2701.0,2683.0,25.0,0.998,0.013000000000000001,4248.0
817700.0,1.0,1.0,120.0,0.8,1.0,2701.0,2686.0,23.0,0.998,0.013000000000000001,4254.0
817710.0,1.0,1.0,120.0,0.4,1.0,2700.0,2686.0,22.0,0.998,0.013000000000000001,4254.0
817720.0,1.0,1.0,120.0,0.2,1.0,2701.0,2688.0,17.0,0.998,0.013000000000000001,4254.0
817730.0,1.0,1.0,120.0,-0.8,1.0,2700.0,2686.0,23.0,0.998,0.013000000000000001,4254.0
817740.0,1.0,1.0,120.0,-0.4,1.0,2700.0,2687.0,22.0,0.998,0.013000000000000001,4254.0
817750.0,1.0,1.0,120.0,-0.2,1.0,2700.0,2684.0,23.0,0.998,0.013000000000000001,4254.0
817760.0,1.0,1.0,120.0,0.8,1.0,2701.0,2686.0,22.0,0.998,0.013000000000000001,4254.0
817770.0,1.0,1.0,120.0,0.4,1.0,2701.0,2686.0,23.0,0.998,0.013000000000000001,4254.0
817780.0,1.0,1.0,120.0,0.2,1.0,2701.0,2688.0,21.0,0.998,0.013000000000000001,4254.0
817790.0,1.0,1.0,120.0,-0.8,1.0,2700.0,2686.0,22.0,0.998,0.013000000000000001,4254.0
817800.0,1.0,1.0,120.0,-0.4,1.0,2700.0,2686.0,21.0,0.998,0.013000000000000001,4246.0
817810.0,1.0,1.0,120.0,-0.2,1.0,2700.0,2685.0,23.0,0.998,0.013000000000000001,4246.0
817820.0,1.0,1.0,120.0,0.8,1.0,2700.0,2688.0,23.0,0.998,0.013000000000000001,4246.0
817830.0,1.0,1.0,120.0,0.4,1.0,2700.0,2686.0,23.0,0.998,0.013000000000000001,4246.0
817840.0,1.0,1.0,120.0,0.2,1.0,2700.0,2688.0,20.0,0.998,0.013000000000000001,4246.0
817850.0,1.0,1.0,120.0,-0.8,1.0,2701.0,2686.0,21.0,0.998,0.013000000000000001,4255.0
817860.0,1.0,1.0,120.0,-0.4,1.0,2700.0,2687.0,22.0,0.998,0.013000000000000001,4255.0
817870.0,1.0,1.0,120.0,-0.2,1.0,2701.0,2684.0,25.0,0.998,0.013000000000000001,4255.0
817880.0,1.0,1.0,120.0,0.8,1.0,2701.0,2686.0,24.0,0.998,0.013000000000000001,4255.0
817890.0,1.0,1.0,120.0,0.4,1.0,2700.0,2686.0,22.0,0.998,0.013000000000000001,4255.0
817900.0,1.0,1.0,120.0,0.2,1.0,2701.0,2687.0,20.0,0.998,0.013000000000000001,4254.0
817910.0,1.0,1.0,120.0,-0.8,1.0,2701.0,2686.0,21.0,0.998,0.013000000000000001,4254.0
817920.0,1.0,1.0,120.0,-0.4,1.0,2701.0,2686.0,22.0,0.998,0.013000000000000001,4254.0
817930.0,1.0,1.0,120.0,-0.2,1.0,2701.0,2685.0,24.0,0.998,0.013000000000000001,4254.0
817940.0,1.0,1.0,120.0,0.8,1.0,2701.0,2686.0,18.0,0.998,0.013000000000000001,4254.0
817950.0,1.0,1.0,120.0,0.4,1.0,2700.0,2686.0,22.0,0.998,0.013000000000000001,4253.0
817960.0,1.0,1.0,120.0,0.2,1.0,2702.0,2687.0,20.0,0.998,0.013000000000000001,4253.0
817970.0,1.0,1.0,120.0,-0.8,1.0,2701.0,2687.0,21.0,0.998,0.013000000000000001,4253.0
817980.0,1.0,1.0,120.0,-0.4,1.0,2700.0,2687.0,23.0,0.998,0.013000000000000001,4253.0
817990.0,1.0,1.0,120.0,-0.2,1.0,2701.0,2687.0,24.0,0.998,0.013000000000000001,4253.0
818000.0,1.0,1.0,120.0,0.8,1.0,2701.0,2687.0,22.0,0.998,0.013000000000000001,4254.0
818010.0,1.0,1.0,120.0,0.4,1.0,2700.0,2685.0,22.0,0.998,0.013000000000000001,4254.0
818020.0,1.0,1.0,120.0,0.2,1.0,2701.0,2687.0,20.0,0.998,0.013000000000000001,4254.0
818030.0,1.0,1.0,120.0,-0.8,1.0,2701.0,2685.0,22.0,0.998,0.013000000000000001,4254.0
818040.0,1.0,1.0,120.0,-0.4,1.0,2701.0,2686.0,21.0,0.998,0.013000000000000001,4254.0
818050.0,1.0,1.0,120.0,-0.2,1.0,2700.0,2685.0,24.0,0.998,0.013000000000000001,4248.0
818060.0,1.0,1.0,120.0,0.8,1.0,2701.0,2687.0,22.0,0.998,0.013000000000000001,4248.0
818070.0,1.0,1.0,120.0,0.4,1.0,2699.0,2686.0,22.0,0.998,0.013000000000000001,4248.0
818080.0,1.0,1.0,120.0,0.2,1.0,2702.0,2687.0,20.0,0.998,0.013000000000000001,4248.0
818090.0,1.0,1.0,120.0,-0.8,1.0,2700.0,2686.0,23.0,0.998,0.013000000000000001,4248.0
818100.0,1.0,1.0,120.0,-0.4,1.0,2701.0,2685.0,23.0,0.998,0.013000000000000001,4247.0
818110.0,1.0,1.0,120.0,-0.2,1.0,2700.0,2684.0,21.0,0.998,0.013000000000000001,4247.0
818120.0,1.0,1.0,120.0,0.8,1.0,2701.0,2687.0,23.0,0.998,0.013000000000000001,4247.0
818130.0,1.0,1.0,120.0,0.4,1.0,2700.0,2687.0,22.0,0.998,0.013000000000000001,4247.0
818140.0,1.0,1.0,120.0,0.2,1.0,2700.0,2688.0,22.0,0.998,0.013000000000000001,4247.0
818150.0,1.0,1.0,120.0,-0.8,1.0,2701.0,2686.0,23.0,0.998,0.013000000000000001,4238.0
818160.0,1.0,1.0,120.0,-0.4,1.0,2701.0,2687.0,22.0,0.998,0.013000000000000001,4238.0
818170.0,1.0,1.0,120.0,-0.2,1.0,2701.0,2685.0,25.0,0.998,0.013000000000000001,4238.0
818180.0,1.0,1.0,120.0,0.8,1.0,2700.0,2687.0,22.0,0.998,0.013000000000000001,4238.0
818190.0,1.0,1.0,120.0,0.4,1.0,2701.0,2687.0,21.0,0.998,0.013000000000000001,4238.0
818200.0,1.0,1.0,120.0,-0.7000000000000001,1.0,2701.0,2686.0,21.0,0.998,0.013000000000000001,4790.0
818210.0,1.0,1.0,120.0,-0.4,1.0,2700.0,2687.0,22.0,0.998,0.013000000000000001,4790.0
818220.0,1.0,1.0,120.0,-0.2,1.0,2701.0,2686.0,23.0,0.998,0.013000000000000001,4790.0
818230.0,1.0,1.0,120.0,-0.1,1.0,2700.0,2686.0,24.0,0.998,0.013000000000000001,4790.0
818240.0,1.0,1.0,120.0,0.9,1.0,2699.0,2686.0,23.0,0.998,0.013000000000000001,4790.0
818250.0,1.0,1.0,120.0,0.4,1.0,2701.0,2686.0,22.0,0.998,0.013000000000000001,4254.0
818260.0,1.0,1.0,120.0,0.2,1.0,2701.0,2687.0,21.0,0.998,0.013000000000000001,4254.0
818270.0,1.0,1.0,120.0,-0.8,1.0,2701.0,2685.0,22.0,0.998,0.013000000000000001,4254.0
818280.0,1.0,1.0,120.0,-0.4,1.0,2699.0,2686.0,23.0,0.998,0.013000000000000001,4254.0
818290.0,1.0,1.0,120.0,-0.2,1.0,2700.0,2683.0,24.0,0.998,0.013000000000000001,4254.0
818300.0,1.0,1.0,120.0,0.8,1.0,2701.0,2686.0,23.0,0.998,0.013000000000000001,4254.0
818310.0,1.0,1.0,120.0,0.4,1.0,2701.0,2685.0,23.0,0.998,0.013000000000000001,4254.0
818320.0,1.0,1.0,120.0,0.2,1.0,2700.0,2688.0,20.0,0.998,0.013000000000000001,4254.0
818330.0,1.0,1.0,120.0,-0.8,1.0,2701.0,2686.0,23.0,0.998,0.013000000000000001,4254.0
818340.0,1.0,1.0,120.0,-0.4,1.0,2700.0,2689.0,22.0,0.998,0.013000000000000001,4254.0
818350.0,1.0,1.0,120.0,-0.2,1.0,2700.0,2685.0,21.0,0.998,0.013000000000000001,4231.0
818360.0,1.0,1.0,120.0,0.8,1.0,2701.0,2685.0,22.0,0.998,0.013000000000000001,4231.0
818370.0,1.0,1.0,120.0,0.4,1.0,2700.0,2686.0,23.0,0.998,0.013000000000000001,4231.0
818380.0,1.0,1.0,120.0,0.2,1.0,2700.0,2687.0,21.0,0.998,0.013000000000000001,4231.0
818390.0,1.0,1.0,120.0,-0.8,1.0,2701.0,2686.0,23.0,0.998,0.013000000000000001,4231.0
818400.0,1.0,1.0,120.0,-0.4,1.0,2701.0,2686.0,21.0,0.998,0.013000000000000001,4253.0
818410.0,1.0,1.0,120.0,-0.2,1.0,2700.0,2684.0,25.0,0.998,0.013000000000000001,4253.0
818420.0,1.0,1.0,120.0,0.8,1.0,2700.0,2686.0,23.0,0.998,0.013000000000000001,4253.0
818430.0,1.0,1.0,120.0,0.4,1.0,2701.0,2685.0,22.0,0.998,0.013000000000000001,4253.0
818440.0,1.0,1.0,120.0,0.2,1.0,2701.0,2688.0,17.0,0.998,0.013000000000000001,4253.0
818450.0,1.0,1.0,120.0,-0.8,1.0,2701.0,2687.0,23.0,0.998,0.013000000000000001,4255.0
818460.0,1.0,1.0,120.0,-0.4,1.0,2702.0,2686.0,23.0,0.998,0.013000000000000001,4255.0
818470.0,1.0,1.0,120.0,-0.2,1.0,2702.0,2685.0,24.0,0.998,0.013000000000000001,4255.0
818480.0,1.0,1.0,120.0,0.8,1.0,2701.0,2685.0,23.0,0.998,0.013000000000000001,4255.0
818490.0,1.0,1.0,120.0,0.4,1.0,2701.0,2685.0,22.0,0.998,0.013000000000000001,4255.0
818500.0,1.0,1.0,120.0,0.2,1.0,2702.0,2687.0,21.0,0.998,0.013000000000000001,4254.0
818510.0,1.0,1.0,120.0,-0.8,1.0,2700.0,2685.0,23.0,0.998,0.013000000000000001,4254.0
818520.0,1.0,1.0,120.0,-0.4,1.0,2700.0,2687.0,23.0,0.998,0.013000000000000001,4254.0
818530.0,1.0,1.0,120.0,-0.2,1.0,2701.0,2684.0,24.0,0.998,0.013000000000000001,4254.0
818540.0,1.0,1.0,120.0,0.8,1.0,2700.0,2687.0,23.0,0.998,0.013000000000000001,4254.0
818550.0,1.0,1.0,120.0,0.4,1.0,2700.0,2689.0,23.0,0.998,0.013000000000000001,4253.0
818560.0,1.0,1.0,120.0,0.2,1.0,2700.0,2688.0,20.0,0.998,0.013000000000000001,4253.0
818570.0,1.0,1.0,120.0,-0.8,1.0,2701.0,2686.0,20.0,0.998,0.013000000000000001,4253.0
818580.0,1.0,1.0,120.0,-0.4,1.0,2700.0,2686.0,23.0,0.998,0.013000000000000001,4253.0
818590.0,1.0,1.0,120.0,-0.2,1.0,2700.0,2685.0,25.0,0.998,0.013000000000000001,4253.0
818600.0,1.0,1.0,120.0,0.8,1.0,2700.0,2686.0,23.0,0.998,0.013000000000000001,4239.0
818610.0,1.0,1.0,120.0,0.4,1.0,2699.0,2686.0,22.0,0.998,0.013000000000000001,4239.0
818620.0,1.0,1.0,120.0,0.2,1.0,2703.0,2687.0,20.0,0.998,0.013000000000000001,4239.0
818630.0,1.0,1.0,120.0,-0.8,1.0,2701.0,2685.0,25.0,0.998,0.013000000000000001,4239.0
818640.0,1.0,1.0,120.0,-0.4,1.0,2700.0,2686.0,25.0,0.998,0.013000000000000001,4239.0
818650.0,1.0,1.0,120.0,0.7000000000000001,1.0,2700.0,2685.0,25.0,0.998,0.013000000000000001,4780.0
818660.0,1.0,1.0,120.0,0.4,1.0,2700.0,2686.0,23.0,0.998,0.013000000000000001,4780.0
818670.0,1.0,1.0,120.0,0.2,1.0,2701.0,2686.0,21.0,0.998,0.013000000000000001,4780.0
818680.0,1.0,1.0,120.0,0.1,1.0,2701.0,2687.0,21.0,0.998,0.013000000000000001,4780.0
818690.0,1.0,1.0,120.0,-0.9,1.0,2700.0,2687.0,23.0,0.998,0.013000000000000001,4780.0
818700.0,1.0,1.0,120.0,-0.4,1.0,2701.0,2686.0,23.0,0.998,0.013000000000000001,4237.0
818710.0,1.0,1.0,120.0,-0.2,1.0,2700.0,2686.0,25.0,0.998,0.013000000000000001,4237.0
818720.0,1.0,1.0,120.0,0.8,1.0,2701.0,2686.0,23.0,0.998,0.013000000000000001,4237.0
818730.0,1.0,1.0,120.0,0.4,1.0,2701.0,2686.0,21.0,0.998,0.013000000000000001,4237.0
818740.0,1.0,1.0,120.0,0.2,1.0,2701.0,2688.0,21.0,0.998,0.013000000000000001,4237.0
818750.0,1.0,1.0,120.0,-0.8,1.0,2701.0,2686.0,23.0,0.998,0.013000000000000001,4230.0
818760.0,1.0,1.0,120.0,-0.4,1.0,2699.0,2684.0,25.0,0.998,0.013000000000000001,4230.0
818770.0,1.0,1.0,120.0,-0.2,1.0,2700.0,2684.0,25.0,0.998,0.013000000000000001,4230.0
818780.0,1.0,1.0,120.0,0.8,1.0,2700.0,2687.0,22.0,0.998,0.013000000000000001,4230.0
818790.0,1.0,1.0,120.0,0.4,1.0,2701.0,2688.0,21.0,0.998,0.013000000000000001,4230.0
818800.0,1.0,1.0,120.0,-0.7000000000000001,1.0,2701.0,2689.0,21.0,0.998,0.013000000000000001,4248.0
818810.0,1.0,1.0,120.0,-0.4,1.0,2701.0,2686.0,22.0,0.998,0.013000000000000001,4248.0
818820.0,1.0,1.0,120.0,-0.2,1.0,2700.0,2684.0,24.0,0.998,0.013000000000000001,4248.0
818830.0,1.0,1.0,120.0,0.8,1.0,2700.0,2684.0,25.0,0.998,0.013000000000000001,4248.0
818840.0,1.0,1.0,120.0,0.4,1.0,2701.0,2685.0,23.0,0.998,0.013000000000000001,4248.0
818850.0,1.0,1.0,120.0,0.2,1.0,2700.0,2688.0,20.0,0.998,0.013000000000000001,4244.0
818860.0,1.0,1.0,120.0,-0.8,1.0,2701.0,2686.0,23.0,0.998,0.013000000000000001,4244.0
818870.0,1.0,1.0,120.0,-0.4,1.0,2700.0,2686.0,23.0,0.998,0.013000000000000001,4244.0
818880.0,1.0,1.0,120.0,-0.2,1.0,2700.0,2685.0,25.0,0.998,0.013000000000000001,4244.0
818890.0,1.0,1.0,120.0,0.8,1.0,2700.0,2686.0,23.0,0.998,0.013000000000000001,4244.0
818900.0,1.0,1.0,120.0,0.4,1.0,2700.0,2686.0,23.0,0.998,0.013000000000000001,4255.0
818910.0,1.0,1.0,120.0,0.2,1.0,2701.0,2689.0,21.0,0.998,0.013000000000000001,4255.0
818920.0,1.0,1.0,120.0,-0.8,1.0,2700.0,2686.0,24.0,0.998,0.013000000000000001,4255.0
818930.0,1.0,1.0,120.0,-0.4,1.0,2700.0,2686.0,23.0,0.998,0.013000000000000001,4255.0
818940.0,1.0,1.0,120.0,-0.2,1.0,2700.0,2685.0,25.0,0.998,0.013000000000000001,4255.0
818950.0,1.0,1.0,120.0,0.8,1.0,2701.0,2686.0,22.0,0.998,0.013000000000000001,4254.0
818960.0,1.0,1.0,120.0,0.4,1.0,2701.0,2686.0,22.0,0.998,0.013000000000000001,4254.0
818970.0,1.0,1.0,120.0,0.2,1.0,2701.0,2688.0,21.0,0.998,0.013000000000000001,4254.0
818980.0,1.0,1.0,120.0,-0.8,1.0,2700.0,2685.0,23.0,0.998,0.013000000000000001,4254.0
818990.0,1.0,1.0,120.0,-0.4,1.0,2701.0,2686.0,22.0,0.998,0.013000000000000001,4254.0
819000.0,1.0,1.0,120.0,-0.2,1.0,2700.0,2684.0,25.0,0.998,0.013000000000000001,4253.0
819010.0,1.0,1.0,120.0,0.8,1.0,2700.0,2687.0,23.0,0.998,0.013000000000000001,4253.0
819020.0,1.0,1.0,120.0,0.4,1.0,2700.0,2686.0,24.0,0.998,0.013000000000000001,4253.0
819030.0,1.0,1.0,120.0,0.2,1.0,2702.0,2687.0,21.0,0.998,0.013000000000000001,4253.0
819040.0,1.0,1.0,120.0,-0.8,1.0,2700.0,2686.0,22.0,0.998,0.013000000000000001,4253.0
819050.0,1.0,1.0,120.0,-0.4,1.0,2701.0,2687.0,22.0,0.998,0.013000000000000001,4248.0
819060.0,1.0,1.0,120.0,-0.2,1.0,2700.0,2683.0,25.0,0.998,0.013000000000000001,4248.0
819070.0,1.0,1.0,120.0,0.8,1.0,2701.0,2686.0,23.0,0.998,0.013000000000000001,4248.0
819080.0,1.0,1.0,120.0,0.4,1.0,2700.0,2687.0,23.0,0.998,0.013000000000000001,4248.0
819090.0,1.0,1.0,120.0,0.2,1.0,2702.0,2688.0,22.0,0.998,0.013000000000000001,4248.0
819100.0,1.0,1.0,120.0,-0.8,1.0,2701.0,2686.0,22.0,0.998,0.013000000000000001,4255.0
819110.0,1.0,1.0,120.0,-0.4,1.0,2702.0,2686.0,25.0,0.998,0.013000000000000001,4255.0
819120.0,1.0,1.0,120.0,-0.2,1.0,2701.0,2684.0,25.0,0.998,0.013000000000000001,4255.0
819130.0,1.0,1.0,120.0,0.8,1.0,2701.0,2686.0,23.0,0.998,0.013000000000000001,4255.0
819140.0,1.0,1.0,120.0,0.4,1.0,2702.0,2687.0,20.0,0.998,0.013000000000000001,4255.0
819150.0,1.0,1.0,120.0,-0.7000000000000001,1.0,2700.0,2687.0,20.0,0.998,0.013000000000000001,4777.0
819160.0,1.0,1.0,120.0,-0.4,1.0,2701.0,2685.0,22.0,0.998,0.013000000000000001,4777.0
819170.0,1.0,1.0,120.0,-0.2,1.0,2700.0,2684.0,25.0,0.998,0.013000000000000001,4777.0
819180.0,1.0,1.0,120.0,0.8,1.0,2700.0,2684.0,25.0,0.998,0.013000000000000001,4777.0
819190.0,1.0,1.0,120.0,0.4,1.0,2701.0,2686.0,22.0,0.998,0.013000000000000001,4777.0
819200.0,1.0,1.0,120.0,0.2,1.0,2701.0,2687.0,21.0,0.998,0.013000000000000001,4253.0
819210.0,1.0,1.0,120.0,-0.8,1.0,2701.0,2687.0,21.0,0.998,0.013000000000000001,4253.0
819220.0,1.0,1.0,120.0,-0.4,1.0,2700.0,2687.0,23.0,0.998,0.013000000000000001,4253.0
819230.0,1.0,1.0,120.0,-0.2,1.0,2699.0,2684.0,25.0,0.998,0.013000000000000001,4253.0
819240.0,1.0,1.0,120.0,0.8,1.0,2701.0,2687.0,23.0,0.998,0.013000000000000001,4253.0
819250.0,1.0,1.0,120.0,0.4,1.0,2700.0,2686.0,24.0,0.998,0.013000000000000001,4245.0
819260.0,1.0,1.0,120.0,0.2,1.0,2700.0,2688.0,21.0,0.998,0.013000000000000001,4245.0
819270.0,1.0,1.0,120.0,-0.8,1.0,2701.0,2686.0,23.0,0.998,0.013000000000000001,4245.0
819280.0,1.0,1.0,120.0,-0.4,1.0,2701.0,2686.0,23.0,0.998,0.013000000000000001,4245.0
819290.0,1.0,1.0,120.0,-0.2,1.0,2701.0,2684.0,23.0,0.998,0.013000000000000001,4245.0
819300.0,1.0,1.0,120.0,0.8,1.0,2700.0,2687.0,23.0,0.998,0.013000000000000001,4246.0
819310.0,1.0,1.0,120.0,0.4,1.0,2702.0,2685.0,23.0,0.998,0.013000000000000001,4246.0
819320.0,1.0,1.0,120.0,0.2,1.0,2702.0,2687.0,21.0,0.998,0.013000000000000001,4246.0
819330.0,1.0,1.0,120.0,-0.8,1.0,2701.0,2686.0,23.0,0.998,0.013000000000000001,4246.0
819340.0,1.0,1.0,120.0,-0.4,1.0,2701.0,2686.0,23.0,0.998,0.013000000000000001,4246.0
819350.0,1.0,1.0,120.0,-0.2,1.0,2700.0,2684.0,24.0,0.998,0.013000000000000001,4254.0
819360.0,1.0,1.0,120.0,0.8,1.0,2700.0,2687.0,23.0,0.998,0.013000000000000001,4254.0
819370.0,1.0,1.0,120.0,0.4,1.0,2701.0,2686.0,23.0,0.998,0.013000000000000001,4254.0
819380.0,1.0,1.0,120.0,0.2,1.0,2699.0,2689.0,21.0,0.998,0.013000000000000001,4254.0
819390.0,1.0,1.0,120.0,-0.8,1.0,2700.0,2686.0,24.0,0.998,0.013000000000000001,4254.0
819400.0,1.0,1.0,120.0,-0.4,1.0,2701.0,2686.0,23.0,0.998,0.013000000000000001,4253.0
819410.0,1.0,1.0,120.0,-0.2,1.0,2699.0,2685.0,25.0,0.998,0.013000000000000001,4253.0
819420.0,1.0,1.0,120.0,0.8,1.0,2700.0,2687.0,23.0,0.998,0.013000000000000001,4253.0
819430.0,1.0,1.0,120.0,0.4,1.0,2701.0,2686.0,22.0,0.998,0.013000000000000001,4253.0
819440.0,1.0,1.0,120.0,-0.7000000000000001,1.0,2701.0,2687.0,21.0,0.998,0.013000000000000001,4253.0
819450.0,1.0,1.0,120.0,-0.4,1.0,2701.0,2686.0,23.0,0.998,0.013000000000000001,4254.0
819460.0,1.0,1.0,120.0,-0.2,1.0,2700.0,2685.0,23.0,0.998,0.013000000000000001,4254.0
819470.0,1.0,1.0,120.0,0.8,1.0,2699.0,2685.0,25.0,0.998,0.013000000000000001,4254.0
819480.0,1.0,1.0,120.0,0.4,1.0,2700.0,2686.0,23.0,0.998,0.013000000000000001,4254.0
819490.0,1.0,1.0,120.0,0.2,1.0,2701.0,2689.0,21.0,0.998,0.013000000000000001,4254.0
819500.0,1.0,1.0,120.0,-0.8,1.0,2701.0,2688.0,20.0,0.998,0.013000000000000001,4245.0
819510.0,1.0,1.0,120.0,-0.4,1.0,2701.0,2685.0,23.0,0.998,0.013000000000000001,4245.0
819520.0,1.0,1.0,120.0,-0.2,1.0,2701.0,2684.0,25.0,0.998,0.013000000000000001,4245.0
819530.0,1.0,1.0,120.0,0.8,1.0,2700.0,2688.0,23.0,0.998,0.013000000000000001,4245.0
819540.0,1.0,1.0,120.0,0.4,1.0,2701.0,2686.0,23.0,0.998,0.013000000000000001,4245.0
819550.0,1.0,1.0,120.0,0.2,1.0,2700.0,2688.0,21.0,0.998,0.013000000000000001,4245.0
819560.0,1.0,1.0,120.0,-0.8,1.0,2700.0,2687.0,22.0,0.998,0.013000000000000001,4245.0
819570.0,1.0,1.0,120.0,-0.4,1.0,2701.0,2686.0,24.0,0.998,0.013000000000000001,4245.0
819580.0,1.0,1.0,120.0,-0.2,1.0,2701.0,2684.0,25.0,0.998,0.013000000000000001,4245.0
819590.0,1.0,1.0,120.0,0.8,1.0,2701.0,2686.0,16.0,0.998,0.013000000000000001,4245.0
819600.0,1.0,1.0,120.0,0.4,1.0,2700.0,2686.0,23.0,0.998,0.013000000000000001,4245.0
819610.0,1.0,1.0,120.0,0.2,1.0,2701.0,2686.0,20.0,0.998,0.013000000000000001,4245.0
819620.0,1.0,1.0,120.0,-0.8,1.0,2701.0,2686.0,23.0,0.998,0.013000000000000001,4245.0
819630.0,1.0,1.0,120.0,-0.4,1.0,2701.0,2686.0,23.0,0.998,0.013000000000000001,4245.0
819640.0,1.0,1.0,120.0,0.7000000000000001,1.0,2700.0,2684.0,23.0,0.998,0.013000000000000001,4245.0
819650.0,1.0,1.0,120.0,0.4,1.0,2701.0,2686.0,23.0,0.998,0.013000000000000001,4245.0
819660.0,1.0,1.0,120.0,0.2,1.0,2700.0,2688.0,20.0,0.998,0.013000000000000001,4245.0
819670.0,1.0,1.0,120.0,-0.8,1.0,2701.0,2688.0,21.0,0.998,0.013000000000000001,4245.0
819680.0,1.0,1.0,120.0,-0.4,1.0,2701.0,2685.0,23.0,0.998,0.013000000000000001,4245.0
819690.0,1.0,1.0,120.0,-0.2,1.0,2701.0,2683.0,25.0,0.998,0.013000000000000001,4245.0
819700.0,1.0,1.0,120.0,0.8,1.0,2700.0,2684.0,24.0,0.998,0.013000000000000001,4257.0
819710.0,1.0,1.0,120.0,0.4,1.0,2702.0,2685.0,24.0,0.998,0.013000000000000001,4257.0
819720.0,1.0,1.0,120.0,0.2,1.0,2701.0,2687.0,20.0,0.998,0.013000000000000001,4257.0
819730.0,1.0,1.0,120.0,-0.8,1.0,2701.0,2687.0,23.0,0.998,0.013000000000000001,4257.0
819740.0,1.0,1.0,120.0,-0.4,1.0,2700.0,2686.0,23.0,0.998,0.013000000000000001,4257.0
819750.0,1.0,1.0,120.0,-0.2,1.0,2701.0,2685.0,25.0,0.998,0.013000000000000001,4238.0
819760.0,1.0,1.0,120.0,0.8,1.0,2701.0,2686.0,23.0,0.998,0.013000000000000001,4238.0
819770.0,1.0,1.0,120.0,0.4,1.0,2700.0,2685.0,23.0,0.998,0.013000000000000001,4238.0
819780.0,1.0,1.0,120.0,0.2,1.0,2702.0,2687.0,20.0,0.998,0.013000000000000001,4238.0
819790.0,1.0,1.0,120.0,-0.8,1.0,2701.0,2687.0,23.0,0.998,0.013000000000000001,4238.0
819800.0,1.0,1.0,120.0,-0.4,1.0,2700.0,2687.0,23.0,0.998,0.013000000000000001,4253.0
819810.0,1.0,1.0,120.0,-0.2,1.0,2701.0,2685.0,25.0,0.998,0.013000000000000001,4253.0
819820.0,1.0,1.0,120.0,0.8,1.0,2700.0,2687.0,23.0,0.998,0.013000000000000001,4253.0
819830.0,1.0,1.0,120.0,0.4,1.0,2701.0,2686.0,23.0,0.998,0.013000000000000001,4253.0
819840.0,1.0,1.0,120.0,0.2,1.0,2704.0,2687.0,20.0,0.998,0.013000000000000001,4253.0
819850.0,1.0,1.0,120.0,-0.8,1.0,2700.0,2687.0,23.0,0.998,0.013000000000000001,4244.0
819860.0,1.0,1.0,120.0,-0.4,1.0,2701.0,2683.0,25.0,0.998,0.013000000000000001,4244.0
819870.0,1.0,1.0,120.0,-0.2,1.0,2699.0,2685.0,25.0,0.998,0.013000000000000001,4244.0
819880.0,1.0,1.0,120.0,0.8,1.0,2700.0,2686.0,22.0,0.998,0.013000000000000001,4244.0
819890.0,1.0,1.0,120.0,0.4,1.0,2702.0,2687.0,22.0,0.998,0.013000000000000001,4244.0
819900.0,1.0,1.0,120.0,-0.7000000000000001,1.0,2700.0,2688.0,21.0,0.998,0.013000000000000001,4254.0
819910.0,1.0,1.0,120.0,-0.4,1.0,2701.0,2685.0,22.0,0.998,0.013000000000000001,4254.0
819920.0,1.0,1.0,120.0,-0.2,1.0,2700.0,2685.0,25.0,0.998,0.013000000000000001,4254.0
819930.0,1.0,1.0,120.0,0.8,1.0,2699.0,2685.0,25.0,0.998,0.013000000000000001,4254.0
819940.0,1.0,1.0,120.0,0.4,1.0,2701.0,2685.0,24.0,0.998,0.013000000000000001,4254.0
819950.0,1.0,1.0,120.0,0.2,1.0,2701.0,2687.0,20.0,0.998,0.013000000000000001,4247.0
819960.0,1.0,1.0,120.0,-0.8,1.0,2701.0,2687.0,21.0,0.998,0.013000000000000001,4247.0
819970.0,1.0,1.0,120.0,-0.4,1.0,2702.0,2686.0,22.0,0.998,0.013000000000000001,4247.0
819980.0,1.0,1.0,120.0,-0.2,1.0,2700.0,2685.0,25.0,0.998,0.013000000000000001,4247.0
819990.0,1.0,1.0,120.0,0.8,1.0,2701.0,2685.0,22.0,0.998,0.013000000000000001,4247.0
820000.0,1.0,1.0,120.0,0.4,1.0,2701.0,2686.0,23.0,0.998,0.013000000000000001,4253.0
820010.0,1.0,1.0,120.0,0.2,1.0,2702.0,2689.0,21.0,0.998,0.013000000000000001,4253.0
820020.0,1.0,1.0,120.0,-0.8,1.0,2701.0,2686.0,23.0,0.998,0.013000000000000001,4253.0
820030.0,1.0,1.0,120.0,-0.4,1.0,2701.0,2685.0,22.0,0.998,0.013000000000000001,4253.0
820040.0,1.0,1.0,120.0,-0.2,1.0,2700.0,2687.0,25.0,0.998,0.013000000000000001,4253.0
820050.0,1.0,1.0,120.0,0.8,1.0,2700.0,2687.0,23.0,0.998,0.013000000000000001,4254.0
820060.0,1.0,1.0,120.0,0.4,1.0,2701.0,2686.0,22.0,0.998,0.013000000000000001,4254.0
820070.0,1.0,1.0,120.0,0.2,1.0,2700.0,2688.0,21.0,0.998,0.013000000000000001,4254.0
820080.0,1.0,1.0,120.0,-0.8,1.0,2702.0,2686.0,23.0,0.998,0.013000000000000001,4254.0
820090.0,1.0,1.0,120.0,-0.4,1.0,2699.0,2684.0,25.0,0.998,0.013000000000000001,4254.0
820100.0,1.0,1.0,120.0,0.7000000000000001,1.0,2701.0,2684.0,25.0,0.998,0.013000000000000001,4244.0
820110.0,1.0,1.0,120.0,0.4,1.0,2701.0,2686.0,23.0,0.998,0.013000000000000001,4244.0
820120.0,1.0,1.0,120.0,0.2,1.0,2699.0,2688.0,21.0,0.998,0.013000000000000001,4244.0
820130.0,1.0,1.0,120.0,-0.8,1.0,2701.0,2688.0,21.0,0.998,0.013000000000000001,4244.0
820140.0,1.0,1.0,120.0,-0.4,1.0,2700.0,2687.0,22.0,0.998,0.013000000000000001,4244.0
820150.0,1.0,1.0,120.0,-0.2,1.0,2700.0,2685.0,28.0,0.998,0.013000000000000001,4256.0
820160.0,1.0,1.0,120.0,0.8,1.0,2702.0,2685.0,26.0,0.998,0.013000000000000001,4256.0
820170.0,1.0,1.0,120.0,0.4,1.0,2700.0,2684.0,23.0,0.998,0.013000000000000001,4256.0
820180.0,1.0,1.0,120.0,0.2,1.0,2702.0,2686.0,21.0,0.998,0.013000000000000001,4256.0
820190.0,1.0,1.0,120.0,-0.8,1.0,2702.0,2689.0,24.0,0.998,0.013000000000000001,4256.0
820200.0,1.0,1.0,120.0,-0.4,1.0,2702.0,2687.0,23.0,0.998,0.013000000000000001,4244.0
820210.0,1.0,1.0,120.0,-0.2,1.0,2701.0,2687.0,25.0,0.998,0.013000000000000001,4244.0
820220.0,1.0,1.0,120.0,0.8,1.0,2701.0,2685.0,23.0,0.998,0.013000000000000001,4244.0
820230.0,1.0,1.0,120.0,0.4,1.0,2702.0,2687.0,21.0,0.998,0.013000000000000001,4244.0
820240.0,1.0,1.0,120.0,0.2,1.0,2700.0,2688.0,21.0,0.998,0.013000000000000001,4244.0
820250.0,1.0,1.0,120.0,-0.8,1.0,2701.0,2685.0,23.0,0.998,0.013000000000000001,4244.0
820260.0,1.0,1.0,120.0,-0.4,1.0,2701.0,2680.0,25.0,0.998,0.013000000000000001,4244.0
820270.0,1.0,1.0,120.0,-0.2,1.0,2702.0,2685.0,25.0,0.998,0.013000000000000001,4244.0
820280.0,1.0,1.0,120.0,0.8,1.0,2700.0,2686.0,23.0,0.998,0.013000000000000001,4244.0
820290.0,1.0,1.0,120.0,0.4,1.0,2700.0,2688.0,21.0,0.998,0.013000000000000001,4244.0
820300.0,1.0,1.0,120.0,-0.7000000000000001,1.0,2702.0,2687.0,23.0,0.998,0.013000000000000001,4246.0
820310.0,1.0,1.0,120.0,-0.4,1.0,2701.0,2686.0,23.0,0.998,0.013000000000000001,4246.0
820320.0,1.0,1.0,120.0,-0.2,1.0,2700.0,2684.0,25.0,0.998,0.013000000000000001,4246.0
820330.0,1.0,1.0,120.0,0.8,1.0,2701.0,2686.0,23.0,0.998,0.013000000000000001,4246.0
820340.0,1.0,1.0,120.0,0.4,1.0,2701.0,2687.0,23.0,0.998,0.013000000000000001,4246.0
820350.0,1.0,1.0,120.0,0.2,1.0,2701.0,2687.0,23.0,0.998,0.013000000000000001,4254.0
820360.0,1.0,1.0,120.0,-0.8,1.0,2701.0,2684.0,22.0,0.998,0.013000000000000001,4254.0
820370.0,1.0,1.0,120.0,-0.4,1.0,2701.0,2686.0,23.0,0.998,0.013000000000000001,4254.0
820380.0,1.0,1.0,120.0,-0.2,1.0,2700.0,2685.0,25.0,0.998,0.013000000000000001,4254.0
820390.0,1.0,1.0,120.0,0.8,1.0,2700.0,2686.0,23.0,0.998,0.013000000000000001,4254.0
820400.0,1.0,1.0,120.0,0.4,1.0,2701.0,2688.0,21.0,0.998,0.013000000000000001,4254.0
820410.0,1.0,1.0,120.0,-0.7000000000000001,1.0,2701.0,2691.0,21.0,0.998,0.013000000000000001,4254.0
820420.0,1.0,1.0,120.0,-0.4,1.0,2701.0,2686.0,20.0,0.998,0.013000000000000001,4254.0
820430.0,1.0,1.0,120.0,-0.2,1.0,2700.0,2685.0,25.0,0.998,0.013000000000000001,4254.0
820440.0,1.0,1.0,120.0,0.8,1.0,2700.0,2684.0,25.0,0.998,0.013000000000000001,4254.0
820450.0,1.0,1.0,120.0,0.4,1.0,2701.0,2685.0,24.0,0.998,0.013000000000000001,4257.0
820460.0,1.0,1.0,120.0,0.2,1.0,2701.0,2686.0,23.0,0.998,0.013000000000000001,4257.0
820470.0,1.0,1.0,120.0,-0.8,1.0,2701.0,2686.0,23.0,0.998,0.013000000000000001,4257.0
820480.0,1.0,1.0,120.0,-0.4,1.0,2700.0,2687.0,24.0,0.998,0.013000000000000001,4257.0
820490.0,1.0,1.0,120.0,-0.2,1.0,2701.0,2685.0,25.0,0.998,0.013000000000000001,4257.0
820500.0,1.0,1.0,120.0,0.8,1.0,2701.0,2685.0,24.0,0.998,0.013000000000000001,4253.0
820510.0,1.0,1.0,120.0,0.4,1.0,2701.0,2685.0,23.0,0.998,0.013000000000000001,4253.0
820520.0,1.0,1.0,120.0,0.2,1.0,2701.0,2687.0,21.0,0.998,0.013000000000000001,4253.0
820530.0,1.0,1.0,120.0,-0.8,1.0,2701.0,2685.0,23.0,0.998,0.013000000000000001,4253.0
820540.0,1.0,1.0,120.0,-0.4,1.0,2699.0,2685.0,25.0,0.998,0.013000000000000001,4253.0
820550.0,1.0,1.0,120.0,0.7000000000000001,1.0,2700.0,2685.0,25.0,0.998,0.013000000000000001,4244.0
820560.0,1.0,1.0,120.0,0.4,1.0,2701.0,2685.0,23.0,0.998,0.013000000000000001,4244.0
820570.0,1.0,1.0,120.0,0.2,1.0,2702.0,2687.0,22.0,0.998,0.013000000000000001,4244.0
820580.0,1.0,1.0,120.0,-0.8,1.0,2700.0,2686.0,23.0,0.998,0.013000000000000001,4244.0
820590.0,1.0,1.0,120.0,-0.4,1.0,2701.0,2684.0,23.0,0.998,0.013000000000000001,4244.0
820600.0,1.0,1.0,120.0,-0.2,1.0,2701.0,2684.0,25.0,0.998,0.013000000000000001,4243.0
820610.0,1.0,1.0,120.0,0.8,1.0,2701.0,2686.0,23.0,0.998,0.013000000000000001,4243.0
820620.0,1.0,1.0,120.0,0.4,1.0,2700.0,2686.0,23.0,0.998,0.013000000000000001,4243.0
820630.0,1.0,1.0,120.0,0.2,1.0,2701.0,2687.0,21.0,0.998,0.013000000000000001,4243.0
820640.0,1.0,1.0,120.0,-0.8,1.0,2700.0,2686.0,22.0,0.998,0.013000000000000001,4243.0
820650.0,1.0,1.0,120.0,-0.4,1.0,2700.0,2686.0,26.0,0.998,0.013000000000000001,4254.0
820660.0,1.0,1.0,120.0,-0.2,1.0,2702.0,2685.0,25.0,0.998,0.013000000000000001,4254.0
820670.0,1.0,1.0,120.0,0.8,1.0,2700.0,2686.0,23.0,0.998,0.013000000000000001,4254.0
820680.0,1.0,1.0,120.0,0.4,1.0,2700.0,2688.0,22.0,0.998,0.013000000000000001,4254.0
820690.0,1.0,1.0,120.0,-0.7000000000000001,1.0,2700.0,2688.0,21.0,0.998,0.013000000000000001,4254.0
820700.0,1.0,1.0,120.0,-0.4,1.0,2699.0,2686.0,23.0,0.998,0.013000000000000001,4247.0
820710.0,1.0,1.0,120.0,-0.2,1.0,2700.0,2684.0,26.0,0.998,0.013000000000000001,4247.0
820720.0,1.0,1.0,120.0,0.8,1.0,2700.0,2685.0,26.0,0.998,0.013000000000000001,4247.0
820730.0,1.0,1.0,120.0,0.4,1.0,2701.0,2686.0,23.0,0.998,0.013000000000000001,4247.0
820740.0,1.0,1.0,120.0,0.2,1.0,2700.0,2686.0,22.0,0.998,0.013000000000000001,4247.0
820750.0,1.0,1.0,120.0,-0.8,1.0,2701.0,2686.0,23.0,0.998,0.013000000000000001,4254.0
820760.0,1.0,1.0,120.0,-0.4,1.0,2701.0,2685.0,23.0,0.998,0.013000000000000001,4254.0
820770.0,1.0,1.0,120.0,-0.2,1.0,2700.0,2685.0,25.0,0.998,0.013000000000000001,4254.0
820780.0,1.0,1.0,120.0,0.8,1.0,2701.0,2686.0,24.0,0.998,0.013000000000000001,4254.0
820790.0,1.0,1.0,120.0,0.4,1.0,2700.0,2685.0,24.0,0.998,0.013000000000000001,4254.0
820800.0,1.0,1.0,120.0,-0.7000000000000001,1.0,2701.0,2685.0,22.0,0.998,0.013000000000000001,4795.0
820810.0,1.0,1.0,120.0,-0.4,1.0,2700.0,2686.0,22.0,0.998,0.013000000000000001,4795.0
820820.0,1.0,1.0,120.0,-0.2,1.0,2700.0,2687.0,24.0,0.998,0.013000000000000001,4795.0
820830.0,1.0,1.0,120.0,-0.1,1.0,2701.0,2684.0,25.0,0.998,0.013000000000000001,4795.0
820840.0,1.0,1.0,120.0,0.9,1.0,2701.0,2684.0,23.0,0.998,0.013000000000000001,4795.0
820850.0,1.0,1.0,120.0,0.4,1.0,2702.0,2687.0,21.0,0.998,0.013000000000000001,4254.0
820860.0,1.0,1.0,120.0,-0.7000000000000001,1.0,2702.0,2687.0,21.0,0.998,0.013000000000000001,4254.0
820870.0,1.0,1.0,120.0,-0.30000000000000004,1.0,2701.0,2686.0,23.0,0.998,0.013000000000000001,4254.0
820880.0,1.0,1.0,120.0,-0.2,1.0,2700.0,2685.0,26.0,0.998,0.013000000000000001,4254.0
820890.0,1.0,1.0,120.0,0.8,1.0,2701.0,2685.0,23.0,0.998,0.013000000000000001,4254.0
820900.0,1.0,1.0,120.0,0.4,1.0,2701.0,2687.0,23.0,0.998,0.013000000000000001,4243.0
820910.0,1.0,1.0,120.0,0.2,1.0,2701.0,2687.0,21.0,0.998,0.013000000000000001,4243.0
820920.0,1.0,1.0,120.0,-0.8,1.0,2701.0,2686.0,23.0,0.998,0.013000000000000001,4243.0
820930.0,1.0,1.0,120.0,-0.4,1.0,2701.0,2686.0,23.0,0.998,0.013000000000000001,4243.0
820940.0,1.0,1.0,120.0,-0.2,1.0,2700.0,2685.0,25.0,0.998,0.013000000000000001,4243.0
820950.0,1.0,1.0,120.0,0.8,1.0,2702.0,2686.0,23.0,0.998,0.013000000000000001,4237.0
820960.0,1.0,1.0,120.0,0.4,1.0,2701.0,2685.0,22.0,0.998,0.013000000000000001,4237.0
820970.0,1.0,1.0,120.0,0.2,1.0,2701.0,2687.0,21.0,0.998,0.013000000000000001,4237.0
820980.0,1.0,1.0,120.0,-0.8,1.0,2700.0,2687.0,23.0,0.998,0.013000000000000001,4237.0
820990.0,1.0,1.0,120.0,-0.4,1.0,2701.0,2684.0,26.0,0.998,0.013000000000000001,4237.0
821000.0,1.0,1.0,120.0,0.7000000000000001,1.0,2701.0,2684.0,25.0,0.998,0.013000000000000001,4248.0
821010.0,1.0,1.0,120.0,0.4,1.0,2700.0,2685.0,23.0,0.998,0.013000000000000001,4248.0
821020.0,1.0,1.0,120.0,0.2,1.0,2700.0,2687.0,21.0,0.998,0.013000000000000001,4248.0
821030.0,1.0,1.0,120.0,-0.8,1.0,2701.0,2688.0,22.0,0.998,0.013000000000000001,4248.0
821040.0,1.0,1.0,120.0,-0.4,1.0,2700.0,2687.0,22.0,0.998,0.013000000000000001,4248.0
821050.0,1.0,1.0,120.0,-0.2,1.0,2701.0,2684.0,26.0,0.998,0.013000000000000001,4254.0
821060.0,1.0,1.0,120.0,0.8,1.0,2700.0,2687.0,23.0,0.998,0.013000000000000001,4254.0
821070.0,1.0,1.0,120.0,0.4,1.0,2700.0,2687.0,23.0,0.998,0.013000000000000001,4254.0
821080.0,1.0,1.0,120.0,0.2,1.0,2701.0,2687.0,21.0,0.998,0.013000000000000001,4254.0
821090.0,1.0,1.0,120.0,-0.8,1.0,2701.0,2686.0,24.0,0.998,0.013000000000000001,4254.0
821100.0,1.0,1.0,120.0,-0.4,1.0,2701.0,2687.0,22.0,0.998,0.013000000000000001,4253.0
821110.0,1.0,1.0,120.0,-0.2,1.0,2701.0,2685.0,25.0,0.998,0.013000000000000001,4253.0
821120.0,1.0,1.0,120.0,0.8,1.0,2701.0,2685.0,23.0,0.998,0.013000000000000001,4253.0
821130.0,1.0,1.0,120.0,0.4,1.0,2701.0,2687.0,21.0,0.998,0.013000000000000001,4253.0
821140.0,1.0,1.0,120.0,-0.7000000000000001,1.0,2701.0,2688.0,21.0,0.998,0.013000000000000001,4253.0
821150.0,1.0,1.0,120.0,-0.4,1.0,2701.0,2685.0,23.0,0.998,0.013000000000000001,4243.0
821160.0,1.0,1.0,120.0,-0.2,1.0,2700.0,2685.0,24.0,0.998,0.013000000000000001,4243.0
821170.0,1.0,1.0,120.0,0.8,1.0,2701.0,2686.0,24.0,0.998,0.013000000000000001,4243.0
821180.0,1.0,1.0,120.0,0.4,1.0,2700.0,2686.0,24.0,0.998,0.013000000000000001,4243.0
821190.0,1.0,1.0,120.0,0.2,1.0,2701.0,2688.0,19.0,0.998,0.013000000000000001,4243.0
821200.0,1.0,1.0,120.0,-0.8,1.0,2701.0,2686.0,22.0,0.998,0.013000000000000001,4242.0
821210.0,1.0,1.0,120.0,-0.4,1.0,2701.0,2685.0,22.0,0.998,0.013000000000000001,4242.0
821220.0,1.0,1.0,120.0,-0.2,1.0,2699.0,2686.0,26.0,0.998,0.013000000000000001,4242.0
821230.0,1.0,1.0,120.0,0.8,1.0,2701.0,2686.0,22.0,0.998,0.013000000000000001,4242.0
821240.0,1.0,1.0,120.0,0.4,1.0,2701.0,2687.0,21.0,0.998,0.013000000000000001,4242.0
821250.0,1.0,1.0,120.0,-0.7000000000000001,1.0,2700.0,2688.0,21.0,0.998,0.013000000000000001,4248.0
821260.0,1.0,1.0,120.0,-0.4,1.0,2700.0,2686.0,24.0,0.998,0.013000000000000001,4248.0
821270.0,1.0,1.0,120.0,-0.2,1.0,2700.0,2685.0,26.0,0.998,0.013000000000000001,4248.0
821280.0,1.0,1.0,120.0,0.8,1.0,2700.0,2684.0,26.0,0.998,0.013000000000000001,4248.0
821290.0,1.0,1.0,120.0,0.4,1.0,2700.0,2686.0,24.0,0.998,0.013000000000000001,4248.0
821300.0,1.0,1.0,120.0,0.2,1.0,2701.0,2687.0,21.0,0.998,0.013000000000000001,4245.0
821310.0,1.0,1.0,120.0,-0.8,1.0,2700.0,2686.0,22.0,0.998,0.013000000000000001,4245.0
821320.0,1.0,1.0,120.0,-0.4,1.0,2700.0,2686.0,23.0,0.998,0.013000000000000001,4245.0
821330.0,1.0,1.0,120.0,-0.2,1.0,2701.0,2685.0,25.0,0.998,0.013000000000000001,4245.0
821340.0,1.0,1.0,120.0,0.8,1.0,2700.0,2687.0,23.0,0.998,0.013000000000000001,4245.0
821350.0,1.0,1.0,120.0,0.4,1.0,2701.0,2685.0,23.0,0.998,0.013000000000000001,4245.0
821360.0,1.0,1.0,120.0,0.2,1.0,2702.0,2688.0,21.0,0.998,0.013000000000000001,4245.0
821370.0,1.0,1.0,120.0,-0.8,1.0,2701.0,2686.0,23.0,0.998,0.013000000000000001,4245.0
821380.0,1.0,1.0,120.0,-0.4,1.0,2700.0,2685.0,26.0,0.998,0.013000000000000001,4245.0
821390.0,1.0,1.0,120.0,0.7000000000000001,1.0,2700.0,2685.0,25.0,0.998,0.013000000000000001,4245.0
821400.0,1.0,1.0,120.0,0.4,1.0,2700.0,2686.0,24.0,0.998,0.013000000000000001,4254.0
821410.0,1.0,1.0,120.0,0.2,1.0,2701.0,2689.0,21.0,0.998,0.013000000000000001,4254.0
821420.0,1.0,1.0,120.0,-0.8,1.0,2700.0,2688.0,21.0,0.998,0.013000000000000001,4254.0
821430.0,1.0,1.0,120.0,-0.4,1.0,2700.0,2686.0,23.0,0.998,0.013000000000000001,4254.0
821440.0,1.0,1.0,120.0,-0.2,1.0,2701.0,2684.0,25.0,0.998,0.013000000000000001,4254.0
821450.0,1.0,1.0,120.0,0.8,1.0,2701.0,2687.0,23.0,0.998,0.013000000000000001,4248.0
821460.0,1.0,1.0,120.0,0.4,1.0,2700.0,2688.0,23.0,0.998,0.013000000000000001,4248.0
821470.0,1.0,1.0,120.0,0.2,1.0,2701.0,2687.0,21.0,0.998,0.013000000000000001,4248.0
821480.0,1.0,1.0,120.0,-0.8,1.0,2701.0,2685.0,24.0,0.998,0.013000000000000001,4248.0
821490.0,1.0,1.0,120.0,-0.4,1.0,2701.0,2687.0,22.0,0.998,0.013000000000000001,4248.0
821500.0,1.0,1.0,120.0,0.7000000000000001,1.0,2701.0,2683.0,26.0,0.998,0.013000000000000001,4791.0
821510.0,1.0,1.0,120.0,0.4,1.0,2701.0,2685.0,24.0,0.998,0.013000000000000001,4791.0
821520.0,1.0,1.0,120.0,0.2,1.0,2700.0,2684.0,23.0,0.998,0.013000000000000001,4791.0
821530.0,1.0,1.0,120.0,0.1,1.0,2701.0,2688.0,21.0,0.998,0.013000000000000001,4791.0
821540.0,1.0,1.0,120.0,-0.9,1.0,2701.0,2688.0,22.0,0.998,0.013000000000000001,4791.0
821550.0,1.0,1.0,120.0,-0.4,1.0,2700.0,2685.0,26.0,0.998,0.013000000000000001,4243.0
821560.0,1.0,1.0,120.0,0.7000000000000001,1.0,2699.0,2686.0,26.0,0.998,0.013000000000000001,4243.0
821570.0,1.0,1.0,120.0,0.30000000000000004,1.0,2702.0,2687.0,23.0,0.998,0.013000000000000001,4243.0
821580.0,1.0,1.0,120.0,0.2,1.0,2701.0,2688.0,22.0,0.998,0.013000000000000001,4243.0
821590.0,1.0,1.0,120.0,-0.8,1.0,2701.0,2686.0,24.0,0.998,0.013000000000000001,4243.0
821600.0,1.0,1.0,120.0,-0.4,1.0,2700.0,2687.0,24.0,0.998,0.013000000000000001,4254.0
821610.0,1.0,1.0,120.0,-0.2,1.0,2700.0,2685.0,26.0,0.998,0.013000000000000001,4254.0
821620.0,1.0,1.0,120.0,0.8,1.0,2699.0,2685.0,24.0,0.998,0.013000000000000001,4254.0
821630.0,1.0,1.0,120.0,0.4,1.0,2701.0,2686.0,23.0,0.998,0.013000000000000001,4254.0
821640.0,1.0,1.0,120.0,0.2,1.0,2702.0,2687.0,20.0,0.998,0.013000000000000001,4254.0
821650.0,1.0,1.0,120.0,-0.8,1.0,2700.0,2687.0,24.0,0.998,0.013000000000000001,4246.0
821660.0,1.0,1.0,120.0,-0.4,1.0,2701.0,2687.0,24.0,0.998,0.013000000000000001,4246.0
821670.0,1.0,1.0,120.0,-0.2,1.0,2701.0,2684.0,26.0,0.998,0.013000000000000001,4246.0
821680.0,1.0,1.0,120.0,0.8,1.0,2701.0,2687.0,24.0,0.998,0.013000000000000001,4246.0
821690.0,1.0,1.0,120.0,0.4,1.0,2702.0,2687.0,21.0,0.998,0.013000000000000001,4246.0
821700.0,1.0,1.0,120.0,-0.7000000000000001,1.0,2699.0,2689.0,21.0,0.998,0.013000000000000001,4252.0
821710.0,1.0,1.0,120.0,-0.4,1.0,2702.0,2685.0,23.0,0.998,0.013000000000000001,4252.0
821720.0,1.0,1.0,120.0,-0.2,1.0,2700.0,2685.0,26.0,0.998,0.013000000000000001,4252.0
821730.0,1.0,1.0,120.0,0.8,1.0,2702.0,2686.0,23.0,0.998,0.013000000000000001,4252.0
821740.0,1.0,1.0,120.0,0.4,1.0,2701.0,2685.0,23.0,0.998,0.013000000000000001,4252.0
821750.0,1.0,1.0,120.0,-0.7000000000000001,1.0,2700.0,2688.0,21.0,0.998,0.013000000000000001,4254.0
821760.0,1.0,1.0,120.0,-0.30000000000000004,1.0,2701.0,2686.0,24.0,0.998,0.013000000000000001,4254.0
821770.0,1.0,1.0,120.0,-0.2,1.0,2701.0,2687.0,25.0,0.998,0.013000000000000001,4254.0
821780.0,1.0,1.0,120.0,-0.1,1.0,2701.0,2684.0,21.0,0.998,0.013000000000000001,4254.0
821790.0,1.0,1.0,120.0,0.9,1.0,2700.0,2685.0,23.0,0.998,0.013000000000000001,4254.0
821800.0,1.0,1.0,120.0,0.4,1.0,2701.0,2687.0,21.0,0.998,0.013000000000000001,4243.0
821810.0,1.0,1.0,120.0,0.2,1.0,2701.0,2687.0,21.0,0.998,0.013000000000000001,4243.0
821820.0,1.0,1.0,120.0,-0.8,1.0,2702.0,2686.0,23.0,0.998,0.013000000000000001,4243.0
821830.0,1.0,1.0,120.0,-0.4,1.0,2700.0,2684.0,27.0,0.998,0.013000000000000001,4243.0
821840.0,1.0,1.0,120.0,0.7000000000000001,1.0,2701.0,2686.0,23.0,0.998,0.013000000000000001,4243.0
821850.0,1.0,1.0,120.0,0.4,1.0,2700.0,2687.0,24.0,0.998,0.013000000000000001,4253.0
821860.0,1.0,1.0,120.0,0.2,1.0,2702.0,2687.0,21.0,0.998,0.013000000000000001,4253.0
821870.0,1.0,1.0,120.0,-0.8,1.0,2701.0,2685.0,23.0,0.998,0.013000000000000001,4253.0
821880.0,1.0,1.0,120.0,-0.4,1.0,2700.0,2686.0,24.0,0.998,0.013000000000000001,4253.0
821890.0,1.0,1.0,120.0,-0.2,1.0,2701.0,2684.0,26.0,0.998,0.013000000000000001,4253.0
821900.0,1.0,1.0,120.0,0.8,1.0,2701.0,2685.0,24.0,0.998,0.013000000000000001,4233.0
821910.0,1.0,1.0,120.0,0.4,1.0,2702.0,2687.0,21.0,0.998,0.013000000000000001,4233.0
821920.0,1.0,1.0,120.0,-0.7000000000000001,1.0,2701.0,2689.0,21.0,0.998,0.013000000000000001,4233.0
821930.0,1.0,1.0,120.0,-0.4,1.0,2700.0,2687.0,23.0,0.998,0.013000000000000001,4233.0
821940.0,1.0,1.0,120.0,-0.2,1.0,2701.0,2685.0,24.0,0.998,0.013000000000000001,4233.0
821950.0,1.0,1.0,120.0,0.8,1.0,2700.0,2686.0,18.0,0.998,0.013000000000000001,4245.0
821960.0,1.0,1.0,120.0,0.4,1.0,2700.0,2685.0,24.0,0.998,0.013000000000000001,4245.0
821970.0,1.0,1.0,120.0,0.2,1.0,2700.0,2687.0,21.0,0.998,0.013000000000000001,4245.0
821980.0,1.0,1.0,120.0,-0.8,1.0,2701.0,2686.0,23.0,0.998,0.013000000000000001,4245.0
821990.0,1.0,1.0,120.0,-0.4,1.0,2701.0,2686.0,23.0,0.998,0.013000000000000001,4245.0
822000.0,1.0,1.0,120.0,0.7000000000000001,1.0,2701.0,2684.0,26.0,0.998,0.013000000000000001,4254.0
822010.0,1.0,1.0,120.0,0.4,1.0,2700.0,2685.0,23.0,0.998,0.013000000000000001,4254.0
822020.0,1.0,1.0,120.0,0.2,1.0,2700.0,2685.0,24.0,0.998,0.013000000000000001,4254.0
822030.0,1.0,1.0,120.0,-0.8,1.0,2701.0,2688.0,22.0,0.998,0.013000000000000001,4254.0
822040.0,1.0,1.0,120.0,-0.4,1.0,2700.0,2686.0,22.0,0.998,0.013000000000000001,4254.0
822050.0,1.0,1.0,120.0,-0.2,1.0,2701.0,2684.0,26.0,0.998,0.013000000000000001,4248.0
822060.0,1.0,1.0,120.0,0.8,1.0,2700.0,2683.0,26.0,0.998,0.013000000000000001,4248.0
822070.0,1.0,1.0,120.0,0.4,1.0,2700.0,2686.0,25.0,0.998,0.013000000000000001,4248.0
822080.0,1.0,1.0,120.0,0.2,1.0,2700.0,2689.0,21.0,0.998,0.013000000000000001,4248.0
822090.0,1.0,1.0,120.0,-0.8,1.0,2700.0,2685.0,24.0,0.998,0.013000000000000001,4248.0
822100.0,1.0,1.0,120.0,-0.4,1.0,2699.0,2685.0,24.0,0.998,0.013000000000000001,4253.0
822110.0,1.0,1.0,120.0,-0.2,1.0,2670.0,2685.0,26.0,0.998,0.013000000000000001,4253.0
822120.0,1.0,1.0,120.0,0.8,1.0,2641.0,2686.0,24.0,0.998,0.013000000000000001,4253.0
822130.0,1.0,1.0,120.0,0.4,1.0,2612.0,2688.0,21.0,0.998,0.013000000000000001,4253.0
822140.0,1.0,1.0,120.0,-0.7000000000000001,1.0,2577.0,2689.0,21.0,0.998,0.013000000000000001,4253.0
822150.0,1.0,1.0,120.0,-0.4,1.0,2542.0,2688.0,24.0,0.998,0.013000000000000001,4245.0
822160.0,1.0,1.0,120.0,-0.2,1.0,2508.0,2685.0,26.0,0.998,0.013000000000000001,4245.0
822170.0,1.0,1.0,120.0,0.8,1.0,2476.0,2686.0,25.0,0.998,0.013000000000000001,4245.0
822180.0,1.0,1.0,120.0,0.4,1.0,2441.0,2685.0,24.0,0.998,0.013000000000000001,4245.0
822190.0,1.0,1.0,120.0,0.2,1.0,2402.0,2687.0,22.0,0.998,0.013000000000000001,4245.0
822200.0,1.0,1.0,120.0,-0.8,1.0,2364.0,2687.0,24.0,0.998,0.013000000000000001,4253.0
822210.0,1.0,1.0,120.0,-0.4,1.0,2328.0,2686.0,24.0,0.998,0.013000000000000001,4253.0
822220.0,1.0,1.0,120.0,-0.2,1.0,2290.0,2685.0,26.0,0.998,0.013000000000000001,4253.0
822230.0,1.0,1.0,120.0,0.8,1.0,2248.0,2686.0,24.0,0.998,0.013000000000000001,4253.0
822240.0,1.0,1.0,120.0,0.4,1.0,2211.0,2687.0,22.0,0.998,0.013000000000000001,4253.0
822250.0,1.0,1.0,120.0,-0.7000000000000001,1.0,2170.0,2688.0,22.0,0.995,0.013000000000000001,4244.0
822260.0,1.0,1.0,120.0,-0.4,1.0,2124.0,2686.0,24.0,0.995,0.013000000000000001,4244.0
822270.0,1.0,1.0,120.0,-0.2,1.0,2079.0,2684.0,26.0,0.995,0.013000000000000001,4244.0
822280.0,1.0,1.0,120.0,0.8,1.0,2038.0,2686.0,24.0,0.995,0.013000000000000001,4244.0
822290.0,1.0,1.0,120.0,0.4,1.0,2001.0,2686.0,23.0,0.995,0.013000000000000001,4244.0
822300.0,1.0,1.0,120.0,-0.7000000000000001,1.0,1965.0,2687.0,22.0,0.967,0.013000000000000001,4765.0
822310.0,1.0,1.0,120.0,-0.30000000000000004,1.0,1931.0,2686.0,24.0,0.967,0.013000000000000001,4765.0
822320.0,1.0,1.0,120.0,-0.2,1.0,1899.0,2684.0,26.0,0.967,0.013000000000000001,4765.0
822330.0,1.0,1.0,120.0,-0.1,1.0,1871.0,2685.0,26.0,0.967,0.013000000000000001,4765.0
822340.0,1.0,1.0,120.0,0.9,1.0,1839.0,2687.0,23.0,0.967,0.013000000000000001,4765.0
822350.0,0.0,1.0,120.0,0.4,1.0,1812.0,2688.0,22.0,0.548,0.013000000000000001,4144.0
822360.0,0.0,1.0,120.0,-0.7000000000000001,1.0,1789.0,2686.0,23.0,0.548,0.013000000000000001,4144.0
822370.0,0.0,1.0,120.0,-0.30000000000000004,1.0,1770.0,2686.0,24.0,0.548,0.013000000000000001,4144.0
822380.0,0.0,1.0,120.0,-0.2,1.0,1759.0,2685.0,26.0,0.548,0.013000000000000001,4144.0
822390.0,0.0,1.0,120.0,0.8,1.0,1754.0,2687.0,24.0,0.548,0.013000000000000001,4144.0
822400.0,0.0,1.0,120.0,0.4,1.0,1752.0,2685.0,24.0,0.674,0.013000000000000001,4143.0
822410.0,0.0,1.0,120.0,0.2,1.0,1752.0,2687.0,25.0,0.674,0.013000000000000001,4143.0
822420.0,0.0,1.0,120.0,-0.8,1.0,1752.0,2686.0,22.0,0.674,0.013000000000000001,4143.0
822430.0,0.0,1.0,120.0,-0.4,1.0,1751.0,2684.0,26.0,0.674,0.013000000000000001,4143.0
822440.0,0.0,1.0,120.0,-0.2,1.0,1752.0,2684.0,26.0,0.674,0.013000000000000001,4143.0
822450.0,1.0,1.0,120.0,0.8,1.0,1752.0,2686.0,24.0,0.88,0.013000000000000001,4207.0
822460.0,1.0,1.0,120.0,0.4,1.0,1753.0,2687.0,22.0,0.88,0.013000000000000001,4207.0
822470.0,1.0,1.0,120.0,-0.7000000000000001,1.0,1752.0,2687.0,24.0,0.88,0.013000000000000001,4207.0
822480.0,1.0,1.0,120.0,-0.4,1.0,1752.0,2687.0,24.0,0.88,0.013000000000000001,4207.0
822490.0,1.0,1.0,120.0,-0.2,1.0,1752.0,2684.0,26.0,0.88,0.013000000000000001,4207.0
822500.0,1.0,1.0,120.0,0.8,1.0,1753.0,2685.0,26.0,0.981,0.013000000000000001,4247.0
822510.0,1.0,1.0,120.0,0.4,1.0,1752.0,2687.0,22.0,0.981,0.013000000000000001,4247.0
822520.0,1.0,1.0,120.0,-0.7000000000000001,1.0,1752.0,2687.0,22.0,0.981,0.013000000000000001,4247.0
822530.0,1.0,1.0,120.0,-0.30000000000000004,1.0,1752.0,2687.0,24.0,0.981,0.013000000000000001,4247.0
822540.0,1.0,1.0,120.0,-0.2,1.0,1747.0,2684.0,26.0,0.981,0.013000000000000001,4247.0
822550.0,1.0,1.0,120.0,0.8,1.0,1752.0,2687.0,24.0,0.983,0.013000000000000001,4223.0
822560.0,1.0,1.0,120.0,0.4,1.0,1752.0,2685.0,25.0,0.983,0.013000000000000001,4223.0
822570.0,1.0,1.0,120.0,0.2,1.0,1752.0,2688.0,22.0,0.983,0.013000000000000001,4223.0
822580.0,1.0,1.0,120.0,-0.8,1.0,1752.0,2686.0,23.0,0.983,0.013000000000000001,4223.0
822590.0,1.0,1.0,120.0,-0.4,1.0,1752.0,2685.0,24.0,0.983,0.013000000000000001,4223.0
822600.0,1.0,1.0,120.0,0.7000000000000001,1.0,1752.0,2686.0,27.0,0.982,0.013000000000000001,4774.0
822610.0,1.0,1.0,120.0,0.4,1.0,1752.0,2687.0,24.0,0.982,0.013000000000000001,4774.0
822620.0,1.0,1.0,120.0,0.2,1.0,1753.0,2685.0,25.0,0.982,0.013000000000000001,4774.0
822630.0,1.0,1.0,120.0,0.1,1.0,1753.0,2687.0,22.0,0.982,0.013000000000000001,4774.0
822640.0,1.0,1.0,120.0,-0.9,1.0,1752.0,2687.0,24.0,0.982,0.013000000000000001,4774.0
822650.0,1.0,1.0,120.0,-0.4,1.0,1749.0,2685.0,32.0,0.982,0.013000000000000001,4218.0
822660.0,1.0,1.0,120.0,0.7000000000000001,1.0,1748.0,2684.0,27.0,0.982,0.013000000000000001,4218.0
822670.0,1.0,1.0,120.0,0.30000000000000004,1.0,1744.0,2686.0,24.0,0.982,0.013000000000000001,4218.0
822680.0,1.0,1.0,120.0,0.2,1.0,1739.0,2688.0,22.0,0.982,0.013000000000000001,4218.0
822690.0,1.0,1.0,120.0,-0.8,1.0,1730.0,2689.0,25.0,0.982,0.013000000000000001,4218.0
822700.0,1.0,1.0,120.0,-0.4,1.0,1713.0,2687.0,26.0,0.979,0.013000000000000001,4215.0
822710.0,1.0,1.0,120.0,-0.2,1.0,1703.0,2684.0,26.0,0.979,0.013000000000000001,4215.0
822720.0,1.0,1.0,120.0,0.8,1.0,1682.0,2686.0,25.0,0.979,0.013000000000000001,4215.0
822730.0,1.0,1.0,120.0,0.4,1.0,1662.0,2686.0,24.0,0.979,0.013000000000000001,4215.0
822740.0,1.0,1.0,120.0,0.2,1.0,1636.0,2687.0,23.0,0.979,0.013000000000000001,4215.0
822750.0,1.0,1.0,120.0,-0.8,1.0,1610.0,2686.0,23.0,0.927,0.013000000000000001,4210.0
822760.0,1.0,1.0,120.0,-0.4,1.0,1579.0,2684.0,26.0,0.927,0.013000000000000001,4210.0
822770.0,1.0,1.0,120.0,0.7000000000000001,1.0,1547.0,2686.0,26.0,0.927,0.013000000000000001,4210.0
822780.0,1.0,1.0,120.0,0.4,1.0,1516.0,2686.0,24.0,0.927,0.013000000000000001,4210.0
822790.0,1.0,1.0,120.0,0.2,1.0,1480.0,2688.0,23.0,0.927,0.013000000000000001,4210.0
822800.0,0.0,1.0,120.0,-0.8,1.0,1445.0,2687.0,22.0,0.84,0.013000000000000001,4254.0
822810.0,0.0,1.0,120.0,-0.4,1.0,1408.0,2688.0,25.0,0.84,0.013000000000000001,4254.0
822820.0,0.0,1.0,120.0,-0.2,1.0,1368.0,2685.0,26.0,0.84,0.013000000000000001,4254.0
822830.0,0.0,1.0,120.0,0.8,1.0,1325.0,2687.0,24.0,0.84,0.013000000000000001,4254.0
822840.0,0.0,1.0,120.0,0.4,1.0,1287.0,2687.0,24.0,0.84,0.013000000000000001,4254.0
822850.0,0.0,1.0,120.0,0.2,1.0,1247.0,2687.0,22.0,0.99,0.013000000000000001,4248.0
822860.0,0.0,1.0,120.0,-0.8,1.0,1202.0,2688.0,24.0,0.99,0.013000000000000001,4248.0
822870.0,0.0,1.0,120.0,-0.4,1.0,1163.0,2685.0,25.0,0.99,0.013000000000000001,4248.0
822880.0,0.0,1.0,120.0,-0.2,1.0,1126.0,2684.0,27.0,0.99,0.013000000000000001,4248.0
822890.0,0.0,1.0,120.0,0.8,1.0,1085.0,2686.0,24.0,0.99,0.013000000000000001,4248.0
822900.0,0.0,0.0,0.0,0.4,0.0,1046.0,2686.0,25.0,0.996,0.013000000000000001,4250.0
822910.0,0.0,0.0,0.0,0.2,0.0,1010.0,2687.0,25.0,0.996,0.013000000000000001,4250.0
822920.0,0.0,0.0,0.0,0.1,0.0,973.0,2686.0,26.0,0.996,0.013000000000000001,4250.0
822930.0,0.0,0.0,0.0,0.1,0.0,942.0,2684.0,27.0,0.996,0.013000000000000001,4250.0
822940.0,0.0,0.0,0.0,0.0,0.0,909.0,2685.0,27.0,0.996,0.013000000000000001,4250.0
822950.0,0.0,0.0,0.0,0.0,0.0,881.0,2684.0,27.0,0.997,0.013000000000000001,4246.0
822960.0,0.0,0.0,0.0,0.0,0.0,847.0,2684.0,28.0,0.997,0.013000000000000001,4246.0
822970.0,0.0,0.0,0.0,0.0,0.0,815.0,2683.0,28.0,0.997,0.013000000000000001,4246.0
822980.0,0.0,0.0,0.0,0.0,0.0,784.0,2683.0,28.0,0.997,0.013000000000000001,4246.0
822990.0,0.0,0.0,0.0,0.0,0.0,756.0,2682.0,29.0,0.997,0.013000000000000001,4246.0
823000.0,0.0,0.0,0.0,0.0,0.0,728.0,2683.0,29.0,0.997,0.013000000000000001,4221.0
823010.0,0.0,0.0,0.0,0.0,0.0,694.0,2683.0,29.0,0.997,0.013000000000000001,4221.0
823020.0,0.0,0.0,0.0,0.0,0.0,670.0,2682.0,29.0,0.997,0.013000000000000001,4221.0
823030.0,0.0,0.0,0.0,0.0,0.0,637.0,2682.0,29.0,0.997,0.013000000000000001,4221.0
823040.0,0.0,0.0,0.0,0.0,0.0,611.0,2683.0,29.0,0.997,0.013000000000000001,4221.0
823050.0,0.0,0.0,0.0,0.0,0.0,584.0,2683.0,30.0,0.996,0.013000000000000001,4235.0
823060.0,0.0,0.0,0.0,0.0,0.0,557.0,2684.0,24.0,0.996,0.013000000000000001,4235.0
823070.0,0.0,0.0,0.0,0.0,0.0,528.0,2683.0,30.0,0.996,0.013000000000000001,4235.0
823080.0,0.0,0.0,0.0,0.0,0.0,496.0,2684.0,30.0,0.996,0.013000000000000001,4235.0
823090.0,0.0,0.0,0.0,0.0,0.0,468.0,2684.0,29.0,0.996,0.013000000000000001,4235.0
823100.0,0.0,0.0,0.0,0.0,0.0,441.0,2683.0,30.0,0.996,0.013000000000000001,4239.0
823110.0,0.0,0.0,0.0,0.0,0.0,416.0,2683.0,30.0,0.996,0.013000000000000001,4239.0
823120.0,0.0,0.0,0.0,0.0,0.0,391.0,2683.0,30.0,0.996,0.013000000000000001,4239.0
823130.0,0.0,0.0,0.0,0.0,0.0,368.0,2684.0,30.0,0.996,0.013000000000000001,4239.0
823140.0,0.0,0.0,0.0,0.0,0.0,345.0,2685.0,29.0,0.996,0.013000000000000001,4239.0
823150.0,0.0,0.0,0.0,0.0,0.0,319.0,2684.0,30.0,0.996,0.013000000000000001,4246.0
823160.0,0.0,0.0,0.0,0.0,0.0,302.0,2683.0,30.0,0.996,0.013000000000000001,4246.0
823170.0,0.0,0.0,0.0,0.0,0.0,278.0,2684.0,30.0,0.996,0.013000000000000001,4246.0
823180.0,0.0,0.0,0.0,0.0,0.0,253.0,2683.0,29.0,0.996,0.013000000000000001,4246.0
823190.0,0.0,0.0,0.0,0.0,0.0,230.0,2683.0,32.0,0.996,0.013000000000000001,4246.0
823200.0,0.0,0.0,0.0,0.0,0.0,207.0,2684.0,30.0,0.995,0.013000000000000001,4246.0
823210.0,0.0,0.0,0.0,0.0,0.0,182.0,2683.0,28.0,0.995,0.013000000000000001,4246.0
823220.0,0.0,0.0,0.0,0.0,0.0,160.0,2683.0,29.0,0.995,0.013000000000000001,4246.0
823230.0,0.0,0.0,0.0,0.0,0.0,130.0,2685.0,29.0,0.995,0.013000000000000001,4246.0
823240.0,0.0,0.0,0.0,0.0,0.0,106.0,2684.0,30.0,0.995,0.013000000000000001,4246.0
823250.0,0.0,0.0,0.0,0.0,0.0,80.0,2684.0,29.0,0.995,0.013000000000000001,4246.0
823260.0,0.0,0.0,0.0,0.0,0.0,56.0,2684.0,31.0,0.995,0.013000000000000001,4246.0
823270.0,0.0,0.0,0.0,0.0,0.0,31.0,2683.0,29.0,0.995,0.013000000000000001,4246.0
823280.0,0.0,0.0,0.0,0.0,0.0,9.0,2684.0,29.0,0.995,0.013000000000000001,4246.0
823290.0,0.0,0.0,0.0,0.0,0.0,7.0,2684.0,29.0,0.995,0.013000000000000001,4246.0
823300.0,0.0,0.0,0.0,0.0,0.0,8.0,2684.0,30.0,0.995,0.013000000000000001,4230.0
823310.0,0.0,0.0,0.0,0.0,0.0,8.0,2684.0,30.0,0.995,0.013000000000000001,4230.0
823320.0,0.0,0.0,0.0,0.0,0.0,7.0,2684.0,29.0,0.995,0.013000000000000001,4230.0
823330.0,0.0,0.0,0.0,0.0,0.0,8.0,2684.0,30.0,0.995,0.013000000000000001,4230.0
823340.0,0.0,0.0,0.0,0.0,0.0,7.0,2685.0,30.0,0.995,0.013000000000000001,4230.0
823350.0,0.0,0.0,0.0,0.0,0.0,7.0,2684.0,35.0,0.995,0.013000000000000001,4239.0
823360.0,0.0,0.0,0.0,0.0,0.0,6.0,2684.0,30.0,0.995,0.013000000000000001,4239.0
823370.0,0.0,0.0,0.0,0.0,0.0,7.0,2684.0,29.0,0.995,0.013000000000000001,4239.0
823380.0,0.0,0.0,0.0,0.0,0.0,7.0,2685.0,31.0,0.995,0.013000000000000001,4239.0
823390.0,0.0,0.0,0.0,0.0,0.0,7.0,2685.0,30.0,0.995,0.013000000000000001,4239.0
823400.0,0.0,0.0,0.0,0.0,0.0,7.0,2684.0,30.0,0.994,0.013000000000000001,4237.0
823410.0,0.0,0.0,0.0,0.0,0.0,7.0,2685.0,30.0,0.994,0.013000000000000001,4237.0
823420.0,0.0,0.0,0.0,0.0,0.0,7.0,2684.0,31.0,0.994,0.013000000000000001,4237.0
823430.0,0.0,0.0,0.0,0.0,0.0,7.0,2685.0,30.0,0.994,0.013000000000000001,4237.0
823440.0,0.0,0.0,0.0,0.0,0.0,7.0,2685.0,29.0,0.994,0.013000000000000001,4237.0
823450.0,0.0,0.0,0.0,0.0,0.0,7.0,2683.0,30.0,0.994,0.013000000000000001,4238.0
823460.0,0.0,0.0,0.0,0.0,0.0,7.0,2684.0,32.0,0.994,0.013000000000000001,4238.0
823470.0,0.0,0.0,0.0,0.0,0.0,7.0,2684.0,30.0,0.994,0.013000000000000001,4238.0
823480.0,0.0,0.0,0.0,0.0,0.0,6.0,2683.0,31.0,0.994,0.013000000000000001,4238.0
823490.0,0.0,0.0,0.0,0.0,0.0,7.0,2684.0,30.0,0.994,0.013000000000000001,4238.0
823500.0,0.0,0.0,0.0,0.0,0.0,7.0,2684.0,30.0,0.994,0.013000000000000001,4229.0
823510.0,0.0,0.0,0.0,0.0,0.0,6.0,2684.0,30.0,0.994,0.013000000000000001,4229.0
823520.0,0.0,0.0,0.0,0.0,0.0,7.0,2685.0,29.0,0.994,0.013000000000000001,4229.0
823530.0,0.0,0.0,0.0,0.0,0.0,6.0,2686.0,27.0,0.994,0.013000000000000001,4229.0
823540.0,0.0,0.0,0.0,0.0,0.0,7.0,2682.0,30.0,0.994,0.013000000000000001,4229.0
823550.0,0.0,0.0,0.0,0.0,0.0,7.0,2684.0,30.0,0.994,0.013000000000000001,4229.0
823560.0,0.0,0.0,0.0,0.0,0.0,7.0,2684.0,31.0,0.994,0.013000000000000001,4229.0
823570.0,0.0,0.0,0.0,0.0,0.0,7.0,2685.0,29.0,0.994,0.013000000000000001,4229.0
823580.0,0.0,0.0,0.0,0.0,0.0,7.0,2684.0,25.0,0.994,0.013000000000000001,4229.0
823590.0,0.0,0.0,0.0,0.0,0.0,7.0,2685.0,29.0,0.994,0.013000000000000001,4229.0
823600.0,0.0,0.0,0.0,0.0,0.0,7.0,2684.0,30.0,0.994,0.013000000000000001,4238.0
823610.0,0.0,0.0,0.0,0.0,0.0,7.0,2685.0,30.0,0.994,0.013000000000000001,4238.0
823620.0,0.0,0.0,0.0,0.0,0.0,7.0,2685.0,29.0,0.994,0.013000000000000001,4238.0
823630.0,0.0,0.0,0.0,0.0,0.0,7.0,2685.0,30.0,0.994,0.013000000000000001,4238.0
823640.0,0.0,0.0,0.0,0.0,0.0,7.0,2683.0,30.0,0.994,0.013000000000000001,4238.0
823650.0,0.0,0.0,0.0,0.0,0.0,7.0,2684.0,29.0,0.994,0.013000000000000001,4238.0
823660.0,0.0,0.0,0.0,0.0,0.0,7.0,2685.0,31.0,0.994,0.013000000000000001,4238.0
823670.0,0.0,0.0,0.0,0.0,0.0,6.0,2683.0,29.0,0.994,0.013000000000000001,4238.0
823680.0,0.0,0.0,0.0,0.0,0.0,7.0,2684.0,30.0,0.994,0.013000000000000001,4238.0
823690.0,0.0,0.0,0.0,0.0,0.0,7.0,2684.0,30.0,0.994,0.013000000000000001,4238.0
823700.0,0.0,0.0,0.0,0.0,0.0,7.0,2683.0,30.0,0.994,0.013000000000000001,4238.0
823710.0,0.0,0.0,0.0,0.0,0.0,7.0,2684.0,29.0,0.994,0.013000000000000001,4238.0
823720.0,0.0,0.0,0.0,0.0,0.0,7.0,2685.0,30.0,0.994,0.013000000000000001,4238.0
823730.0,0.0,0.0,0.0,0.0,0.0,7.0,2685.0,30.0,0.994,0.013000000000000001,4238.0
823740.0,0.0,0.0,0.0,0.0,0.0,7.0,2684.0,30.0,0.994,0.013000000000000001,4238.0
823750.0,0.0,0.0,0.0,0.0,0.0,7.0,2684.0,30.0,0.994,0.013000000000000001,4238.0
823760.0,0.0,0.0,0.0,0.0,0.0,7.0,2684.0,31.0,0.994,0.013000000000000001,4238.0
823770.0,0.0,0.0,0.0,0.0,0.0,7.0,2684.0,30.0,0.994,0.013000000000000001,4238.0
823780.0,0.0,0.0,0.0,0.0,0.0,7.0,2684.0,29.0,0.994,0.013000000000000001,4238.0
823790.0,0.0,0.0,0.0,0.0,0.0,7.0,2684.0,30.0,0.994,0.013000000000000001,4238.0
823800.0,0.0,0.0,0.0,0.0,0.0,7.0,2684.0,31.0,0.994,0.013000000000000001,4238.0
823810.0,0.0,0.0,0.0,0.0,0.0,7.0,2683.0,30.0,0.994,0.013000000000000001,4238.0
823820.0,0.0,0.0,0.0,0.0,0.0,7.0,2684.0,32.0,0.994,0.013000000000000001,4238.0
823830.0,0.0,0.0,0.0,0.0,0.0,7.0,2684.0,30.0,0.994,0.013000000000000001,4238.0
823840.0,0.0,0.0,0.0,0.0,0.0,7.0,2683.0,31.0,0.994,0.013000000000000001,4238.0
823850.0,0.0,0.0,0.0,0.0,0.0,6.0,2684.0,32.0,0.994,0.013000000000000001,4238.0
823860.0,0.0,0.0,0.0,0.0,0.0,7.0,2685.0,31.0,0.994,0.013000000000000001,4238.0
823870.0,0.0,0.0,0.0,0.0,0.0,7.0,2684.0,30.0,0.994,0.013000000000000001,4238.0
823880.0,0.0,0.0,0.0,0.0,0.0,7.0,2684.0,30.0,0.994,0.013000000000000001,4238.0
823890.0,0.0,0.0,0.0,0.0,0.0,7.0,2684.0,30.0,0.994,0.013000000000000001,4238.0
823900.0,0.0,0.0,0.0,0.0,0.0,7.0,2683.0,24.0,0.994,0.013000000000000001,4238.0
823910.0,0.0,0.0,0.0,0.0,0.0,7.0,2684.0,30.0,0.994,0.013000000000000001,4238.0
823920.0,0.0,0.0,0.0,0.0,0.0,7.0,2684.0,30.0,0.994,0.013000000000000001,4238.0
823930.0,0.0,0.0,0.0,0.0,0.0,7.0,2683.0,30.0,0.994,0.013000000000000001,4238.0
823940.0,0.0,0.0,0.0,0.0,0.0,6.0,2685.0,30.0,0.994,0.013000000000000001,4238.0
823950.0,0.0,0.0,0.0,0.0,0.0,7.0,2684.0,30.0,0.994,0.013000000000000001,4229.0
823960.0,0.0,0.0,0.0,0.0,0.0,7.0,2681.0,30.0,0.994,0.013000000000000001,4229.0
823970.0,0.0,0.0,0.0,0.0,0.0,7.0,2685.0,27.0,0.994,0.013000000000000001,4229.0
823980.0,0.0,0.0,0.0,0.0,0.0,7.0,2684.0,31.0,0.994,0.013000000000000001,4229.0
823990.0,0.0,0.0,0.0,0.0,0.0,7.0,2685.0,29.0,0.994,0.013000000000000001,4229.0
824000.0,0.0,0.0,0.0,0.0,0.0,7.0,2684.0,30.0,0.994,0.013000000000000001,4228.0
824010.0,0.0,0.0,0.0,0.0,0.0,8.0,2684.0,30.0,0.994,0.012,4228.0
824020.0,0.0,0.0,0.0,0.0,0.0,7.0,2685.0,32.0,0.994,0.012,4228.0
824030.0,0.0,0.0,0.0,0.0,0.0,9.0,2684.0,31.0,0.994,0.012,4228.0
824040.0,0.0,0.0,0.0,0.0,0.0,7.0,2683.0,31.0,0.994,0.012,4228.0
824050.0,0.0,0.0,0.0,0.0,0.0,7.0,2684.0,30.0,0.994,0.012,4238.0
824060.0,0.0,0.0,0.0,0.0,0.0,7.0,2684.0,30.0,0.994,0.012,4238.0
824070.0,0.0,0.0,0.0,0.0,0.0,7.0,2684.0,32.0,0.994,0.012,4238.0
824080.0,0.0,0.0,0.0,0.0,0.0,7.0,2686.0,29.0,0.994,0.012,4238.0
824090.0,0.0,0.0,0.0,0.0,0.0,7.0,2684.0,30.0,0.994,0.012,4238.0
824100.0,0.0,0.0,0.0,0.0,0.0,7.0,2685.0,30.0,0.994,0.012,4237.0
824110.0,0.0,0.0,0.0,0.0,0.0,7.0,2684.0,30.0,0.994,0.012,4237.0
824120.0,0.0,0.0,0.0,0.0,0.0,6.0,2684.0,30.0,0.994,0.012,4237.0
824130.0,0.0,0.0,0.0,0.0,0.0,8.0,2683.0,31.0,0.994,0.012,4237.0
824140.0,0.0,0.0,0.0,0.0,0.0,7.0,2684.0,28.0,0.994,0.012,4237.0
824150.0,0.0,0.0,0.0,0.0,0.0,7.0,2683.0,30.0,0.994,0.012,4229.0
824160.0,0.0,0.0,0.0,0.0,0.0,7.0,2685.0,31.0,0.994,0.012,4229.0
824170.0,0.0,0.0,0.0,0.0,0.0,6.0,2685.0,30.0,0.994,0.012,4229.0
824180.0,0.0,0.0,0.0,0.0,0.0,6.0,2684.0,30.0,0.994,0.012,4229.0
824190.0,0.0,0.0,0.0,0.0,0.0,7.0,2683.0,31.0,0.994,0.012,4229.0
824200.0,0.0,0.0,0.0,0.0,0.0,7.0,2683.0,30.0,0.994,0.012,4239.0
824210.0,0.0,0.0,0.0,0.0,0.0,6.0,2684.0,31.0,0.994,0.012,4239.0
824220.0,0.0,0.0,0.0,0.0,0.0,7.0,2683.0,29.0,0.994,0.012,4239.0
824230.0,0.0,0.0,0.0,0.0,0.0,7.0,2685.0,30.0,0.994,0.012,4239.0
824240.0,0.0,0.0,0.0,0.0,0.0,7.0,2684.0,30.0,0.994,0.012,4239.0
824250.0,0.0,0.0,0.0,0.0,0.0,7.0,2684.0,30.0,0.994,0.012,4239.0
824260.0,0.0,0.0,0.0,0.0,0.0,7.0,2685.0,30.0,0.994,0.012,4239.0
824270.0,0.0,0.0,0.0,0.0,0.0,7.0,2685.0,30.0,0.994,0.012,4239.0
824280.0,0.0,0.0,0.0,0.0,0.0,7.0,2684.0,30.0,0.994,0.012,4239.0
824290.0,0.0,0.0,0.0,0.0,0.0,7.0,2684.0,29.0,0.994,0.012,4239.0
824300.0,0.0,0.0,0.0,0.0,0.0,7.0,2684.0,29.0,0.994,0.012,4239.0
824310.0,0.0,0.0,0.0,0.0,0.0,6.0,2685.0,31.0,0.994,0.012,4239.0
824320.0,0.0,0.0,0.0,0.0,0.0,7.0,2685.0,31.0,0.994,0.012,4239.0
824330.0,0.0,0.0,0.0,0.0,0.0,7.0,2684.0,25.0,0.994,0.012,4239.0
824340.0,0.0,0.0,0.0,0.0,0.0,7.0,2683.0,31.0,0.994,0.012,4239.0
824350.0,0.0,0.0,0.0,0.0,0.0,7.0,2683.0,36.0,0.994,0.012,4239.0
824360.0,0.0,0.0,0.0,0.0,0.0,7.0,2683.0,30.0,0.994,0.012,4239.0
824370.0,0.0,0.0,0.0,0.0,0.0,7.0,2685.0,31.0,0.994,0.012,4239.0
824380.0,0.0,0.0,0.0,0.0,0.0,7.0,2684.0,31.0,0.994,0.012,4239.0
824390.0,0.0,0.0,0.0,0.0,0.0,6.0,2684.0,31.0,0.994,0.012,4239.0
824400.0,0.0,0.0,0.0,0.0,0.0,7.0,2684.0,32.0,0.994,0.012,4228.0
824410.0,0.0,0.0,0.0,0.0,0.0,7.0,2684.0,30.0,0.994,0.012,4228.0
824420.0,0.0,0.0,0.0,0.0,0.0,7.0,2684.0,30.0,0.994,0.012,4228.0
824430.0,0.0,0.0,0.0,0.0,0.0,7.0,2684.0,30.0,0.994,0.012,4228.0
824440.0,0.0,0.0,0.0,0.0,0.0,7.0,2684.0,30.0,0.994,0.012,4228.0
824450.0,0.0,0.0,0.0,0.0,0.0,6.0,2684.0,30.0,0.994,0.012,4238.0
824460.0,0.0,0.0,0.0,0.0,0.0,7.0,2684.0,31.0,0.994,0.012,4238.0
824470.0,0.0,0.0,0.0,0.0,0.0,7.0,2684.0,30.0,0.994,0.012,4238.0
824480.0,0.0,0.0,0.0,0.0,0.0,7.0,2683.0,30.0,0.994,0.012,4238.0
824490.0,0.0,0.0,0.0,0.0,0.0,6.0,2684.0,30.0,0.994,0.012,4238.0
824500.0,0.0,0.0,0.0,0.0,0.0,7.0,2687.0,30.0,0.994,0.012,4239.0
824510.0,0.0,0.0,0.0,0.0,0.0,7.0,2684.0,29.0,0.994,0.012,4239.0
824520.0,0.0,0.0,0.0,0.0,0.0,7.0,2685.0,31.0,0.994,0.012,4239.0
824530.0,0.0,0.0,0.0,0.0,0.0,7.0,2684.0,31.0,0.994,0.012,4239.0
824540.0,0.0,0.0,0.0,0.0,0.0,7.0,2684.0,30.0,0.994,0.012,4239.0
824550.0,0.0,0.0,0.0,0.0,0.0,7.0,2684.0,30.0,0.994,0.012,4238.0
824560.0,0.0,0.0,0.0,0.0,0.0,6.0,2685.0,30.0,0.994,0.012,4238.0
824570.0,0.0,0.0,0.0,0.0,0.0,7.0,2685.0,31.0,0.994,0.012,4238.0
824580.0,0.0,0.0,0.0,0.0,0.0,7.0,2684.0,30.0,0.994,0.012,4238.0
824590.0,0.0,0.0,0.0,0.0,0.0,6.0,2685.0,29.0,0.994,0.012,4238.0
824600.0,0.0,0.0,0.0,0.0,0.0,7.0,2683.0,31.0,0.994,0.012,4238.0
824610.0,0.0,0.0,0.0,0.0,0.0,7.0,2685.0,30.0,0.994,0.012,4238.0
824620.0,0.0,0.0,0.0,0.0,0.0,7.0,2684.0,30.0,0.994,0.012,4238.0
824630.0,0.0,0.0,0.0,0.0,0.0,7.0,2684.0,31.0,0.994,0.012,4238.0
824640.0,0.0,0.0,0.0,0.0,0.0,6.0,2684.0,29.0,0.994,0.012,4238.0
824650.0,0.0,0.0,0.0,0.0,0.0,7.0,2684.0,30.0,0.994,0.012,4229.0
824660.0,0.0,0.0,0.0,0.0,0.0,6.0,2684.0,30.0,0.994,0.012,4229.0
824670.0,0.0,0.0,0.0,0.0,0.0,7.0,2684.0,30.0,0.994,0.012,4229.0
824680.0,0.0,0.0,0.0,0.0,0.0,6.0,2684.0,30.0,0.994,0.012,4229.0
824690.0,0.0,0.0,0.0,0.0,0.0,7.0,2685.0,30.0,0.994,0.012,4229.0
824700.0,0.0,0.0,0.0,0.0,0.0,7.0,2685.0,30.0,0.994,0.012,4239.0
824710.0,0.0,0.0,0.0,0.0,0.0,7.0,2685.0,30.0,0.994,0.012,4239.0
824720.0,0.0,0.0,0.0,0.0,0.0,7.0,2684.0,30.0,0.994,0.012,4239.0
824730.0,0.0,0.0,0.0,0.0,0.0,7.0,2685.0,30.0,0.994,0.012,4239.0
824740.0,0.0,0.0,0.0,0.0,0.0,6.0,2685.0,30.0,0.994,0.012,4239.0
824750.0,0.0,0.0,0.0,0.0,0.0,7.0,2684.0,30.0,0.994,0.012,4238.0
824760.0,0.0,0.0,0.0,0.0,0.0,7.0,2683.0,29.0,0.994,0.012,4238.0
824770.0,0.0,0.0,0.0,0.0,0.0,7.0,2684.0,30.0,0.994,0.012,4238.0
824780.0,0.0,0.0,0.0,0.0,0.0,7.0,2686.0,30.0,0.994,0.012,4238.0
824790.0,0.0,0.0,0.0,0.0,0.0,7.0,2684.0,30.0,0.994,0.012,4238.0
824800.0,0.0,0.0,0.0,0.0,0.0,7.0,2685.0,31.0,0.994,0.012,4230.0
824810.0,0.0,0.0,0.0,0.0,0.0,7.0,2685.0,30.0,0.994,0.012,4230.0
824820.0,0.0,0.0,0.0,0.0,0.0,7.0,2684.0,30.0,0.994,0.012,4230.0
824830.0,0.0,0.0,0.0,0.0,0.0,7.0,2684.0,31.0,0.994,0.012,4230.0
824840.0,0.0,0.0,0.0,0.0,0.0,6.0,2685.0,30.0,0.994,0.012,4230.0
824850.0,0.0,0.0,0.0,0.0,0.0,7.0,2684.0,30.0,0.994,0.012,4238.0
824860.0,0.0,0.0,0.0,0.0,0.0,8.0,2685.0,30.0,0.994,0.012,4238.0
824870.0,0.0,0.0,0.0,0.0,0.0,7.0,2684.0,30.0,0.994,0.012,4238.0
824880.0,0.0,0.0,0.0,0.0,0.0,7.0,2685.0,30.0,0.994,0.012,4238.0
824890.0,0.0,0.0,0.0,0.0,0.0,6.0,2685.0,30.0,0.994,0.012,4238.0
824900.0,0.0,0.0,0.0,0.0,0.0,7.0,2684.0,31.0,0.994,0.012,4230.0
824910.0,0.0,0.0,0.0,0.0,0.0,7.0,2684.0,31.0,0.994,0.012,4230.0
824920.0,0.0,0.0,0.0,0.0,0.0,6.0,2684.0,30.0,0.994,0.012,4230.0
824930.0,0.0,0.0,0.0,0.0,0.0,7.0,2683.0,30.0,0.994,0.012,4230.0
824940.0,0.0,0.0,0.0,0.0,0.0,7.0,2685.0,32.0,0.994,0.012,4230.0
824950.0,0.0,0.0,0.0,0.0,0.0,7.0,2684.0,30.0,0.994,0.012,4238.0
824960.0,0.0,0.0,0.0,0.0,0.0,7.0,2684.0,30.0,0.994,0.012,4238.0
824970.0,0.0,0.0,0.0,0.0,0.0,7.0,2685.0,30.0,0.994,0.012,4238.0
824980.0,0.0,0.0,0.0,0.0,0.0,7.0,2684.0,30.0,0.994,0.012,4238.0
824990.0,0.0,0.0,0.0,0.0,0.0,7.0,2684.0,30.0,0.994,0.012,4238.0
825000.0,0.0,0.0,0.0,0.0,0.0,7.0,2683.0,30.0,0.994,0.012,4238.0
825010.0,0.0,0.0,0.0,0.0,0.0,7.0,2684.0,30.0,0.994,0.012,4238.0
825020.0,0.0,0.0,0.0,0.0,0.0,7.0,2685.0,30.0,0.994,0.012,4238.0
825030.0,0.0,0.0,0.0,0.0,0.0,7.0,2682.0,29.0,0.994,0.012,4238.0
825040.0,0.0,0.0,0.0,0.0,0.0,6.0,2684.0,30.0,0.994,0.012,4238.0
825050.0,0.0,0.0,0.0,0.0,0.0,7.0,2680.0,30.0,0.994,0.012,4238.0
825060.0,0.0,0.0,0.0,0.0,0.0,7.0,2684.0,30.0,0.994,0.012,4238.0
825070.0,0.0,0.0,0.0,0.0,0.0,6.0,2682.0,30.0,0.994,0.012,4238.0
825080.0,0.0,0.0,0.0,0.0,0.0,7.0,2684.0,30.0,0.994,0.012,4238.0
825090.0,0.0,0.0,0.0,0.0,0.0,7.0,2684.0,31.0,0.994,0.012,4238.0
825100.0,0.0,0.0,0.0,0.0,0.0,7.0,2684.0,30.0,0.994,0.012,4237.0
825110.0,0.0,0.0,0.0,0.0,0.0,7.0,2684.0,30.0,0.994,0.012,4237.0
825120.0,0.0,0.0,0.0,0.0,0.0,7.0,2684.0,30.0,0.994,0.012,4237.0
825130.0,0.0,0.0,0.0,0.0,0.0,7.0,2685.0,30.0,0.994,0.012,4237.0
825140.0,0.0,0.0,0.0,0.0,0.0,7.0,2684.0,30.0,0.994,0.012,4237.0
825150.0,0.0,0.0,0.0,0.0,0.0,7.0,2684.0,29.0,0.994,0.012,4239.0
825160.0,0.0,0.0,0.0,0.0,0.0,7.0,2685.0,29.0,0.994,0.012,4239.0
825170.0,0.0,0.0,0.0,0.0,0.0,7.0,2684.0,30.0,0.994,0.012,4239.0
825180.0,0.0,0.0,0.0,0.0,0.0,7.0,2685.0,30.0,0.994,0.012,4239.0
825190.0,0.0,0.0,0.0,0.0,0.0,7.0,2685.0,31.0,0.994,0.012,4239.0
825200.0,0.0,0.0,0.0,0.0,0.0,7.0,2684.0,24.0,0.994,0.012,4238.0
825210.0,0.0,0.0,0.0,0.0,0.0,7.0,2685.0,30.0,0.994,0.012,4238.0
825220.0,0.0,0.0,0.0,0.0,0.0,7.0,2684.0,29.0,0.994,0.012,4238.0
825230.0,0.0,0.0,0.0,0.0,0.0,7.0,2684.0,28.0,0.994,0.012,4238.0
825240.0,0.0,0.0,0.0,0.0,0.0,7.0,2685.0,31.0,0.994,0.012,4238.0
825250.0,0.0,0.0,0.0,0.0,0.0,7.0,2686.0,28.0,0.994,0.012,4238.0
825260.0,0.0,0.0,0.0,0.0,0.0,7.0,2688.0,30.0,0.994,0.012,4238.0
825270.0,0.0,0.0,0.0,0.0,0.0,7.0,2684.0,30.0,0.994,0.012,4238.0
825280.0,0.0,0.0,0.0,0.0,0.0,7.0,2683.0,30.0,0.994,0.012,4238.0
825290.0,0.0,0.0,0.0,0.0,0.0,7.0,2684.0,30.0,0.994,0.012,4238.0
825300.0,0.0,0.0,0.0,0.0,0.0,7.0,2684.0,31.0,0.994,0.012,4241.0
825310.0,0.0,0.0,0.0,0.0,0.0,7.0,2684.0,30.0,0.994,0.012,4241.0
825320.0,0.0,0.0,0.0,0.0,0.0,7.0,2684.0,30.0,0.994,0.012,4241.0
825330.0,0.0,0.0,0.0,0.0,0.0,7.0,2683.0,29.0,0.994,0.012,4241.0
825340.0,0.0,0.0,0.0,0.0,0.0,6.0,2685.0,31.0,0.994,0.012,4241.0
825350.0,0.0,0.0,0.0,0.0,0.0,7.0,2684.0,27.0,0.994,0.012,4228.0
825360.0,0.0,0.0,0.0,0.0,0.0,6.0,2685.0,31.0,0.994,0.012,4228.0
825370.0,0.0,0.0,0.0,0.0,0.0,7.0,2683.0,31.0,0.994,0.012,4228.0
825380.0,0.0,0.0,0.0,0.0,0.0,7.0,2685.0,30.0,0.994,0.012,4228.0
825390.0,0.0,0.0,0.0,0.0,0.0,7.0,2684.0,31.0,0.994,0.012,4228.0
825400.0,0.0,0.0,0.0,0.0,0.0,7.0,2684.0,56.0,0.994,0.012,4238.0
825410.0,0.0,0.0,0.0,0.0,0.0,7.0,2684.0,79.0,0.994,0.012,4238.0
825420.0,0.0,0.0,0.0,0.0,0.0,7.0,2684.0,106.0,0.994,0.012,4238.0
825430.0,0.0,0.0,0.0,0.0,0.0,7.0,2683.0,135.0,0.994,0.012,4238.0
825440.0,0.0,0.0,0.0,0.0,0.0,8.0,2684.0,168.0,0.994,0.012,4238.0
825450.0,0.0,0.0,0.0,0.0,0.0,7.0,2684.0,193.0,0.994,0.012,4237.0
825460.0,0.0,0.0,0.0,0.0,0.0,7.0,2684.0,221.0,0.994,0.012,4237.0
825470.0,0.0,0.0,0.0,0.0,0.0,7.0,2684.0,252.0,0.994,0.012,4237.0
825480.0,0.0,0.0,0.0,0.0,0.0,7.0,2686.0,283.0,0.994,0.012,4237.0
825490.0,0.0,0.0,0.0,0.0,0.0,6.0,2685.0,312.0,0.994,0.012,4237.0
825500.0,0.0,0.0,0.0,0.0,0.0,7.0,2684.0,339.0,0.995,0.012,4237.0
825510.0,0.0,0.0,0.0,0.0,0.0,7.0,2684.0,365.0,0.995,0.012,4237.0
825520.0,0.0,0.0,0.0,0.0,0.0,7.0,2684.0,392.0,0.995,0.012,4237.0
825530.0,0.0,0.0,0.0,0.0,0.0,7.0,2685.0,420.0,0.995,0.012,4237.0
825540.0,0.0,0.0,0.0,0.0,0.0,7.0,2684.0,448.0,0.995,0.012,4237.0
825550.0,0.0,0.0,0.0,0.0,0.0,7.0,2685.0,482.0,0.995,0.012,4233.0
825560.0,0.0,0.0,0.0,0.0,0.0,7.0,2683.0,513.0,0.995,0.012,4233.0
825570.0,0.0,0.0,0.0,0.0,0.0,7.0,2686.0,541.0,0.995,0.012,4233.0
825580.0,0.0,0.0,0.0,0.0,0.0,7.0,2683.0,573.0,0.995,0.012,4233.0
825590.0,0.0,0.0,0.0,0.0,0.0,7.0,2684.0,606.0,0.995,0.012,4233.0
825600.0,0.0,0.0,0.0,0.0,0.0,7.0,2685.0,633.0,0.995,0.012,4234.0
825610.0,0.0,0.0,0.0,0.0,0.0,7.0,2684.0,671.0,0.995,0.012,4234.0
825620.0,0.0,0.0,0.0,0.0,0.0,7.0,2686.0,697.0,0.995,0.012,4234.0
825630.0,0.0,0.0,0.0,0.0,0.0,5.0,2684.0,731.0,0.995,0.012,4234.0
825640.0,0.0,0.0,0.0,0.0,0.0,7.0,2685.0,764.0,0.995,0.012,4234.0
825650.0,0.0,0.0,0.0,0.0,0.0,7.0,2684.0,798.0,0.996,0.012,4233.0
825660.0,0.0,0.0,0.0,0.0,0.0,7.0,2684.0,833.0,0.996,0.012,4233.0
825670.0,0.0,0.0,0.0,0.0,0.0,7.0,2684.0,868.0,0.996,0.012,4233.0
825680.0,0.0,0.0,0.0,0.0,0.0,7.0,2683.0,900.0,0.996,0.012,4233.0
825690.0,0.0,0.0,0.0,0.0,0.0,7.0,2685.0,927.0,0.996,0.012,4233.0
825700.0,0.0,0.0,0.0,0.0,0.0,7.0,2685.0,958.0,0.996,0.012,4226.0
825710.0,0.0,0.0,0.0,0.0,0.0,7.0,2683.0,983.0,0.996,0.012,4226.0
825720.0,0.0,0.0,0.0,0.0,0.0,7.0,2684.0,1006.0,0.996,0.012,4226.0
825730.0,0.0,0.0,0.0,0.0,0.0,7.0,2684.0,1026.0,0.996,0.012,4226.0
825740.0,0.0,0.0,0.0,0.0,0.0,7.0,2684.0,1047.0,0.996,0.012,4226.0
825750.0,0.0,0.0,0.0,0.0,0.0,7.0,2685.0,1066.0,0.996,0.012,4233.0
825760.0,0.0,0.0,0.0,0.0,0.0,7.0,2685.0,1085.0,0.996,0.012,4233.0
825770.0,0.0,0.0,0.0,0.0,0.0,7.0,2684.0,1096.0,0.996,0.012,4233.0
825780.0,0.0,0.0,0.0,0.0,0.0,7.0,2684.0,1106.0,0.996,0.012,4233.0
825790.0,0.0,0.0,0.0,0.0,0.0,7.0,2683.0,1112.0,0.996,0.012,4233.0
825800.0,0.0,0.0,0.0,0.0,0.0,7.0,2684.0,1116.0,0.996,0.012,4235.0
825810.0,0.0,0.0,0.0,0.0,0.0,7.0,2683.0,1116.0,0.996,0.012,4235.0
825820.0,0.0,0.0,0.0,0.0,0.0,6.0,2685.0,1116.0,0.996,0.012,4235.0
825830.0,0.0,0.0,0.0,0.0,0.0,7.0,2685.0,1115.0,0.996,0.012,4235.0
825840.0,0.0,0.0,0.0,0.0,0.0,7.0,2684.0,1115.0,0.996,0.012,4235.0
825850.0,0.0,0.0,0.0,0.0,0.0,6.0,2688.0,1116.0,0.996,0.012,4203.0
825860.0,0.0,0.0,0.0,0.0,0.0,7.0,2685.0,1115.0,0.996,0.012,4203.0
825870.0,0.0,0.0,0.0,0.0,0.0,7.0,2683.0,1115.0,0.996,0.012,4203.0
825880.0,0.0,0.0,0.0,0.0,0.0,9.0,2684.0,1115.0,0.996,0.012,4203.0
825890.0,0.0,0.0,0.0,0.0,0.0,7.0,2684.0,1115.0,0.996,0.012,4203.0
825900.0,0.0,0.0,0.0,0.0,0.0,7.0,2684.0,1115.0,0.994,0.012,4208.0
825910.0,0.0,0.0,0.0,0.0,0.0,7.0,2684.0,1115.0,0.994,0.012,4208.0
825920.0,0.0,0.0,0.0,0.0,0.0,7.0,2683.0,1115.0,0.994,0.012,4208.0
825930.0,0.0,0.0,0.0,0.0,0.0,8.0,2682.0,1115.0,0.994,0.012,4208.0
825940.0,0.0,0.0,0.0,0.0,0.0,7.0,2684.0,1115.0,0.994,0.012,4208.0
825950.0,0.0,0.0,0.0,0.0,0.0,7.0,2684.0,1115.0,0.993,0.012,4237.0
825960.0,0.0,0.0,0.0,0.0,0.0,6.0,2684.0,1115.0,0.993,0.012,4237.0
825970.0,0.0,0.0,0.0,0.0,0.0,7.0,2684.0,1115.0,0.993,0.012,4237.0
825980.0,0.0,0.0,0.0,0.0,0.0,7.0,2684.0,1115.0,0.993,0.012,4237.0
825990.0,0.0,0.0,0.0,0.0,0.0,7.0,2685.0,1115.0,0.993,0.012,4237.0
826000.0,0.0,0.0,0.0,0.0,0.0,7.0,2683.0,1115.0,0.992,0.012,4237.0
826010.0,0.0,0.0,0.0,0.0,0.0,6.0,2685.0,1115.0,0.992,0.012,4237.0
826020.0,0.0,0.0,0.0,0.0,0.0,6.0,2684.0,1116.0,0.992,0.012,4237.0
826030.0,0.0,0.0,0.0,0.0,0.0,7.0,2684.0,1116.0,0.992,0.012,4237.0
826040.0,0.0,0.0,0.0,0.0,0.0,7.0,2684.0,1116.0,0.992,0.012,4237.0
826050.0,0.0,0.0,0.0,0.0,0.0,7.0,2684.0,1116.0,0.992,0.012,4237.0
826060.0,0.0,0.0,0.0,0.0,0.0,7.0,2685.0,1117.0,0.992,0.012,4237.0
826070.0,0.0,0.0,0.0,0.0,0.0,6.0,2684.0,1116.0,0.992,0.012,4237.0
826080.0,0.0,0.0,0.0,0.0,0.0,7.0,2684.0,1116.0,0.992,0.012,4237.0
826090.0,0.0,0.0,0.0,0.0,0.0,7.0,2683.0,1116.0,0.992,0.012,4237.0
826100.0,0.0,0.0,0.0,0.0,0.0,7.0,2685.0,1115.0,0.992,0.012,4237.0
826110.0,0.0,0.0,0.0,0.0,0.0,7.0,2684.0,1118.0,0.992,0.012,4237.0
826120.0,0.0,0.0,0.0,0.0,0.0,7.0,2685.0,1122.0,0.992,0.012,4237.0
826130.0,0.0,0.0,0.0,0.0,0.0,7.0,2685.0,1133.0,0.992,0.012,4237.0
826140.0,0.0,0.0,0.0,0.0,0.0,7.0,2685.0,1143.0,0.992,0.012,4237.0
826150.0,0.0,0.0,0.0,0.0,0.0,7.0,2681.0,1161.0,0.992,0.012,4236.0
826160.0,0.0,0.0,0.0,0.0,0.0,6.0,2684.0,1180.0,0.992,0.012,4236.0
826170.0,0.0,0.0,0.0,0.0,0.0,7.0,2684.0,1204.0,0.992,0.012,4236.0
826180.0,0.0,0.0,0.0,0.0,0.0,7.0,2685.0,1229.0,0.992,0.012,4236.0
826190.0,0.0,0.0,0.0,0.0,0.0,7.0,2684.0,1258.0,0.992,0.012,4236.0
826200.0,0.0,0.0,0.0,0.0,0.0,7.0,2685.0,1287.0,0.992,0.012,4231.0
826210.0,0.0,0.0,0.0,0.0,0.0,7.0,2684.0,1324.0,0.992,0.012,4231.0
826220.0,0.0,0.0,0.0,0.0,0.0,7.0,2684.0,1356.0,0.992,0.012,4231.0
826230.0,0.0,0.0,0.0,0.0,0.0,7.0,2685.0,1398.0,0.992,0.012,4231.0
826240.0,0.0,0.0,0.0,0.0,0.0,7.0,2684.0,1439.0,0.992,0.012,4231.0
826250.0,0.0,0.0,0.0,0.0,0.0,7.0,2685.0,1478.0,0.99,0.012,4236.0
826260.0,0.0,0.0,0.0,0.0,0.0,7.0,2684.0,1517.0,0.99,0.012,4236.0
826270.0,0.0,0.0,0.0,0.0,0.0,7.0,2684.0,1561.0,0.99,0.012,4236.0
826280.0,0.0,0.0,0.0,0.0,0.0,7.0,2683.0,1599.0,0.99,0.012,4236.0
826290.0,0.0,0.0,0.0,0.0,0.0,7.0,2685.0,1641.0,0.99,0.012,4236.0
826300.0,0.0,0.0,0.0,0.0,0.0,7.0,2684.0,1682.0,0.975,0.012,4230.0
826310.0,0.0,0.0,0.0,0.0,0.0,7.0,2684.0,1726.0,0.975,0.012,4230.0
826320.0,0.0,0.0,0.0,0.0,0.0,7.0,2683.0,1767.0,0.975,0.012,4230.0
826330.0,0.0,0.0,0.0,0.0,0.0,7.0,2684.0,1812.0,0.975,0.012,4230.0
826340.0,0.0,0.0,0.0,0.0,0.0,7.0,2684.0,1857.0,0.975,0.012,4230.0
826350.0,0.0,0.0,0.0,0.0,0.0,6.0,2685.0,1903.0,0.758,0.012,4198.0
826360.0,0.0,0.0,0.0,0.0,0.0,7.0,2682.0,1948.0,0.758,0.012,4198.0
826370.0,0.0,0.0,0.0,0.0,0.0,7.0,2685.0,1991.0,0.758,0.012,4198.0
826380.0,0.0,0.0,0.0,0.0,0.0,7.0,2685.0,2036.0,0.758,0.012,4198.0
826390.0,0.0,0.0,0.0,0.0,0.0,7.0,2684.0,2079.0,0.758,0.012,4198.0
826400.0,2.0,0.0,0.0,0.0,0.0,7.0,2684.0,2111.0,0.8180000000000001,0.012,4205.0
826410.0,2.0,0.0,0.0,0.0,0.0,7.0,2685.0,2147.0,0.8180000000000001,0.012,4205.0
826420.0,2.0,0.0,0.0,0.0,0.0,7.0,2685.0,2182.0,0.8180000000000001,0.012,4205.0
826430.0,2.0,0.0,0.0,0.0,0.0,7.0,2683.0,2221.0,0.8180000000000001,0.012,4205.0
826440.0,2.0,0.0,0.0,0.0,0.0,7.0,2685.0,2253.0,0.8180000000000001,0.012,4205.0
826450.0,2.0,0.0,0.0,0.0,0.0,8.0,2684.0,2282.0,0.96,0.012,4213.0
826460.0,2.0,0.0,0.0,0.0,0.0,7.0,2685.0,2316.0,0.96,0.012,4213.0
826470.0,2.0,0.0,0.0,0.0,0.0,7.0,2685.0,2346.0,0.96,0.012,4213.0
826480.0,2.0,0.0,0.0,0.0,0.0,7.0,2684.0,2376.0,0.96,0.012,4213.0
826490.0,2.0,0.0,0.0,0.0,0.0,7.0,2684.0,2410.0,0.96,0.012,4213.0
826500.0,2.0,2.0,-120.0,0.0,-0.48,6.0,2684.0,2441.0,0.991,0.012,4223.0
826510.0,2.0,2.0,-120.0,-0.9,-0.536,7.0,2684.0,2472.0,0.991,0.012,4223.0
826520.0,2.0,2.0,-120.0,-0.5,-0.598,7.0,2684.0,2501.0,0.991,0.012,4223.0
826530.0,2.0,2.0,-120.0,0.7000000000000001,-0.662,7.0,2684.0,2533.0,0.991,0.012,4223.0
826540.0,2.0,2.0,-120.0,0.30000000000000004,-0.721,7.0,2686.0,2560.0,0.991,0.012,4223.0
826550.0,2.0,2.0,-120.0,0.2,-0.781,6.0,2686.0,2581.0,0.996,0.012,4208.0
826560.0,2.0,2.0,-120.0,-0.8,-0.837,8.0,2684.0,2601.0,0.996,0.012,4208.0
826570.0,2.0,2.0,-120.0,-0.4,-0.898,7.0,2683.0,2626.0,0.996,0.012,4208.0
826580.0,2.0,2.0,-120.0,-0.2,-0.9580000000000001,7.0,2682.0,2641.0,0.996,0.012,4208.0
826590.0,2.0,2.0,-120.0,0.8,-1.0,7.0,2684.0,2658.0,0.996,0.012,4208.0
826600.0,2.0,2.0,-120.0,-0.5,-1.0,7.0,2684.0,2665.0,0.998,0.012,4246.0
826610.0,2.0,2.0,-120.0,0.6000000000000001,-1.0,7.0,2686.0,2681.0,0.998,0.012,4246.0
826620.0,2.0,2.0,-120.0,0.30000000000000004,-1.0,6.0,2686.0,2682.0,0.998,0.012,4246.0
826630.0,2.0,2.0,-120.0,0.2,-1.0,7.0,2685.0,2677.0,0.998,0.012,4246.0
826640.0,2.0,2.0,-120.0,0.1,-1.0,6.0,2685.0,2681.0,0.998,0.012,4246.0
826650.0,2.0,2.0,-120.0,0.0,-1.0,7.0,2685.0,2680.0,0.998,0.012,4250.0
826660.0,2.0,2.0,-120.0,0.0,-1.0,6.0,2686.0,2681.0,0.998,0.012,4250.0
826670.0,2.0,2.0,-120.0,0.0,-1.0,7.0,2686.0,2681.0,0.998,0.012,4250.0
826680.0,2.0,2.0,-120.0,0.0,-1.0,7.0,2687.0,2680.0,0.998,0.012,4250.0
826690.0,2.0,2.0,-120.0,0.0,-1.0,8.0,2683.0,2680.0,0.998,0.012,4250.0
826700.0,2.0,2.0,-120.0,0.0,-1.0,7.0,2684.0,2678.0,0.998,0.012,4249.0
826710.0,2.0,2.0,-120.0,0.0,-1.0,7.0,2684.0,2680.0,0.998,0.012,4249.0
826720.0,2.0,2.0,-120.0,-0.9,-1.0,8.0,2685.0,2678.0,0.998,0.012,4249.0
826730.0,2.0,2.0,-120.0,-0.5,-1.0,7.0,2682.0,2677.0,0.998,0.012,4249.0
826740.0,2.0,2.0,-120.0,-0.2,-1.0,8.0,2684.0,2676.0,0.998,0.012,4249.0
826750.0,2.0,2.0,-120.0,-0.1,-1.0,7.0,2683.0,2675.0,0.999,0.012,4249.0
826760.0,2.0,2.0,-120.0,-0.1,-1.0,7.0,2685.0,2679.0,0.999,0.012,4249.0
826770.0,2.0,2.0,-120.0,0.0,-1.0,7.0,2686.0,2679.0,0.999,0.012,4249.0
826780.0,2.0,2.0,-120.0,0.0,-1.0,7.0,2685.0,2678.0,0.999,0.012,4249.0
826790.0,2.0,2.0,-120.0,0.9,-1.0,7.0,2684.0,2680.0,0.999,0.012,4249.0
826800.0,2.0,2.0,-120.0,0.4,-1.0,6.0,2686.0,2683.0,0.999,0.012,4258.0
826810.0,2.0,2.0,-120.0,0.2,-1.0,6.0,2685.0,2682.0,0.999,0.012,4258.0
826820.0,2.0,2.0,-120.0,0.1,-1.0,6.0,2687.0,2681.0,0.999,0.012,4258.0
826830.0,2.0,2.0,-120.0,0.1,-1.0,7.0,2684.0,2680.0,0.999,0.012,4258.0
826840.0,2.0,2.0,-120.0,0.0,-1.0,7.0,2685.0,2680.0,0.999,0.012,4258.0
826850.0,2.0,2.0,-120.0,-0.9,-1.0,7.0,2684.0,2678.0,0.999,0.012,4802.0
826860.0,2.0,2.0,-120.0,-0.4,-1.0,7.0,2685.0,2678.0,0.999,0.012,4802.0
826870.0,2.0,2.0,-120.0,-0.2,-1.0,7.0,2683.0,2677.0,0.999,0.012,4802.0
826880.0,2.0,2.0,-120.0,-0.1,-1.0,8.0,2682.0,2677.0,0.999,0.012,4802.0
826890.0,2.0,2.0,-120.0,-0.1,-1.0,7.0,2683.0,2677.0,0.999,0.012,4802.0
826900.0,2.0,2.0,-120.0,0.0,-1.0,7.0,2684.0,2680.0,0.999,0.012,4257.0
826910.0,2.0,2.0,-120.0,0.0,-1.0,7.0,2685.0,2680.0,0.999,0.012,4257.0
826920.0,2.0,2.0,-120.0,0.0,-1.0,7.0,2684.0,2679.0,0.999,0.012,4257.0
826930.0,2.0,2.0,-120.0,0.0,-1.0,7.0,2685.0,2679.0,0.999,0.012,4257.0
826940.0,2.0,2.0,-120.0,0.9,-1.0,6.0,2687.0,2683.0,0.999,0.012,4257.0
826950.0,2.0,2.0,-120.0,0.4,-1.0,6.0,2687.0,2683.0,0.999,0.012,4251.0
826960.0,2.0,2.0,-120.0,0.2,-1.0,6.0,2685.0,2684.0,0.999,0.012,4251.0
826970.0,2.0,2.0,-120.0,0.1,-1.0,7.0,2684.0,2680.0,0.999,0.012,4251.0
826980.0,2.0,2.0,-120.0,0.1,-1.0,7.0,2684.0,2681.0,0.999,0.012,4251.0
826990.0,2.0,2.0,-120.0,0.0,-1.0,7.0,2685.0,2680.0,0.999,0.012,4251.0
827000.0,2.0,2.0,-120.0,-0.9,-1.0,7.0,2685.0,2681.0,0.999,0.012,4257.0
827010.0,2.0,2.0,-120.0,-0.4,-1.0,8.0,2683.0,2677.0,0.999,0.013000000000000001,4257.0
827020.0,2.0,2.0,-120.0,-0.2,-1.0,8.0,2683.0,2677.0,0.999,0.013000000000000001,4257.0
827030.0,2.0,2.0,-120.0,-0.1,-1.0,7.0,2683.0,2675.0,0.999,0.013000000000000001,4257.0
827040.0,2.0,2.0,-120.0,-0.1,-1.0,7.0,2685.0,2681.0,0.999,0.013000000000000001,4257.0
827050.0,2.0,2.0,-120.0,0.0,-1.0,7.0,2685.0,2679.0,0.999,0.013000000000000001,4257.0
827060.0,2.0,2.0,-120.0,0.0,-1.0,7.0,2684.0,2681.0,0.999,0.013000000000000001,4257.0
827070.0,2.0,2.0,-120.0,0.9,-1.0,7.0,2684.0,2681.0,0.999,0.013000000000000001,4257.0
827080.0,2.0,2.0,-120.0,0.4,-1.0,6.0,2686.0,2683.0,0.999,0.013000000000000001,4257.0
827090.0,2.0,2.0,-120.0,0.2,-1.0,7.0,2687.0,2682.0,0.999,0.013000000000000001,4257.0
827100.0,2.0,2.0,-120.0,0.1,-1.0,6.0,2687.0,2682.0,0.999,0.013000000000000001,4256.0
827110.0,2.0,2.0,-120.0,0.1,-1.0,7.0,2684.0,2680.0,0.999,0.013000000000000001,4256.0
827120.0,2.0,2.0,-120.0,0.0,-1.0,7.0,2685.0,2681.0,0.999,0.013000000000000001,4256.0
827130.0,2.0,2.0,-120.0,0.0,-1.0,7.0,2684.0,2680.0,0.999,0.013000000000000001,4256.0
827140.0,2.0,2.0,-120.0,-0.9,-1.0,7.0,2685.0,2679.0,0.999,0.013000000000000001,4256.0
827150.0,2.0,2.0,-120.0,-0.4,-1.0,8.0,2683.0,2678.0,0.999,0.013000000000000001,4257.0
827160.0,2.0,2.0,-120.0,-0.2,-1.0,8.0,2682.0,2677.0,0.999,0.013000000000000001,4257.0
827170.0,2.0,2.0,-120.0,-0.1,-1.0,7.0,2683.0,2677.0,0.999,0.013000000000000001,4257.0
827180.0,2.0,2.0,-120.0,-0.1,-1.0,7.0,2685.0,2680.0,0.999,0.013000000000000001,4257.0
827190.0,2.0,2.0,-120.0,0.0,-1.0,7.0,2685.0,2680.0,0.999,0.013000000000000001,4257.0
827200.0,2.0,2.0,-120.0,0.0,-1.0,7.0,2685.0,2682.0,0.999,0.013000000000000001,4257.0
827210.0,2.0,2.0,-120.0,0.0,-1.0,7.0,2684.0,2681.0,0.999,0.013000000000000001,4257.0
827220.0,2.0,2.0,-120.0,0.9,-1.0,7.0,2686.0,2682.0,0.999,0.013000000000000001,4257.0
827230.0,2.0,2.0,-120.0,0.4,-1.0,6.0,2685.0,2683.0,0.999,0.013000000000000001,4257.0
827240.0,2.0,2.0,-120.0,0.2,-1.0,6.0,2686.0,2681.0,0.999,0.013000000000000001,4257.0
827250.0,2.0,2.0,-120.0,0.1,-1.0,6.0,2687.0,2681.0,0.999,0.013000000000000001,4257.0
827260.0,2.0,2.0,-120.0,0.1,-1.0,7.0,2685.0,2679.0,0.999,0.013000000000000001,4257.0
827270.0,2.0,2.0,-120.0,0.0,-1.0,7.0,2685.0,2679.0,0.999,0.013000000000000001,4257.0
827280.0,2.0,2.0,-120.0,0.0,-1.0,7.0,2684.0,2680.0,0.999,0.013000000000000001,4257.0
827290.0,2.0,2.0,-120.0,-0.9,-1.0,7.0,2685.0,2679.0,0.999,0.013000000000000001,4257.0
827300.0,2.0,2.0,-120.0,-0.4,-1.0,9.0,2683.0,2676.0,0.999,0.013000000000000001,4242.0
827310.0,2.0,2.0,-120.0,-0.2,-1.0,8.0,2684.0,2678.0,0.999,0.013000000000000001,4242.0
827320.0,2.0,2.0,-120.0,-0.1,-1.0,8.0,2683.0,2678.0,0.999,0.013000000000000001,4242.0
827330.0,2.0,2.0,-120.0,-0.1,-1.0,7.0,2684.0,2680.0,0.999,0.013000000000000001,4242.0
827340.0,2.0,2.0,-120.0,0.0,-1.0,7.0,2686.0,2680.0,0.999,0.013000000000000001,4242.0
827350.0,2.0,2.0,-120.0,0.9,-1.0,7.0,2685.0,2679.0,0.999,0.013000000000000001,4801.0
827360.0,2.0,2.0,-120.0,0.4,-1.0,7.0,2684.0,2679.0,0.999,0.013000000000000001,4801.0
827370.0,2.0,2.0,-120.0,0.2,-1.0,7.0,2684.0,2681.0,0.999,0.013000000000000001,4801.0
827380.0,2.0,2.0,-120.0,0.1,-1.0,6.0,2687.0,2682.0,0.999,0.013000000000000001,4801.0
827390.0,2.0,2.0,-120.0,0.1,-1.0,7.0,2687.0,2681.0,0.999,0.013000000000000001,4801.0
827400.0,2.0,2.0,-120.0,0.0,-1.0,6.0,2687.0,2679.0,0.999,0.013000000000000001,4248.0
827410.0,2.0,2.0,-120.0,0.0,-1.0,7.0,2684.0,2680.0,0.999,0.013000000000000001,4248.0
827420.0,2.0,2.0,-120.0,0.0,-1.0,7.0,2684.0,2680.0,0.999,0.013000000000000001,4248.0
827430.0,2.0,2.0,-120.0,0.0,-1.0,7.0,2683.0,2679.0,0.999,0.013000000000000001,4248.0
827440.0,2.0,2.0,-120.0,-0.9,-1.0,8.0,2682.0,2677.0,0.999,0.013000000000000001,4248.0
827450.0,2.0,2.0,-120.0,-0.4,-1.0,7.0,2683.0,2676.0,0.999,0.013000000000000001,4257.0
827460.0,2.0,2.0,-120.0,-0.2,-1.0,7.0,2683.0,2677.0,0.999,0.013000000000000001,4257.0
827470.0,2.0,2.0,-120.0,-0.1,-1.0,7.0,2683.0,2677.0,0.999,0.013000000000000001,4257.0
827480.0,2.0,2.0,-120.0,-0.1,-1.0,8.0,2686.0,2680.0,0.999,0.013000000000000001,4257.0
827490.0,2.0,2.0,-120.0,0.0,-1.0,6.0,2685.0,2680.0,0.999,0.013000000000000001,4257.0
827500.0,2.0,2.0,-120.0,0.9,-1.0,7.0,2681.0,2681.0,0.999,0.013000000000000001,4794.0
827510.0,2.0,2.0,-120.0,0.4,-1.0,7.0,2685.0,2679.0,0.999,0.013000000000000001,4794.0
827520.0,2.0,2.0,-120.0,0.2,-1.0,7.0,2687.0,2682.0,0.999,0.013000000000000001,4794.0
827530.0,2.0,2.0,-120.0,0.1,-1.0,7.0,2686.0,2681.0,0.999,0.013000000000000001,4794.0
827540.0,2.0,2.0,-120.0,0.1,-1.0,6.0,2686.0,2683.0,0.999,0.013000000000000001,4794.0
827550.0,2.0,2.0,-120.0,0.0,-1.0,7.0,2685.0,2681.0,0.999,0.013000000000000001,4257.0
827560.0,2.0,2.0,-120.0,0.0,-1.0,7.0,2684.0,2680.0,0.999,0.013000000000000001,4257.0
827570.0,2.0,2.0,-120.0,0.0,-1.0,7.0,2683.0,2680.0,0.999,0.013000000000000001,4257.0
827580.0,2.0,2.0,-120.0,0.0,-1.0,7.0,2684.0,2681.0,0.999,0.013000000000000001,4257.0
827590.0,2.0,2.0,-120.0,-0.9,-1.0,8.0,2684.0,2681.0,0.999,0.013000000000000001,4257.0
827600.0,2.0,2.0,-120.0,-0.4,-1.0,8.0,2682.0,2677.0,0.999,0.013000000000000001,4241.0
827610.0,2.0,2.0,-120.0,-0.2,-1.0,7.0,2684.0,2676.0,0.999,0.013000000000000001,4241.0
827620.0,2.0,2.0,-120.0,-0.1,-1.0,8.0,2684.0,2677.0,0.999,0.013000000000000001,4241.0
827630.0,2.0,2.0,-120.0,-0.1,-1.0,8.0,2683.0,2680.0,0.999,0.013000000000000001,4241.0
827640.0,2.0,2.0,-120.0,0.0,-1.0,7.0,2685.0,2680.0,0.999,0.013000000000000001,4241.0
827650.0,2.0,2.0,-120.0,0.0,-1.0,7.0,2685.0,2680.0,0.999,0.013000000000000001,4251.0
827660.0,2.0,2.0,-120.0,0.0,-1.0,7.0,2684.0,2680.0,0.999,0.013000000000000001,4251.0
827670.0,2.0,2.0,-120.0,0.9,-1.0,7.0,2685.0,2679.0,0.999,0.013000000000000001,4251.0
827680.0,2.0,2.0,-120.0,0.4,-1.0,6.0,2685.0,2683.0,0.999,0.013000000000000001,4251.0
827690.0,2.0,2.0,-120.0,0.2,-1.0,5.0,2686.0,2682.0,0.999,0.013000000000000001,4251.0
827700.0,2.0,2.0,-120.0,0.1,-1.0,6.0,2689.0,2682.0,0.999,0.013000000000000001,4248.0
827710.0,2.0,2.0,-120.0,0.1,-1.0,6.0,2686.0,2682.0,0.999,0.013000000000000001,4248.0
827720.0,2.0,2.0,-120.0,0.0,-1.0,7.0,2685.0,2679.0,0.999,0.013000000000000001,4248.0
827730.0,2.0,2.0,-120.0,0.0,-1.0,8.0,2685.0,2679.0,0.999,0.013000000000000001,4248.0
827740.0,2.0,2.0,-120.0,0.0,-1.0,7.0,2684.0,2679.0,0.999,0.013000000000000001,4248.0
827750.0,2.0,2.0,-120.0,-0.9,-1.0,7.0,2684.0,2680.0,0.999,0.013000000000000001,4258.0
827760.0,2.0,2.0,-120.0,-0.4,-1.0,7.0,2684.0,2676.0,0.999,0.013000000000000001,4258.0
827770.0,2.0,2.0,-120.0,-0.2,-1.0,8.0,2683.0,2677.0,0.999,0.013000000000000001,4258.0
827780.0,2.0,2.0,-120.0,-0.1,-1.0,8.0,2683.0,2676.0,0.999,0.013000000000000001,4258.0
827790.0,2.0,2.0,-120.0,-0.1,-1.0,7.0,2683.0,2677.0,0.999,0.013000000000000001,4258.0
827800.0,2.0,2.0,-120.0,0.0,-1.0,7.0,2685.0,2683.0,0.999,0.013000000000000001,4257.0
827810.0,2.0,2.0,-120.0,0.0,-1.0,7.0,2685.0,2679.0,0.999,0.013000000000000001,4257.0
827820.0,2.0,2.0,-120.0,0.0,-1.0,7.0,2685.0,2677.0,0.999,0.013000000000000001,4257.0
827830.0,2.0,2.0,-120.0,0.0,-1.0,7.0,2685.0,2680.0,0.999,0.013000000000000001,4257.0
827840.0,2.0,2.0,-120.0,0.9,-1.0,6.0,2686.0,2682.0,0.999,0.013000000000000001,4257.0
827850.0,2.0,2.0,-120.0,0.4,-1.0,6.0,2686.0,2683.0,0.999,0.013000000000000001,4248.0
827860.0,2.0,2.0,-120.0,0.2,-1.0,6.0,2685.0,2682.0,0.999,0.013000000000000001,4248.0
827870.0,2.0,2.0,-120.0,0.1,-1.0,6.0,2687.0,2681.0,0.999,0.013000000000000001,4248.0
827880.0,2.0,2.0,-120.0,0.1,-1.0,7.0,2683.0,2679.0,0.999,0.013000000000000001,4248.0
827890.0,2.0,2.0,-120.0,0.0,-1.0,7.0,2684.0,2680.0,0.999,0.013000000000000001,4248.0
827900.0,2.0,2.0,-120.0,-0.9,-1.0,7.0,2685.0,2679.0,0.999,0.013000000000000001,4803.0
827910.0,2.0,2.0,-120.0,-0.4,-1.0,7.0,2685.0,2680.0,0.999,0.013000000000000001,4803.0
827920.0,2.0,2.0,-120.0,-0.2,-1.0,8.0,2683.0,2678.0,0.999,0.013000000000000001,4803.0
827930.0,2.0,2.0,-120.0,-0.1,-1.0,7.0,2683.0,2676.0,0.999,0.013000000000000001,4803.0
827940.0,2.0,2.0,-120.0,-0.1,-1.0,7.0,2682.0,2677.0,0.999,0.013000000000000001,4803.0
827950.0,2.0,2.0,-120.0,0.0,-1.0,7.0,2684.0,2677.0,0.999,0.013000000000000001,4257.0
827960.0,2.0,2.0,-120.0,0.0,-1.0,7.0,2685.0,2680.0,0.999,0.013000000000000001,4257.0
827970.0,2.0,2.0,-120.0,0.0,-1.0,7.0,2685.0,2680.0,0.999,0.013000000000000001,4257.0
827980.0,2.0,2.0,-120.0,0.0,-1.0,7.0,2685.0,2680.0,0.999,0.013000000000000001,4257.0
827990.0,2.0,2.0,-120.0,0.0,-1.0,7.0,2685.0,2680.0,0.999,0.013000000000000001,4257.0
828000.0,2.0,2.0,-120.0,0.9,-1.0,7.0,2685.0,2683.0,0.999,0.013000000000000001,4235.0
828010.0,2.0,2.0,-120.0,0.4,-1.0,7.0,2685.0,2682.0,0.999,0.013000000000000001,4235.0
828020.0,2.0,2.0,-120.0,0.2,-1.0,7.0,2686.0,2682.0,0.999,0.013000000000000001,4235.0
828030.0,2.0,2.0,-120.0,0.1,-1.0,6.0,2686.0,2683.0,0.999,0.013000000000000001,4235.0
828040.0,2.0,2.0,-120.0,0.1,-1.0,6.0,2684.0,2680.0,0.999,0.013000000000000001,4235.0
828050.0,2.0,2.0,-120.0,0.0,-1.0,7.0,2683.0,2680.0,0.999,0.013000000000000001,4251.0
828060.0,2.0,2.0,-120.0,0.0,-1.0,7.0,2685.0,2679.0,0.999,0.013000000000000001,4251.0
828070.0,2.0,2.0,-120.0,-0.9,-1.0,7.0,2684.0,2680.0,0.999,0.013000000000000001,4251.0
828080.0,2.0,2.0,-120.0,-0.4,-1.0,8.0,2684.0,2677.0,0.999,0.013000000000000001,4251.0
828090.0,2.0,2.0,-120.0,-0.2,-1.0,8.0,2683.0,2677.0,0.999,0.013000000000000001,4251.0
828100.0,2.0,2.0,-120.0,-0.1,-1.0,7.0,2684.0,2677.0,0.999,0.013000000000000001,4251.0
828110.0,2.0,2.0,-120.0,-0.1,-1.0,8.0,2683.0,2678.0,0.999,0.013000000000000001,4251.0
828120.0,2.0,2.0,-120.0,0.0,-1.0,6.0,2685.0,2680.0,0.999,0.013000000000000001,4251.0
828130.0,2.0,2.0,-120.0,0.0,-1.0,7.0,2684.0,2681.0,0.999,0.013000000000000001,4251.0
828140.0,2.0,2.0,-120.0,0.0,-1.0,7.0,2686.0,2679.0,0.999,0.013000000000000001,4251.0
828150.0,2.0,2.0,-120.0,0.9,-1.0,7.0,2685.0,2683.0,0.999,0.013000000000000001,4800.0
828160.0,2.0,2.0,-120.0,0.4,-1.0,7.0,2685.0,2679.0,0.999,0.013000000000000001,4800.0
828170.0,2.0,2.0,-120.0,0.2,-1.0,7.0,2686.0,2682.0,0.999,0.013000000000000001,4800.0
828180.0,2.0,2.0,-120.0,0.1,-1.0,7.0,2686.0,2682.0,0.999,0.013000000000000001,4800.0
828190.0,2.0,2.0,-120.0,0.1,-1.0,6.0,2686.0,2682.0,0.999,0.013000000000000001,4800.0
828200.0,2.0,2.0,-120.0,0.0,-1.0,8.0,2684.0,2679.0,0.999,0.013000000000000001,4257.0
828210.0,2.0,2.0,-120.0,0.0,-1.0,7.0,2685.0,2679.0,0.999,0.013000000000000001,4257.0
828220.0,2.0,2.0,-120.0,0.0,-1.0,7.0,2684.0,2679.0,0.999,0.013000000000000001,4257.0
828230.0,2.0,2.0,-120.0,0.0,-1.0,7.0,2685.0,2678.0,0.999,0.013000000000000001,4257.0
828240.0,2.0,2.0,-120.0,-0.9,-1.0,7.0,2684.0,2677.0,0.999,0.013000000000000001,4257.0
828250.0,2.0,2.0,-120.0,-0.4,-1.0,7.0,2683.0,2678.0,0.999,0.013000000000000001,4249.0
828260.0,2.0,2.0,-120.0,-0.2,-1.0,7.0,2684.0,2677.0,0.999,0.013000000000000001,4249.0
828270.0,2.0,2.0,-120.0,-0.1,-1.0,7.0,2685.0,2676.0,0.999,0.013000000000000001,4249.0
828280.0,2.0,2.0,-120.0,-0.1,-1.0,8.0,2684.0,2680.0,0.999,0.013000000000000001,4249.0
828290.0,2.0,2.0,-120.0,0.0,-1.0,7.0,2684.0,2680.0,0.999,0.013000000000000001,4249.0
828300.0,2.0,2.0,-120.0,0.0,-1.0,7.0,2684.0,2679.0,0.999,0.013000000000000001,4254.0
828310.0,2.0,2.0,-120.0,0.0,-1.0,7.0,2685.0,2680.0,0.999,0.013000000000000001,4254.0
828320.0,2.0,2.0,-120.0,0.0,-1.0,6.0,2685.0,2680.0,0.999,0.013000000000000001,4254.0
828330.0,2.0,2.0,-120.0,0.9,-1.0,7.0,2687.0,2683.0,0.999,0.013000000000000001,4254.0
828340.0,2.0,2.0,-120.0,0.4,-1.0,7.0,2685.0,2683.0,0.999,0.013000000000000001,4254.0
828350.0,2.0,2.0,-120.0,0.2,-1.0,7.0,2684.0,2683.0,0.999,0.013000000000000001,4240.0
828360.0,2.0,2.0,-120.0,0.1,-1.0,7.0,2685.0,2681.0,0.999,0.013000000000000001,4240.0
828370.0,2.0,2.0,-120.0,0.1,-1.0,7.0,2686.0,2682.0,0.999,0.013000000000000001,4240.0
828380.0,2.0,2.0,-120.0,0.0,-1.0,7.0,2685.0,2679.0,0.999,0.013000000000000001,4240.0
828390.0,2.0,2.0,-120.0,0.0,-1.0,7.0,2684.0,2675.0,0.999,0.013000000000000001,4240.0
828400.0,2.0,2.0,-120.0,-0.9,-1.0,7.0,2684.0,2678.0,0.999,0.013000000000000001,4800.0
828410.0,2.0,2.0,-120.0,-0.4,-1.0,6.0,2684.0,2680.0,0.999,0.013000000000000001,4800.0
828420.0,2.0,2.0,-120.0,-0.2,-1.0,7.0,2682.0,2679.0,0.999,0.013000000000000001,4800.0
828430.0,2.0,2.0,-120.0,-0.1,-1.0,7.0,2684.0,2677.0,0.999,0.013000000000000001,4800.0
828440.0,2.0,2.0,-120.0,-0.1,-1.0,8.0,2683.0,2676.0,0.999,0.013000000000000001,4800.0
828450.0,2.0,2.0,-120.0,0.0,-1.0,8.0,2684.0,2676.0,0.999,0.013000000000000001,4239.0
828460.0,2.0,2.0,-120.0,0.0,-1.0,7.0,2686.0,2680.0,0.999,0.013000000000000001,4239.0
828470.0,2.0,2.0,-120.0,0.0,-1.0,7.0,2685.0,2679.0,0.999,0.013000000000000001,4239.0
828480.0,2.0,2.0,-120.0,0.0,-1.0,7.0,2685.0,2680.0,0.999,0.013000000000000001,4239.0
828490.0,2.0,2.0,-120.0,0.0,-1.0,7.0,2686.0,2679.0,0.999,0.013000000000000001,4239.0
828500.0,2.0,2.0,-120.0,0.9,-1.0,7.0,2685.0,2680.0,0.999,0.013000000000000001,4248.0
828510.0,2.0,2.0,-120.0,0.4,-1.0,7.0,2686.0,2682.0,0.999,0.013000000000000001,4248.0
828520.0,2.0,2.0,-120.0,0.2,-1.0,6.0,2686.0,2683.0,0.999,0.013000000000000001,4248.0
828530.0,2.0,2.0,-120.0,0.1,-1.0,6.0,2686.0,2682.0,0.999,0.013000000000000001,4248.0
828540.0,2.0,2.0,-120.0,0.1,-1.0,7.0,2685.0,2679.0,0.999,0.013000000000000001,4248.0
828550.0,2.0,2.0,-120.0,0.0,-1.0,7.0,2684.0,2679.0,0.999,0.013000000000000001,4245.0
828560.0,2.0,2.0,-120.0,0.0,-1.0,7.0,2684.0,2680.0,0.999,0.013000000000000001,4245.0
828570.0,2.0,2.0,-120.0,0.0,-1.0,7.0,2684.0,2680.0,0.999,0.013000000000000001,4245.0
828580.0,2.0,2.0,-120.0,-0.9,-1.0,7.0,2685.0,2679.0,0.999,0.013000000000000001,4245.0
828590.0,2.0,2.0,-120.0,-0.4,-1.0,8.0,2682.0,2677.0,0.999,0.013000000000000001,4245.0
828600.0,2.0,2.0,-120.0,-0.2,-1.0,8.0,2683.0,2676.0,0.999,0.013000000000000001,4256.0
828610.0,2.0,2.0,-120.0,-0.1,-1.0,7.0,2684.0,2677.0,0.999,0.013000000000000001,4256.0
828620.0,2.0,2.0,-120.0,-0.1,-1.0,7.0,2681.0,2678.0,0.999,0.013000000000000001,4256.0
828630.0,2.0,2.0,-120.0,0.0,-1.0,7.0,2686.0,2681.0,0.999,0.013000000000000001,4256.0
828640.0,2.0,2.0,-120.0,0.0,-1.0,7.0,2685.0,2679.0,0.999,0.013000000000000001,4256.0
828650.0,2.0,2.0,-120.0,0.0,-1.0,7.0,2686.0,2680.0,0.999,0.013000000000000001,4247.0
828660.0,2.0,2.0,-120.0,0.0,-1.0,7.0,2685.0,2680.0,0.999,0.013000000000000001,4247.0
828670.0,2.0,2.0,-120.0,0.9,-1.0,7.0,2686.0,2682.0,0.999,0.013000000000000001,4247.0
828680.0,2.0,2.0,-120.0,0.4,-1.0,6.0,2686.0,2682.0,0.999,0.013000000000000001,4247.0
828690.0,2.0,2.0,-120.0,0.2,-1.0,6.0,2686.0,2683.0,0.999,0.013000000000000001,4247.0
828700.0,2.0,2.0,-120.0,0.1,-1.0,6.0,2686.0,2682.0,0.999,0.013000000000000001,4257.0
828710.0,2.0,2.0,-120.0,0.1,-1.0,6.0,2686.0,2683.0,0.999,0.013000000000000001,4257.0
828720.0,2.0,2.0,-120.0,0.0,-1.0,7.0,2684.0,2679.0,0.999,0.013000000000000001,4257.0
828730.0,2.0,2.0,-120.0,0.0,-1.0,7.0,2685.0,2680.0,0.999,0.013000000000000001,4257.0
828740.0,2.0,2.0,-120.0,0.0,-1.0,7.0,2685.0,2683.0,0.999,0.013000000000000001,4257.0
828750.0,2.0,2.0,-120.0,-0.9,-1.0,7.0,2684.0,2680.0,0.999,0.013000000000000001,4244.0
828760.0,2.0,2.0,-120.0,-0.4,-1.0,8.0,2682.0,2677.0,0.999,0.013000000000000001,4244.0
828770.0,2.0,2.0,-120.0,-0.2,-1.0,7.0,2683.0,2677.0,0.999,0.013000000000000001,4244.0
828780.0,2.0,2.0,-120.0,-0.1,-1.0,7.0,2683.0,2678.0,0.999,0.013000000000000001,4244.0
828790.0,2.0,2.0,-120.0,-0.1,-1.0,8.0,2683.0,2677.0,0.999,0.013000000000000001,4244.0
828800.0,2.0,2.0,-120.0,0.0,-1.0,7.0,2685.0,2680.0,0.999,0.013000000000000001,4239.0
828810.0,2.0,2.0,-120.0,0.0,-1.0,7.0,2684.0,2681.0,0.999,0.013000000000000001,4239.0
828820.0,2.0,2.0,-120.0,0.0,-1.0,7.0,2685.0,2680.0,0.999,0.013000000000000001,4239.0
828830.0,2.0,2.0,-120.0,0.0,-1.0,7.0,2685.0,2680.0,0.999,0.013000000000000001,4239.0
828840.0,2.0,2.0,-120.0,0.9,-1.0,7.0,2684.0,2681.0,0.999,0.013000000000000001,4239.0
828850.0,2.0,2.0,-120.0,0.4,-1.0,5.0,2687.0,2683.0,0.999,0.013000000000000001,4257.0
828860.0,2.0,2.0,-120.0,0.2,-1.0,6.0,2686.0,2683.0,0.999,0.013000000000000001,4257.0
828870.0,2.0,2.0,-120.0,0.1,-1.0,7.0,2687.0,2682.0,0.999,0.013000000000000001,4257.0
828880.0,2.0,2.0,-120.0,0.1,-1.0,6.0,2687.0,2681.0,0.999,0.013000000000000001,4257.0
828890.0,2.0,2.0,-120.0,0.0,-1.0,8.0,2684.0,2681.0,0.999,0.013000000000000001,4257.0
828900.0,2.0,2.0,-120.0,0.0,-1.0,7.0,2685.0,2679.0,0.999,0.013000000000000001,4257.0
828910.0,2.0,2.0,-120.0,0.0,-1.0,5.0,2685.0,2680.0,0.999,0.013000000000000001,4257.0
828920.0,2.0,2.0,-120.0,0.0,-1.0,7.0,2684.0,2680.0,0.999,0.013000000000000001,4257.0
828930.0,2.0,2.0,-120.0,-0.9,-1.0,7.0,2684.0,2680.0,0.999,0.013000000000000001,4257.0
828940.0,2.0,2.0,-120.0,-0.4,-1.0,8.0,2683.0,2678.0,0.999,0.013000000000000001,4257.0
828950.0,2.0,2.0,-120.0,-0.2,-1.0,7.0,2683.0,2677.0,0.999,0.013000000000000001,4251.0
828960.0,2.0,2.0,-120.0,-0.1,-1.0,7.0,2683.0,2677.0,0.999,0.013000000000000001,4251.0
828970.0,2.0,2.0,-120.0,-0.1,-1.0,7.0,2683.0,2678.0,0.999,0.013000000000000001,4251.0
828980.0,2.0,2.0,-120.0,0.0,-1.0,7.0,2685.0,2681.0,0.999,0.013000000000000001,4251.0
828990.0,2.0,2.0,-120.0,0.0,-1.0,7.0,2685.0,2679.0,0.999,0.013000000000000001,4251.0
829000.0,2.0,2.0,-120.0,0.0,-1.0,7.0,2684.0,2681.0,0.999,0.013000000000000001,4256.0
829010.0,2.0,2.0,-120.0,0.0,-1.0,7.0,2684.0,2679.0,0.999,0.013000000000000001,4256.0
829020.0,2.0,2.0,-120.0,0.9,-1.0,7.0,2685.0,2680.0,0.999,0.013000000000000001,4256.0
829030.0,2.0,2.0,-120.0,0.4,-1.0,6.0,2687.0,2682.0,0.999,0.013000000000000001,4256.0
829040.0,2.0,2.0,-120.0,0.2,-1.0,7.0,2685.0,2685.0,0.999,0.013000000000000001,4256.0
829050.0,2.0,2.0,-120.0,0.1,-1.0,7.0,2685.0,2681.0,0.999,0.013000000000000001,4250.0
829060.0,2.0,2.0,-120.0,0.1,-1.0,6.0,2686.0,2682.0,0.999,0.013000000000000001,4250.0
829070.0,2.0,2.0,-120.0,0.0,-1.0,7.0,2684.0,2682.0,0.999,0.013000000000000001,4250.0
829080.0,2.0,2.0,-120.0,0.0,-1.0,6.0,2684.0,2685.0,0.999,0.013000000000000001,4250.0
829090.0,2.0,2.0,-120.0,0.0,-1.0,7.0,2685.0,2679.0,0.999,0.013000000000000001,4250.0
829100.0,2.0,2.0,-120.0,-0.9,-1.0,7.0,2684.0,2680.0,0.999,0.013000000000000001,4259.0
829110.0,2.0,2.0,-120.0,-0.4,-1.0,7.0,2685.0,2679.0,0.999,0.013000000000000001,4259.0
829120.0,2.0,2.0,-120.0,-0.2,-1.0,8.0,2683.0,2679.0,0.999,0.013000000000000001,4259.0
829130.0,2.0,2.0,-120.0,-0.1,-1.0,8.0,2684.0,2678.0,0.999,0.013000000000000001,4259.0
829140.0,2.0,2.0,-120.0,-0.1,-1.0,7.0,2683.0,2677.0,0.999,0.013000000000000001,4259.0
829150.0,2.0,2.0,-120.0,0.0,-1.0,8.0,2683.0,2677.0,0.999,0.013000000000000001,4257.0
829160.0,2.0,2.0,-120.0,0.0,-1.0,7.0,2686.0,2680.0,0.999,0.013000000000000001,4257.0
829170.0,2.0,2.0,-120.0,0.0,-1.0,7.0,2685.0,2680.0,0.999,0.013000000000000001,4257.0
829180.0,2.0,2.0,-120.0,0.0,-1.0,7.0,2685.0,2679.0,0.999,0.013000000000000001,4257.0
829190.0,2.0,2.0,-120.0,0.0,-1.0,7.0,2685.0,2679.0,0.999,0.013000000000000001,4257.0
829200.0,2.0,2.0,-120.0,0.9,-1.0,7.0,2684.0,2679.0,0.999,0.013000000000000001,4249.0
829210.0,2.0,2.0,-120.0,0.4,-1.0,6.0,2686.0,2682.0,0.999,0.013000000000000001,4249.0
829220.0,2.0,2.0,-120.0,0.2,-1.0,6.0,2686.0,2683.0,0.999,0.013000000000000001,4249.0
829230.0,2.0,2.0,-120.0,0.1,-1.0,6.0,2686.0,2682.0,0.999,0.013000000000000001,4249.0
829240.0,2.0,2.0,-120.0,0.1,-1.0,7.0,2684.0,2682.0,0.999,0.013000000000000001,4249.0
829250.0,2.0,2.0,-120.0,0.0,-1.0,7.0,2684.0,2679.0,0.999,0.013000000000000001,4246.0
829260.0,2.0,2.0,-120.0,0.0,-1.0,7.0,2687.0,2679.0,0.999,0.013000000000000001,4246.0
829270.0,2.0,2.0,-120.0,0.0,-1.0,7.0,2684.0,2680.0,0.999,0.013000000000000001,4246.0
829280.0,2.0,2.0,-120.0,0.0,-1.0,7.0,2685.0,2679.0,0.999,0.013000000000000001,4246.0
829290.0,2.0,2.0,-120.0,-0.9,-1.0,7.0,2685.0,2679.0,0.999,0.013000000000000001,4246.0
829300.0,2.0,2.0,-120.0,-0.4,-1.0,8.0,2680.0,2676.0,0.999,0.013000000000000001,4248.0
829310.0,2.0,2.0,-120.0,-0.2,-1.0,8.0,2684.0,2677.0,0.999,0.013000000000000001,4248.0
829320.0,2.0,2.0,-120.0,-0.1,-1.0,7.0,2685.0,2677.0,0.999,0.013000000000000001,4248.0
829330.0,2.0,2.0,-120.0,-0.1,-1.0,8.0,2683.0,2678.0,0.999,0.013000000000000001,4248.0
829340.0,2.0,2.0,-120.0,0.0,-1.0,7.0,2685.0,2680.0,0.999,0.013000000000000001,4248.0
829350.0,2.0,2.0,-120.0,0.0,-1.0,6.0,2684.0,2678.0,0.999,0.013000000000000001,4248.0
829360.0,2.0,2.0,-120.0,0.0,-1.0,7.0,2684.0,2679.0,0.999,0.013000000000000001,4248.0
829370.0,2.0,2.0,-120.0,0.0,-1.0,7.0,2685.0,2680.0,0.999,0.013000000000000001,4248.0
829380.0,2.0,2.0,-120.0,0.9,-1.0,7.0,2684.0,2681.0,0.999,0.013000000000000001,4248.0
829390.0,2.0,2.0,-120.0,0.4,-1.0,6.0,2686.0,2683.0,0.999,0.013000000000000001,4248.0
829400.0,2.0,2.0,-120.0,0.2,-1.0,6.0,2687.0,2682.0,0.999,0.013000000000000001,4257.0
829410.0,2.0,2.0,-120.0,0.1,-1.0,7.0,2686.0,2683.0,0.999,0.013000000000000001,4257.0
829420.0,2.0,2.0,-120.0,0.1,-1.0,6.0,2687.0,2682.0,0.999,0.013000000000000001,4257.0
829430.0,2.0,2.0,-120.0,0.0,-1.0,8.0,2683.0,2680.0,0.999,0.013000000000000001,4257.0
829440.0,2.0,2.0,-120.0,0.0,-1.0,7.0,2683.0,2681.0,0.999,0.013000000000000001,4257.0
829450.0,2.0,2.0,-120.0,0.0,-1.0,7.0,2685.0,2680.0,0.999,0.013000000000000001,4257.0
829460.0,2.0,2.0,-120.0,0.0,-1.0,7.0,2684.0,2680.0,0.999,0.013000000000000001,4257.0
829470.0,2.0,2.0,-120.0,-0.9,-1.0,7.0,2685.0,2674.0,0.999,0.013000000000000001,4257.0
829480.0,2.0,2.0,-120.0,-0.4,-1.0,7.0,2683.0,2678.0,0.999,0.013000000000000001,4257.0
829490.0,2.0,2.0,-120.0,-0.2,-1.0,8.0,2683.0,2677.0,0.999,0.013000000000000001,4257.0
829500.0,2.0,2.0,-120.0,-0.1,-1.0,8.0,2684.0,2677.0,0.999,0.013000000000000001,4257.0
829510.0,2.0,2.0,-120.0,-0.1,-1.0,7.0,2683.0,2679.0,0.999,0.013000000000000001,4257.0
829520.0,2.0,2.0,-120.0,0.0,-1.0,8.0,2684.0,2682.0,0.999,0.013000000000000001,4257.0
829530.0,2.0,2.0,-120.0,0.0,-1.0,6.0,2685.0,2681.0,0.999,0.013000000000000001,4257.0
829540.0,2.0,2.0,-120.0,0.0,-1.0,6.0,2684.0,2680.0,0.999,0.013000000000000001,4257.0
829550.0,2.0,2.0,-120.0,0.9,-1.0,7.0,2685.0,2679.0,0.999,0.013000000000000001,4810.0
829560.0,2.0,2.0,-120.0,0.4,-1.0,7.0,2685.0,2683.0,0.999,0.013000000000000001,4810.0
829570.0,2.0,2.0,-120.0,0.2,-1.0,7.0,2685.0,2683.0,0.999,0.013000000000000001,4810.0
829580.0,2.0,2.0,-120.0,0.1,-1.0,7.0,2686.0,2682.0,0.999,0.013000000000000001,4810.0
829590.0,2.0,2.0,-120.0,0.1,-1.0,6.0,2685.0,2677.0,0.999,0.013000000000000001,4810.0
829600.0,2.0,2.0,-120.0,0.0,-1.0,6.0,2682.0,2683.0,0.999,0.013000000000000001,4248.0
829610.0,2.0,2.0,-120.0,0.0,-1.0,7.0,2684.0,2679.0,0.999,0.013000000000000001,4248.0
829620.0,2.0,2.0,-120.0,0.0,-1.0,6.0,2685.0,2680.0,0.999,0.013000000000000001,4248.0
829630.0,2.0,2.0,-120.0,0.0,-1.0,7.0,2685.0,2679.0,0.999,0.013000000000000001,4248.0
829640.0,2.0,2.0,-120.0,0.0,-1.0,7.0,2684.0,2678.0,0.999,0.013000000000000001,4248.0
829650.0,2.0,2.0,-120.0,-0.9,-1.0,7.0,2683.0,2676.0,0.999,0.013000000000000001,4256.0
829660.0,2.0,2.0,-120.0,-0.4,-1.0,7.0,2683.0,2678.0,0.999,0.013000000000000001,4256.0
829670.0,2.0,2.0,-120.0,-0.2,-1.0,7.0,2682.0,2676.0,0.999,0.013000000000000001,4256.0
829680.0,2.0,2.0,-120.0,-0.1,-1.0,8.0,2683.0,2681.0,0.999,0.013000000000000001,4256.0
829690.0,2.0,2.0,-120.0,-0.1,-1.0,7.0,2683.0,2678.0,0.999,0.013000000000000001,4256.0
829700.0,2.0,2.0,-120.0,0.0,-1.0,6.0,2685.0,2681.0,0.999,0.013000000000000001,4256.0
829710.0,2.0,2.0,-120.0,0.0,-1.0,7.0,2686.0,2679.0,0.999,0.013000000000000001,4256.0
829720.0,2.0,2.0,-120.0,0.0,-1.0,7.0,2686.0,2681.0,0.999,0.013000000000000001,4256.0
829730.0,2.0,2.0,-120.0,0.0,-1.0,7.0,2683.0,2680.0,0.999,0.013000000000000001,4256.0
829740.0,2.0,2.0,-120.0,0.9,-1.0,7.0,2685.0,2680.0,0.999,0.013000000000000001,4256.0
829750.0,2.0,2.0,-120.0,0.4,-1.0,6.0,2685.0,2683.0,0.999,0.013000000000000001,4246.0
829760.0,2.0,2.0,-120.0,0.2,-1.0,6.0,2687.0,2683.0,0.999,0.013000000000000001,4246.0
829770.0,2.0,2.0,-120.0,0.1,-1.0,7.0,2686.0,2683.0,0.999,0.013000000000000001,4246.0
829780.0,2.0,2.0,-120.0,0.1,-1.0,6.0,2685.0,2682.0,0.999,0.013000000000000001,4246.0
829790.0,2.0,2.0,-120.0,0.0,-1.0,7.0,2683.0,2680.0,0.999,0.013000000000000001,4246.0
829800.0,2.0,2.0,-120.0,0.0,-1.0,7.0,2684.0,2681.0,0.999,0.013000000000000001,4257.0
829810.0,2.0,2.0,-120.0,0.0,-1.0,7.0,2684.0,2680.0,0.999,0.013000000000000001,4257.0
829820.0,2.0,2.0,-120.0,0.0,-1.0,7.0,2683.0,2679.0,0.999,0.013000000000000001,4257.0
829830.0,2.0,2.0,-120.0,-0.9,-1.0,7.0,2684.0,2678.0,0.999,0.013000000000000001,4257.0
829840.0,2.0,2.0,-120.0,-0.4,-1.0,7.0,2683.0,2677.0,0.999,0.013000000000000001,4257.0
829850.0,2.0,2.0,-120.0,-0.2,-1.0,7.0,2680.0,2678.0,0.999,0.013000000000000001,4247.0
829860.0,2.0,2.0,-120.0,-0.1,-1.0,7.0,2683.0,2677.0,0.999,0.013000000000000001,4247.0
829870.0,2.0,2.0,-120.0,-0.1,-1.0,8.0,2683.0,2678.0,0.999,0.013000000000000001,4247.0
829880.0,2.0,2.0,-120.0,0.0,-1.0,7.0,2684.0,2681.0,0.999,0.013000000000000001,4247.0
829890.0,2.0,2.0,-120.0,0.0,-1.0,7.0,2684.0,2681.0,0.999,0.013000000000000001,4247.0
829900.0,2.0,2.0,-120.0,0.0,-1.0,7.0,2684.0,2680.0,0.999,0.013000000000000001,4257.0
829910.0,2.0,2.0,-120.0,0.0,-1.0,7.0,2683.0,2680.0,0.999,0.013000000000000001,4257.0
829920.0,2.0,2.0,-120.0,0.0,-1.0,7.0,2685.0,2680.0,0.999,0.013000000000000001,4257.0
829930.0,2.0,2.0,-120.0,0.9,-1.0,6.0,2686.0,2683.0,0.999,0.013000000000000001,4257.0
829940.0,2.0,2.0,-120.0,0.4,-1.0,6.0,2686.0,2683.0,0.999,0.013000000000000001,4257.0
829950.0,2.0,2.0,-120.0,0.2,-1.0,6.0,2686.0,2682.0,0.999,0.013000000000000001,4248.0
829960.0,2.0,2.0,-120.0,0.1,-1.0,6.0,2686.0,2683.0,0.999,0.013000000000000001,4248.0
829970.0,2.0,2.0,-120.0,0.1,-1.0,7.0,2686.0,2683.0,0.999,0.013000000000000001,4248.0
829980.0,2.0,2.0,-120.0,0.0,-1.0,7.0,2686.0,2679.0,0.999,0.013000000000000001,4248.0
829990.0,2.0,2.0,-120.0,0.0,-1.0,7.0,2684.0,2679.0,0.999,0.013000000000000001,4248.0
830000.0,2.0,2.0,-120.0,0.0,-1.0,8.0,2682.0,2679.0,0.999,0.013000000000000001,4230.0
830010.0,2.0,2.0,-120.0,0.0,-1.0,7.0,2684.0,2680.0,0.999,0.013000000000000001,4230.0
830020.0,2.0,2.0,-120.0,-0.9,-1.0,8.0,2684.0,2679.0,0.999,0.013000000000000001,4230.0
830030.0,2.0,2.0,-120.0,-0.4,-1.0,7.0,2683.0,2677.0,0.999,0.013000000000000001,4230.0
830040.0,2.0,2.0,-120.0,-0.2,-1.0,7.0,2684.0,2678.0,0.999,0.013000000000000001,4230.0
830050.0,2.0,2.0,-120.0,-0.1,-1.0,7.0,2684.0,2678.0,0.999,0.013000000000000001,4256.0
830060.0,2.0,2.0,-120.0,-0.1,-1.0,9.0,2684.0,2678.0,0.999,0.013000000000000001,4256.0
830070.0,2.0,2.0,-120.0,0.0,-1.0,6.0,2684.0,2681.0,0.999,0.013000000000000001,4256.0
830080.0,2.0,2.0,-120.0,0.0,-1.0,7.0,2685.0,2680.0,0.999,0.013000000000000001,4256.0
830090.0,2.0,2.0,-120.0,0.0,-1.0,7.0,2685.0,2679.0,0.999,0.013000000000000001,4256.0
830100.0,2.0,2.0,-120.0,0.9,-1.0,7.0,2685.0,2680.0,0.999,0.013000000000000001,4802.0
830110.0,2.0,2.0,-120.0,0.4,-1.0,7.0,2685.0,2680.0,0.999,0.013000000000000001,4802.0
830120.0,2.0,2.0,-120.0,0.2,-1.0,7.0,2686.0,2682.0,0.999,0.013000000000000001,4802.0
830130.0,2.0,2.0,-120.0,0.1,-1.0,6.0,2685.0,2682.0,0.999,0.013000000000000001,4802.0
830140.0,2.0,2.0,-120.0,0.1,-1.0,6.0,2686.0,2682.0,0.999,0.013000000000000001,4802.0
830150.0,2.0,2.0,-120.0,0.0,-1.0,6.0,2686.0,2682.0,0.999,0.013000000000000001,4257.0
830160.0,2.0,2.0,-120.0,0.0,-1.0,7.0,2684.0,2680.0,0.999,0.013000000000000001,4257.0
830170.0,2.0,2.0,-120.0,0.0,-1.0,7.0,2684.0,2678.0,0.999,0.013000000000000001,4257.0
830180.0,2.0,2.0,-120.0,0.0,-1.0,7.0,2685.0,2679.0,0.999,0.013000000000000001,4257.0
830190.0,2.0,2.0,-120.0,0.0,-1.0,7.0,2684.0,2680.0,0.999,0.013000000000000001,4257.0
830200.0,2.0,2.0,-120.0,-0.9,-1.0,7.0,2685.0,2679.0,0.999,0.013000000000000001,4261.0
830210.0,2.0,2.0,-120.0,-0.4,-1.0,7.0,2684.0,2676.0,0.999,0.013000000000000001,4261.0
830220.0,2.0,2.0,-120.0,-0.2,-1.0,7.0,2683.0,2677.0,0.999,0.013000000000000001,4261.0
830230.0,2.0,2.0,-120.0,-0.1,-1.0,8.0,2683.0,2677.0,0.999,0.013000000000000001,4261.0
830240.0,2.0,2.0,-120.0,-0.1,-1.0,8.0,2683.0,2677.0,0.999,0.013000000000000001,4261.0
830250.0,2.0,2.0,-120.0,0.0,-1.0,5.0,2686.0,2680.0,0.999,0.013000000000000001,4248.0
830260.0,2.0,2.0,-120.0,0.0,-1.0,7.0,2686.0,2680.0,0.999,0.013000000000000001,4248.0
830270.0,2.0,2.0,-120.0,0.0,-1.0,7.0,2685.0,2680.0,0.999,0.013000000000000001,4248.0
830280.0,2.0,2.0,-120.0,0.0,-1.0,6.0,2684.0,2680.0,0.999,0.013000000000000001,4248.0
830290.0,2.0,2.0,-120.0,0.0,-1.0,7.0,2686.0,2681.0,0.999,0.013000000000000001,4248.0
830300.0,2.0,2.0,-120.0,0.9,-1.0,7.0,2686.0,2680.0,0.999,0.013000000000000001,4259.0
830310.0,2.0,2.0,-120.0,0.4,-1.0,6.0,2682.0,2681.0,0.999,0.013000000000000001,4259.0
830320.0,2.0,2.0,-120.0,0.2,-1.0,7.0,2686.0,2682.0,0.999,0.013000000000000001,4259.0
830330.0,2.0,2.0,-120.0,0.1,-1.0,6.0,2686.0,2683.0,0.999,0.013000000000000001,4259.0
830340.0,2.0,2.0,-120.0,0.1,-1.0,8.0,2686.0,2682.0,0.999,0.013000000000000001,4259.0
830350.0,2.0,2.0,-120.0,0.0,-1.0,6.0,2685.0,2683.0,0.999,0.013000000000000001,4240.0
830360.0,2.0,2.0,-120.0,0.0,-1.0,7.0,2687.0,2682.0,0.999,0.013000000000000001,4240.0
830370.0,2.0,2.0,-120.0,0.0,-1.0,6.0,2684.0,2680.0,0.999,0.013000000000000001,4240.0
830380.0,2.0,2.0,-120.0,0.0,-1.0,7.0,2685.0,2680.0,0.999,0.013000000000000001,4240.0
830390.0,2.0,2.0,-120.0,0.0,-1.0,7.0,2684.0,2680.0,0.999,0.013000000000000001,4240.0
830400.0,2.0,2.0,-120.0,0.0,-1.0,7.0,2684.0,2680.0,0.999,0.013000000000000001,4248.0
830410.0,2.0,2.0,-120.0,0.0,-1.0,7.0,2684.0,2680.0,0.999,0.013000000000000001,4248.0
830420.0,2.0,2.0,-120.0,-0.9,-1.0,7.0,2684.0,2680.0,0.999,0.013000000000000001,4248.0
830430.0,2.0,2.0,-120.0,-0.5,-1.0,8.0,2684.0,2677.0,0.999,0.013000000000000001,4248.0
830440.0,2.0,2.0,-120.0,-0.2,-1.0,7.0,2682.0,2677.0,0.999,0.013000000000000001,4248.0
830450.0,2.0,2.0,-120.0,-0.1,-1.0,7.0,2684.0,2677.0,0.999,0.013000000000000001,4257.0
830460.0,2.0,2.0,-120.0,-0.1,-1.0,8.0,2685.0,2677.0,0.999,0.013000000000000001,4257.0
830470.0,2.0,2.0,-120.0,0.0,-1.0,8.0,2682.0,2678.0,0.999,0.013000000000000001,4257.0
830480.0,2.0,2.0,-120.0,0.0,-1.0,7.0,2684.0,2680.0,0.999,0.013000000000000001,4257.0
830490.0,2.0,2.0,-120.0,0.0,-1.0,8.0,2684.0,2681.0,0.999,0.013000000000000001,4257.0
830500.0,2.0,2.0,-120.0,0.0,-1.0,7.0,2685.0,2680.0,0.999,0.013000000000000001,4257.0
830510.0,2.0,2.0,-120.0,0.0,-1.0,7.0,2685.0,2680.0,0.999,0.013000000000000001,4257.0
830520.0,2.0,2.0,-120.0,0.0,-1.0,7.0,2686.0,2680.0,0.999,0.013000000000000001,4257.0
830530.0,2.0,2.0,-120.0,0.0,-1.0,7.0,2686.0,2680.0,0.999,0.013000000000000001,4257.0
830540.0,2.0,2.0,-120.0,0.0,-1.0,7.0,2685.0,2679.0,0.999,0.013000000000000001,4257.0
830550.0,2.0,2.0,-120.0,0.9,-1.0,7.0,2685.0,2680.0,0.999,0.013000000000000001,4249.0
830560.0,2.0,2.0,-120.0,0.5,-1.0,6.0,2687.0,2682.0,0.999,0.013000000000000001,4249.0
830570.0,2.0,2.0,-120.0,0.2,-1.0,6.0,2686.0,2682.0,0.999,0.013000000000000001,4249.0
830580.0,2.0,2.0,-120.0,0.1,-1.0,6.0,2686.0,2681.0,0.999,0.013000000000000001,4249.0
830590.0,2.0,2.0,-120.0,0.1,-1.0,6.0,2687.0,2682.0,0.999,0.013000000000000001,4249.0
830600.0,2.0,2.0,-120.0,0.0,-1.0,6.0,2687.0,2683.0,0.999,0.013000000000000001,4257.0
830610.0,2.0,2.0,-120.0,0.0,-1.0,7.0,2687.0,2683.0,0.999,0.013000000000000001,4257.0
830620.0,2.0,2.0,-120.0,0.0,-1.0,7.0,2685.0,2685.0,0.999,0.013000000000000001,4257.0
830630.0,2.0,2.0,-120.0,0.0,-1.0,7.0,2685.0,2680.0,0.999,0.013000000000000001,4257.0
830640.0,2.0,2.0,-120.0,0.0,-1.0,7.0,2684.0,2681.0,0.999,0.013000000000000001,4257.0
830650.0,2.0,2.0,-120.0,0.0,-1.0,7.0,2685.0,2678.0,0.999,0.013000000000000001,4248.0
830660.0,2.0,2.0,-120.0,0.0,-1.0,7.0,2685.0,2679.0,0.999,0.013000000000000001,4248.0
830670.0,2.0,2.0,-120.0,-0.9,-1.0,7.0,2684.0,2679.0,0.999,0.013000000000000001,4248.0
830680.0,2.0,2.0,-120.0,-0.5,-1.0,8.0,2683.0,2677.0,0.999,0.013000000000000001,4248.0
830690.0,2.0,2.0,-120.0,-0.2,-1.0,8.0,2683.0,2677.0,0.999,0.013000000000000001,4248.0
830700.0,2.0,2.0,-120.0,-0.1,-1.0,8.0,2683.0,2682.0,0.999,0.013000000000000001,4251.0
830710.0,2.0,2.0,-120.0,-0.1,-1.0,7.0,2684.0,2678.0,0.999,0.013000000000000001,4251.0
830720.0,2.0,2.0,-120.0,0.0,-1.0,7.0,2683.0,2677.0,0.999,0.013000000000000001,4251.0
830730.0,2.0,2.0,-120.0,0.0,-1.0,7.0,2685.0,2680.0,0.999,0.013000000000000001,4251.0
830740.0,2.0,2.0,-120.0,0.0,-1.0,7.0,2686.0,2679.0,0.999,0.013000000000000001,4251.0
830750.0,2.0,2.0,-120.0,0.0,-1.0,7.0,2685.0,2680.0,0.999,0.013000000000000001,4258.0
830760.0,2.0,2.0,-120.0,0.0,-1.0,7.0,2683.0,2680.0,0.999,0.013000000000000001,4258.0
830770.0,2.0,2.0,-120.0,0.0,-1.0,7.0,2684.0,2681.0,0.999,0.013000000000000001,4258.0
830780.0,2.0,2.0,-120.0,0.0,-1.0,7.0,2685.0,2680.0,0.999,0.013000000000000001,4258.0
830790.0,2.0,2.0,-120.0,0.9,-1.0,7.0,2685.0,2680.0,0.999,0.013000000000000001,4258.0
830800.0,2.0,2.0,-120.0,0.5,-1.0,7.0,2687.0,2683.0,0.999,0.013000000000000001,4257.0
830810.0,2.0,2.0,-120.0,0.2,-1.0,6.0,2685.0,2683.0,0.999,0.013000000000000001,4257.0
830820.0,2.0,2.0,-120.0,0.1,-1.0,7.0,2687.0,2683.0,0.999,0.013000000000000001,4257.0
830830.0,2.0,2.0,-120.0,0.1,-1.0,6.0,2686.0,2682.0,0.999,0.013000000000000001,4257.0
830840.0,2.0,2.0,-120.0,0.0,-1.0,7.0,2687.0,2682.0,0.999,0.013000000000000001,4257.0
830850.0,2.0,2.0,-120.0,0.0,-1.0,6.0,2685.0,2682.0,0.999,0.013000000000000001,4257.0
830860.0,2.0,2.0,-120.0,0.0,-1.0,7.0,2685.0,2679.0,0.999,0.013000000000000001,4257.0
830870.0,2.0,2.0,-120.0,0.0,-1.0,7.0,2684.0,2680.0,0.999,0.013000000000000001,4257.0
830880.0,2.0,2.0,-120.0,0.0,-1.0,6.0,2685.0,2679.0,0.999,0.013000000000000001,4257.0
830890.0,2.0,2.0,-120.0,0.0,-1.0,7.0,2685.0,2679.0,0.999,0.013000000000000001,4257.0
830900.0,2.0,2.0,-120.0,-0.9,-1.0,7.0,2684.0,2679.0,0.999,0.013000000000000001,4270.0
830910.0,2.0,2.0,-120.0,-0.4,-1.0,7.0,2684.0,2680.0,0.999,0.013000000000000001,4270.0
830920.0,2.0,2.0,-120.0,-0.2,-1.0,8.0,2683.0,2677.0,0.999,0.013000000000000001,4270.0
830930.0,2.0,2.0,-120.0,-0.1,-1.0,8.0,2683.0,2677.0,0.999,0.013000000000000001,4270.0
830940.0,2.0,2.0,-120.0,-0.1,-1.0,7.0,2684.0,2677.0,0.999,0.013000000000000001,4270.0
830950.0,2.0,2.0,-120.0,0.0,-1.0,8.0,2684.0,2678.0,0.999,0.013000000000000001,4257.0
830960.0,2.0,2.0,-120.0,0.0,-1.0,8.0,2684.0,2678.0,0.999,0.013000000000000001,4257.0
830970.0,2.0,2.0,-120.0,0.0,-1.0,7.0,2684.0,2681.0,0.999,0.013000000000000001,4257.0
830980.0,2.0,2.0,-120.0,0.0,-1.0,7.0,2685.0,2680.0,0.999,0.013000000000000001,4257.0
830990.0,2.0,2.0,-120.0,0.0,-1.0,7.0,2685.0,2680.0,0.999,0.013000000000000001,4257.0
831000.0,2.0,2.0,-120.0,0.0,-1.0,7.0,2684.0,2681.0,0.999,0.013000000000000001,4257.0
831010.0,2.0,2.0,-120.0,0.0,-1.0,7.0,2686.0,2680.0,0.999,0.013000000000000001,4257.0
831020.0,2.0,2.0,-120.0,0.0,-1.0,7.0,2685.0,2680.0,0.999,0.013000000000000001,4257.0
831030.0,2.0,2.0,-120.0,0.9,-1.0,6.0,2686.0,2682.0,0.999,0.013000000000000001,4257.0
831040.0,2.0,2.0,-120.0,0.5,-1.0,6.0,2686.0,2682.0,0.999,0.013000000000000001,4257.0
831050.0,2.0,2.0,-120.0,0.2,-1.0,5.0,2686.0,2682.0,0.999,0.013000000000000001,4245.0
831060.0,2.0,2.0,-120.0,0.1,-1.0,6.0,2690.0,2682.0,0.999,0.013000000000000001,4245.0
831070.0,2.0,2.0,-120.0,0.1,-1.0,6.0,2686.0,2683.0,0.999,0.013000000000000001,4245.0
831080.0,2.0,2.0,-120.0,0.0,-1.0,7.0,2684.0,2680.0,0.999,0.013000000000000001,4245.0
831090.0,2.0,2.0,-120.0,0.0,-1.0,8.0,2685.0,2679.0,0.999,0.013000000000000001,4245.0
831100.0,2.0,2.0,-120.0,0.0,-1.0,7.0,2684.0,2679.0,0.999,0.013000000000000001,4250.0
831110.0,2.0,2.0,-120.0,0.0,-1.0,7.0,2685.0,2678.0,0.999,0.013000000000000001,4250.0
831120.0,2.0,2.0,-120.0,-0.9,-1.0,7.0,2684.0,2680.0,0.999,0.013000000000000001,4250.0
831130.0,2.0,2.0,-120.0,-0.4,-1.0,7.0,2683.0,2677.0,0.999,0.013000000000000001,4250.0
831140.0,2.0,2.0,-120.0,-0.2,-1.0,7.0,2684.0,2678.0,0.999,0.013000000000000001,4250.0
831150.0,2.0,2.0,-120.0,-0.1,-1.0,7.0,2684.0,2677.0,0.999,0.013000000000000001,4256.0
831160.0,2.0,2.0,-120.0,-0.1,-1.0,7.0,2683.0,2678.0,0.999,0.013000000000000001,4256.0
831170.0,2.0,2.0,-120.0,0.0,-1.0,7.0,2683.0,2677.0,0.999,0.013000000000000001,4256.0
831180.0,2.0,2.0,-120.0,0.0,-1.0,7.0,2685.0,2682.0,0.999,0.013000000000000001,4256.0
831190.0,2.0,2.0,-120.0,0.0,-1.0,7.0,2684.0,2681.0,0.999,0.013000000000000001,4256.0
831200.0,2.0,2.0,-120.0,0.0,-1.0,7.0,2686.0,2680.0,0.999,0.013000000000000001,4260.0
831210.0,2.0,2.0,-120.0,0.0,-1.0,7.0,2685.0,2680.0,0.999,0.013000000000000001,4260.0
831220.0,2.0,2.0,-120.0,0.0,-1.0,7.0,2686.0,2680.0,0.999,0.013000000000000001,4260.0
831230.0,2.0,2.0,-120.0,0.9,-1.0,7.0,2685.0,2682.0,0.999,0.013000000000000001,4260.0
831240.0,2.0,2.0,-120.0,0.4,-1.0,6.0,2687.0,2682.0,0.999,0.013000000000000001,4260.0
831250.0,2.0,2.0,-120.0,0.2,-1.0,6.0,2686.0,2682.0,0.999,0.013000000000000001,4257.0
831260.0,2.0,2.0,-120.0,0.1,-1.0,6.0,2686.0,2683.0,0.999,0.013000000000000001,4257.0
831270.0,2.0,2.0,-120.0,0.1,-1.0,6.0,2686.0,2683.0,0.999,0.013000000000000001,4257.0
831280.0,2.0,2.0,-120.0,0.0,-1.0,7.0,2687.0,2682.0,0.999,0.013000000000000001,4257.0
831290.0,2.0,2.0,-120.0,0.0,-1.0,7.0,2684.0,2680.0,0.999,0.013000000000000001,4257.0
831300.0,2.0,2.0,-120.0,0.0,-1.0,7.0,2684.0,2679.0,0.999,0.013000000000000001,4250.0
831310.0,2.0,2.0,-120.0,0.0,-1.0,7.0,2684.0,2680.0,0.999,0.013000000000000001,4250.0
831320.0,2.0,2.0,-120.0,0.0,-1.0,7.0,2684.0,2680.0,0.999,0.013000000000000001,4250.0
831330.0,2.0,2.0,-120.0,-0.9,-1.0,7.0,2684.0,2680.0,0.999,0.013000000000000001,4250.0
831340.0,2.0,2.0,-120.0,-0.4,-1.0,7.0,2683.0,2678.0,0.999,0.013000000000000001,4250.0
831350.0,2.0,2.0,-120.0,-0.2,-1.0,7.0,2684.0,2677.0,0.999,0.013000000000000001,4256.0
831360.0,2.0,2.0,-120.0,-0.1,-1.0,8.0,2683.0,2678.0,0.999,0.013000000000000001,4256.0
831370.0,2.0,2.0,-120.0,-0.1,-1.0,7.0,2684.0,2677.0,0.999,0.013000000000000001,4256.0
831380.0,2.0,2.0,-120.0,0.0,-1.0,7.0,2683.0,2678.0,0.999,0.013000000000000001,4256.0
831390.0,2.0,2.0,-120.0,0.0,-1.0,8.0,2683.0,2678.0,0.999,0.013000000000000001,4256.0
831400.0,2.0,2.0,-120.0,0.0,-1.0,7.0,2686.0,2681.0,0.999,0.013000000000000001,4246.0
831410.0,2.0,2.0,-120.0,0.0,-1.0,7.0,2688.0,2682.0,0.999,0.013000000000000001,4246.0
831420.0,2.0,2.0,-120.0,0.0,-1.0,7.0,2685.0,2679.0,0.999,0.013000000000000001,4246.0
831430.0,2.0,2.0,-120.0,0.0,-1.0,7.0,2684.0,2680.0,0.999,0.013000000000000001,4246.0
831440.0,2.0,2.0,-120.0,0.0,-1.0,7.0,2685.0,2680.0,0.999,0.013000000000000001,4246.0
831450.0,2.0,2.0,-120.0,0.9,-1.0,7.0,2684.0,2680.0,0.999,0.013000000000000001,4258.0
831460.0,2.0,2.0,-120.0,0.5,-1.0,7.0,2686.0,2683.0,0.999,0.013000000000000001,4258.0
831470.0,2.0,2.0,-120.0,0.2,-1.0,6.0,2686.0,2682.0,0.999,0.013000000000000001,4258.0
831480.0,2.0,2.0,-120.0,0.1,-1.0,6.0,2686.0,2682.0,0.999,0.013000000000000001,4258.0
831490.0,2.0,2.0,-120.0,0.1,-1.0,7.0,2685.0,2683.0,0.999,0.013000000000000001,4258.0
831500.0,2.0,2.0,-120.0,0.0,-1.0,7.0,2686.0,2682.0,0.999,0.013000000000000001,4243.0
831510.0,2.0,2.0,-120.0,0.0,-1.0,6.0,2686.0,2682.0,0.999,0.013000000000000001,4243.0
831520.0,2.0,2.0,-120.0,0.0,-1.0,7.0,2684.0,2680.0,0.999,0.013000000000000001,4243.0
831530.0,2.0,2.0,-120.0,0.0,-1.0,7.0,2685.0,2680.0,0.999,0.013000000000000001,4243.0
831540.0,2.0,2.0,-120.0,0.0,-1.0,6.0,2684.0,2680.0,0.999,0.013000000000000001,4243.0
831550.0,2.0,2.0,-120.0,-0.9,-1.0,7.0,2684.0,2680.0,0.999,0.013000000000000001,4794.0
831560.0,2.0,2.0,-120.0,-0.4,-1.0,7.0,2684.0,2680.0,0.999,0.013000000000000001,4794.0
831570.0,2.0,2.0,-120.0,-0.2,-1.0,7.0,2684.0,2680.0,0.999,0.013000000000000001,4794.0
831580.0,2.0,2.0,-120.0,-0.1,-1.0,7.0,2684.0,2677.0,0.999,0.013000000000000001,4794.0
831590.0,2.0,2.0,-120.0,-0.1,-1.0,8.0,2682.0,2677.0,0.999,0.013000000000000001,4794.0
831600.0,2.0,2.0,-120.0,0.0,-1.0,7.0,2684.0,2677.0,0.999,0.013000000000000001,4257.0
831610.0,2.0,2.0,-120.0,0.0,-1.0,8.0,2683.0,2677.0,0.999,0.013000000000000001,4257.0
831620.0,2.0,2.0,-120.0,0.0,-1.0,9.0,2684.0,2678.0,0.999,0.013000000000000001,4257.0
831630.0,2.0,2.0,-120.0,0.0,-1.0,6.0,2685.0,2680.0,0.999,0.013000000000000001,4257.0
831640.0,2.0,2.0,-120.0,0.0,-1.0,7.0,2684.0,2680.0,0.999,0.013000000000000001,4257.0
831650.0,2.0,2.0,-120.0,0.0,-1.0,7.0,2685.0,2679.0,0.999,0.013000000000000001,4249.0
831660.0,2.0,2.0,-120.0,0.0,-1.0,7.0,2685.0,2681.0,0.999,0.013000000000000001,4249.0
831670.0,2.0,2.0,-120.0,0.0,-1.0,6.0,2685.0,2680.0,0.999,0.013000000000000001,4249.0
831680.0,2.0,2.0,-120.0,0.9,-1.0,7.0,2684.0,2681.0,0.999,0.013000000000000001,4249.0
831690.0,2.0,2.0,-120.0,0.5,-1.0,6.0,2687.0,2683.0,0.999,0.013000000000000001,4249.0
831700.0,2.0,2.0,-120.0,0.2,-1.0,6.0,2687.0,2683.0,0.999,0.013000000000000001,4257.0
831710.0,2.0,2.0,-120.0,0.1,-1.0,7.0,2686.0,2683.0,0.999,0.013000000000000001,4257.0
831720.0,2.0,2.0,-120.0,0.1,-1.0,5.0,2685.0,2684.0,0.999,0.013000000000000001,4257.0
831730.0,2.0,2.0,-120.0,0.0,-1.0,7.0,2686.0,2682.0,0.999,0.013000000000000001,4257.0
831740.0,2.0,2.0,-120.0,0.0,-1.0,7.0,2686.0,2682.0,0.999,0.013000000000000001,4257.0
831750.0,2.0,2.0,-120.0,0.0,-1.0,7.0,2684.0,2680.0,0.999,0.013000000000000001,4251.0
831760.0,2.0,2.0,-120.0,0.0,-1.0,7.0,2685.0,2678.0,0.999,0.013000000000000001,4251.0
831770.0,2.0,2.0,-120.0,0.0,-1.0,7.0,2685.0,2680.0,0.999,0.013000000000000001,4251.0
831780.0,2.0,2.0,-120.0,0.0,-1.0,7.0,2686.0,2680.0,0.999,0.013000000000000001,4251.0
831790.0,2.0,2.0,-120.0,0.0,-1.0,7.0,2684.0,2681.0,0.999,0.013000000000000001,4251.0
831800.0,2.0,2.0,-120.0,-0.9,-1.0,7.0,2686.0,2680.0,0.999,0.013000000000000001,4254.0
831810.0,2.0,2.0,-120.0,-0.5,-1.0,7.0,2684.0,2680.0,0.999,0.013000000000000001,4254.0
831820.0,2.0,2.0,-120.0,-0.2,-1.0,7.0,2683.0,2678.0,0.999,0.013000000000000001,4254.0
831830.0,2.0,2.0,-120.0,-0.1,-1.0,8.0,2684.0,2676.0,0.999,0.013000000000000001,4254.0
831840.0,2.0,2.0,-120.0,-0.1,-1.0,8.0,2684.0,2677.0,0.999,0.013000000000000001,4254.0
831850.0,2.0,2.0,-120.0,0.0,-1.0,7.0,2683.0,2677.0,0.999,0.013000000000000001,4257.0
831860.0,2.0,2.0,-120.0,0.0,-1.0,8.0,2684.0,2677.0,0.999,0.013000000000000001,4257.0
831870.0,2.0,2.0,-120.0,0.0,-1.0,7.0,2684.0,2680.0,0.999,0.013000000000000001,4257.0
831880.0,2.0,2.0,-120.0,0.0,-1.0,6.0,2685.0,2680.0,0.999,0.013000000000000001,4257.0
831890.0,2.0,2.0,-120.0,0.0,-1.0,7.0,2685.0,2680.0,0.999,0.013000000000000001,4257.0
831900.0,2.0,2.0,-120.0,0.0,-1.0,7.0,2684.0,2681.0,0.999,0.013000000000000001,4250.0
831910.0,2.0,2.0,-120.0,0.0,-1.0,7.0,2684.0,2680.0,0.999,0.013000000000000001,4250.0
831920.0,2.0,2.0,-120.0,0.0,-1.0,9.0,2685.0,2679.0,0.999,0.013000000000000001,4250.0
831930.0,2.0,2.0,-120.0,0.9,-1.0,7.0,2684.0,2680.0,0.999,0.013000000000000001,4250.0
831940.0,2.0,2.0,-120.0,0.5,-1.0,6.0,2685.0,2681.0,0.999,0.013000000000000001,4250.0
831950.0,2.0,2.0,-120.0,0.2,-1.0,5.0,2686.0,2683.0,0.999,0.013000000000000001,4256.0
831960.0,2.0,2.0,-120.0,0.1,-1.0,7.0,2687.0,2682.0,0.999,0.013000000000000001,4256.0
831970.0,2.0,2.0,-120.0,0.1,-1.0,6.0,2686.0,2683.0,0.999,0.013000000000000001,4256.0
831980.0,2.0,2.0,-120.0,0.0,-1.0,6.0,2686.0,2682.0,0.999,0.013000000000000001,4256.0
831990.0,2.0,2.0,-120.0,0.0,-1.0,7.0,2686.0,2683.0,0.999,0.013000000000000001,4256.0
832000.0,2.0,2.0,-120.0,0.0,-1.0,7.0,2684.0,2679.0,0.999,0.013000000000000001,4256.0
832010.0,2.0,2.0,-120.0,0.0,-1.0,7.0,2684.0,2680.0,0.999,0.013000000000000001,4256.0
832020.0,2.0,2.0,-120.0,0.0,-1.0,7.0,2684.0,2681.0,0.999,0.013000000000000001,4256.0
832030.0,2.0,2.0,-120.0,0.0,-1.0,8.0,2684.0,2680.0,0.999,0.013000000000000001,4256.0
832040.0,2.0,2.0,-120.0,0.0,-1.0,7.0,2684.0,2681.0,0.999,0.013000000000000001,4256.0
832050.0,2.0,2.0,-120.0,-0.9,-1.0,7.0,2684.0,2680.0,0.999,0.013000000000000001,4247.0
832060.0,2.0,2.0,-120.0,-0.5,-1.0,7.0,2683.0,2678.0,0.999,0.013000000000000001,4247.0
832070.0,2.0,2.0,-120.0,-0.2,-1.0,8.0,2684.0,2677.0,0.999,0.013000000000000001,4247.0
832080.0,2.0,2.0,-120.0,-0.1,-1.0,7.0,2684.0,2677.0,0.999,0.013000000000000001,4247.0
832090.0,2.0,2.0,-120.0,-0.1,-1.0,7.0,2683.0,2678.0,0.999,0.013000000000000001,4247.0
832100.0,2.0,2.0,-120.0,0.0,-1.0,8.0,2683.0,2678.0,0.999,0.013000000000000001,4258.0
832110.0,2.0,2.0,-120.0,0.0,-1.0,7.0,2685.0,2681.0,0.999,0.013000000000000001,4258.0
832120.0,2.0,2.0,-120.0,0.0,-1.0,6.0,2686.0,2681.0,0.999,0.013000000000000001,4258.0
832130.0,2.0,2.0,-120.0,0.0,-1.0,7.0,2685.0,2679.0,0.999,0.013000000000000001,4258.0
832140.0,2.0,2.0,-120.0,0.0,-1.0,7.0,2685.0,2680.0,0.999,0.013000000000000001,4258.0
832150.0,2.0,2.0,-120.0,0.9,-1.0,6.0,2684.0,2680.0,0.999,0.013000000000000001,4795.0
832160.0,2.0,2.0,-120.0,0.4,-1.0,7.0,2684.0,2681.0,0.999,0.013000000000000001,4795.0
832170.0,2.0,2.0,-120.0,0.2,-1.0,6.0,2687.0,2683.0,0.999,0.013000000000000001,4795.0
832180.0,2.0,2.0,-120.0,0.1,-1.0,6.0,2687.0,2682.0,0.999,0.013000000000000001,4795.0
832190.0,2.0,2.0,-120.0,0.1,-1.0,7.0,2686.0,2681.0,0.999,0.013000000000000001,4795.0
832200.0,2.0,2.0,-120.0,0.0,-1.0,7.0,2685.0,2684.0,0.999,0.013000000000000001,4228.0
832210.0,2.0,2.0,-120.0,0.0,-1.0,6.0,2686.0,2686.0,0.999,0.013000000000000001,4228.0
832220.0,2.0,2.0,-120.0,0.0,-1.0,7.0,2684.0,2680.0,0.999,0.013000000000000001,4228.0
832230.0,2.0,2.0,-120.0,0.0,-1.0,7.0,2684.0,2681.0,0.999,0.013000000000000001,4228.0
832240.0,2.0,2.0,-120.0,0.0,-1.0,7.0,2685.0,2680.0,0.999,0.013000000000000001,4228.0
832250.0,2.0,2.0,-120.0,0.0,-1.0,7.0,2685.0,2680.0,0.999,0.013000000000000001,4257.0
832260.0,2.0,2.0,-120.0,0.0,-1.0,7.0,2685.0,2679.0,0.999,0.013000000000000001,4257.0
832270.0,2.0,2.0,-120.0,0.0,-1.0,7.0,2685.0,2680.0,0.999,0.013000000000000001,4257.0
832280.0,2.0,2.0,-120.0,-0.9,-1.0,6.0,2684.0,2679.0,0.999,0.013000000000000001,4257.0
832290.0,2.0,2.0,-120.0,-0.5,-1.0,7.0,2682.0,2678.0,0.999,0.013000000000000001,4257.0
832300.0,2.0,2.0,-120.0,-0.2,-1.0,7.0,2682.0,2678.0,0.999,0.013000000000000001,4250.0
832310.0,2.0,2.0,-120.0,-0.1,-1.0,7.0,2684.0,2677.0,0.999,0.013000000000000001,4250.0
832320.0,2.0,2.0,-120.0,-0.1,-1.0,7.0,2683.0,2681.0,0.999,0.013000000000000001,4250.0
832330.0,2.0,2.0,-120.0,0.0,-1.0,7.0,2683.0,2679.0,0.999,0.013000000000000001,4250.0
832340.0,2.0,2.0,-120.0,0.0,-1.0,8.0,2684.0,2677.0,0.999,0.013000000000000001,4250.0
832350.0,2.0,2.0,-120.0,0.0,-1.0,7.0,2684.0,2681.0,0.999,0.013000000000000001,4248.0
832360.0,2.0,2.0,-120.0,0.0,-1.0,7.0,2684.0,2681.0,0.999,0.013000000000000001,4248.0
832370.0,2.0,2.0,-120.0,0.0,-1.0,7.0,2685.0,2686.0,0.999,0.013000000000000001,4248.0
832380.0,2.0,2.0,-120.0,0.0,-1.0,7.0,2686.0,2677.0,0.999,0.013000000000000001,4248.0
832390.0,2.0,2.0,-120.0,0.0,-1.0,7.0,2685.0,2681.0,0.999,0.013000000000000001,4248.0
832400.0,2.0,2.0,-120.0,0.9,-1.0,7.0,2685.0,2683.0,0.999,0.013000000000000001,4247.0
832410.0,2.0,2.0,-120.0,0.5,-1.0,6.0,2686.0,2683.0,0.999,0.013000000000000001,4247.0
832420.0,2.0,2.0,-120.0,0.2,-1.0,6.0,2687.0,2682.0,0.999,0.013000000000000001,4247.0
832430.0,2.0,2.0,-120.0,0.1,-1.0,7.0,2686.0,2681.0,0.999,0.013000000000000001,4247.0
832440.0,2.0,2.0,-120.0,0.1,-1.0,6.0,2687.0,2680.0,0.999,0.013000000000000001,4247.0
832450.0,2.0,2.0,-120.0,0.0,-1.0,7.0,2686.0,2681.0,0.999,0.013000000000000001,4248.0
832460.0,2.0,2.0,-120.0,0.0,-1.0,6.0,2685.0,2677.0,0.999,0.013000000000000001,4248.0
832470.0,2.0,2.0,-120.0,0.0,-1.0,7.0,2684.0,2679.0,0.999,0.013000000000000001,4248.0
832480.0,2.0,2.0,-120.0,0.0,-1.0,7.0,2686.0,2679.0,0.999,0.013000000000000001,4248.0
832490.0,2.0,2.0,-120.0,0.0,-1.0,7.0,2685.0,2680.0,0.999,0.013000000000000001,4248.0
832500.0,2.0,2.0,-120.0,-0.9,-1.0,8.0,2685.0,2679.0,0.999,0.013000000000000001,4796.0
832510.0,2.0,2.0,-120.0,-0.4,-1.0,7.0,2684.0,2680.0,0.999,0.013000000000000001,4796.0
832520.0,2.0,2.0,-120.0,-0.2,-1.0,7.0,2683.0,2678.0,0.999,0.013000000000000001,4796.0
832530.0,2.0,2.0,-120.0,-0.1,-1.0,8.0,2683.0,2677.0,0.999,0.013000000000000001,4796.0
832540.0,2.0,2.0,-120.0,-0.1,-1.0,7.0,2682.0,2677.0,0.999,0.013000000000000001,4796.0
832550.0,2.0,2.0,-120.0,0.0,-1.0,8.0,2683.0,2678.0,0.999,0.013000000000000001,4257.0
832560.0,2.0,2.0,-120.0,0.0,-1.0,8.0,2684.0,2678.0,0.999,0.013000000000000001,4257.0
832570.0,2.0,2.0,-120.0,0.0,-1.0,7.0,2685.0,2681.0,0.999,0.013000000000000001,4257.0
832580.0,2.0,2.0,-120.0,0.0,-1.0,7.0,2685.0,2679.0,0.999,0.013000000000000001,4257.0
832590.0,2.0,2.0,-120.0,0.0,-1.0,8.0,2685.0,2680.0,0.999,0.013000000000000001,4257.0
832600.0,2.0,2.0,-120.0,0.0,-1.0,7.0,2684.0,2681.0,0.999,0.013000000000000001,4240.0
832610.0,2.0,2.0,-120.0,0.0,-1.0,7.0,2685.0,2680.0,0.999,0.013000000000000001,4240.0
832620.0,2.0,2.0,-120.0,0.0,-1.0,8.0,2685.0,2681.0,0.999,0.013000000000000001,4240.0
832630.0,2.0,2.0,-120.0,0.9,-1.0,7.0,2685.0,2680.0,0.999,0.013000000000000001,4240.0
832640.0,2.0,2.0,-120.0,0.5,-1.0,6.0,2686.0,2684.0,0.999,0.013000000000000001,4240.0
832650.0,2.0,2.0,-120.0,0.2,-1.0,6.0,2685.0,2683.0,0.999,0.013000000000000001,4252.0
832660.0,2.0,2.0,-120.0,0.1,-1.0,7.0,2686.0,2684.0,0.999,0.013000000000000001,4252.0
832670.0,2.0,2.0,-120.0,0.1,-1.0,7.0,2685.0,2684.0,0.999,0.013000000000000001,4252.0
832680.0,2.0,2.0,-120.0,0.0,-1.0,6.0,2686.0,2683.0,0.999,0.013000000000000001,4252.0
832690.0,2.0,2.0,-120.0,0.0,-1.0,6.0,2687.0,2681.0,0.999,0.013000000000000001,4252.0
832700.0,2.0,2.0,-120.0,0.0,-1.0,7.0,2685.0,2681.0,0.999,0.013000000000000001,4257.0
832710.0,2.0,2.0,-120.0,0.0,-1.0,7.0,2684.0,2680.0,0.999,0.013000000000000001,4257.0
832720.0,2.0,2.0,-120.0,0.0,-1.0,7.0,2684.0,2681.0,0.999,0.013000000000000001,4257.0
832730.0,2.0,2.0,-120.0,0.0,-1.0,7.0,2686.0,2681.0,0.999,0.013000000000000001,4257.0
832740.0,2.0,2.0,-120.0,0.0,-1.0,7.0,2685.0,2680.0,0.999,0.013000000000000001,4257.0
832750.0,2.0,2.0,-120.0,-0.9,-1.0,8.0,2684.0,2680.0,0.999,0.013000000000000001,4251.0
832760.0,2.0,2.0,-120.0,-0.5,-1.0,7.0,2682.0,2678.0,0.999,0.013000000000000001,4251.0
832770.0,2.0,2.0,-120.0,-0.2,-1.0,8.0,2683.0,2678.0,0.999,0.013000000000000001,4251.0
832780.0,2.0,2.0,-120.0,-0.1,-1.0,8.0,2684.0,2678.0,0.999,0.013000000000000001,4251.0
832790.0,2.0,2.0,-120.0,-0.1,-1.0,7.0,2683.0,2678.0,0.999,0.013000000000000001,4251.0
832800.0,2.0,2.0,-120.0,0.0,-1.0,8.0,2682.0,2679.0,0.999,0.013000000000000001,4241.0
832810.0,2.0,2.0,-120.0,0.0,-1.0,8.0,2686.0,2681.0,0.999,0.013000000000000001,4241.0
832820.0,2.0,2.0,-120.0,0.0,-1.0,7.0,2685.0,2680.0,0.999,0.013000000000000001,4241.0
832830.0,2.0,2.0,-120.0,0.0,-1.0,7.0,2686.0,2680.0,0.999,0.013000000000000001,4241.0
832840.0,2.0,2.0,-120.0,0.0,-1.0,7.0,2685.0,2681.0,0.999,0.013000000000000001,4241.0
832850.0,2.0,2.0,-120.0,0.9,-1.0,7.0,2686.0,2680.0,0.999,0.013000000000000001,4252.0
832860.0,2.0,2.0,-120.0,0.4,-1.0,7.0,2686.0,2682.0,0.999,0.013000000000000001,4252.0
832870.0,2.0,2.0,-120.0,0.2,-1.0,6.0,2686.0,2682.0,0.999,0.013000000000000001,4252.0
832880.0,2.0,2.0,-120.0,0.1,-1.0,6.0,2686.0,2683.0,0.999,0.013000000000000001,4252.0
832890.0,2.0,2.0,-120.0,0.1,-1.0,6.0,2686.0,2683.0,0.999,0.013000000000000001,4252.0
832900.0,2.0,2.0,-120.0,0.0,-1.0,6.0,2686.0,2683.0,0.999,0.013000000000000001,4258.0
832910.0,2.0,2.0,-120.0,0.0,-1.0,6.0,2687.0,2683.0,0.999,0.013000000000000001,4258.0
832920.0,2.0,2.0,-120.0,0.0,-1.0,7.0,2685.0,2680.0,0.999,0.013000000000000001,4258.0
832930.0,2.0,2.0,-120.0,0.0,-1.0,7.0,2684.0,2680.0,0.999,0.013000000000000001,4258.0
832940.0,2.0,2.0,-120.0,0.0,-1.0,7.0,2684.0,2681.0,0.999,0.013000000000000001,4258.0
832950.0,2.0,2.0,-120.0,-0.9,-1.0,7.0,2685.0,2680.0,0.999,0.013000000000000001,4771.0
832960.0,2.0,2.0,-120.0,-0.4,-1.0,7.0,2684.0,2681.0,0.999,0.013000000000000001,4771.0
832970.0,2.0,2.0,-120.0,-0.2,-1.0,8.0,2682.0,2678.0,0.999,0.013000000000000001,4771.0
832980.0,2.0,2.0,-120.0,-0.1,-1.0,8.0,2684.0,2677.0,0.999,0.013000000000000001,4771.0
832990.0,2.0,2.0,-120.0,-0.1,-1.0,8.0,2685.0,2677.0,0.999,0.013000000000000001,4771.0
833000.0,2.0,2.0,-120.0,0.0,-1.0,8.0,2683.0,2677.0,0.999,0.013000000000000001,4257.0
833010.0,2.0,2.0,-120.0,0.0,-1.0,8.0,2683.0,2678.0,0.999,0.013000000000000001,4257.0
833020.0,2.0,2.0,-120.0,0.0,-1.0,7.0,2686.0,2680.0,0.999,0.013000000000000001,4257.0
833030.0,2.0,2.0,-120.0,0.0,-1.0,8.0,2686.0,2681.0,0.999,0.013000000000000001,4257.0
833040.0,2.0,2.0,-120.0,0.0,-1.0,7.0,2686.0,2681.0,0.999,0.013000000000000001,4257.0
833050.0,2.0,2.0,-120.0,0.0,-1.0,7.0,2685.0,2681.0,0.999,0.013000000000000001,4257.0
833060.0,2.0,2.0,-120.0,0.0,-1.0,7.0,2686.0,2681.0,0.999,0.013000000000000001,4257.0
833070.0,2.0,2.0,-120.0,0.0,-1.0,6.0,2685.0,2681.0,0.999,0.013000000000000001,4257.0
833080.0,2.0,2.0,-120.0,0.9,-1.0,7.0,2685.0,2681.0,0.999,0.013000000000000001,4257.0
833090.0,2.0,2.0,-120.0,0.5,-1.0,6.0,2685.0,2684.0,0.999,0.013000000000000001,4257.0
833100.0,2.0,2.0,-120.0,0.2,-1.0,7.0,2687.0,2683.0,0.999,0.013000000000000001,4241.0
833110.0,2.0,2.0,-120.0,0.1,-1.0,7.0,2686.0,2683.0,0.999,0.013000000000000001,4241.0
833120.0,2.0,2.0,-120.0,0.1,-1.0,6.0,2686.0,2682.0,0.999,0.013000000000000001,4241.0
833130.0,2.0,2.0,-120.0,0.0,-1.0,6.0,2686.0,2683.0,0.999,0.013000000000000001,4241.0
833140.0,2.0,2.0,-120.0,0.0,-1.0,6.0,2686.0,2682.0,0.999,0.013000000000000001,4241.0
833150.0,2.0,2.0,-120.0,0.0,-1.0,8.0,2683.0,2680.0,0.999,0.013000000000000001,4256.0
833160.0,2.0,2.0,-120.0,0.0,-1.0,7.0,2685.0,2681.0,0.999,0.013000000000000001,4256.0
833170.0,2.0,2.0,-120.0,0.0,-1.0,7.0,2684.0,2680.0,0.999,0.013000000000000001,4256.0
833180.0,2.0,2.0,-120.0,0.0,-1.0,7.0,2685.0,2679.0,0.999,0.013000000000000001,4256.0
833190.0,2.0,2.0,-120.0,-0.9,-1.0,7.0,2685.0,2680.0,0.999,0.013000000000000001,4256.0
833200.0,2.0,2.0,-120.0,-0.4,-1.0,8.0,2685.0,2680.0,0.999,0.013000000000000001,4251.0
833210.0,2.0,2.0,-120.0,-0.2,-1.0,8.0,2683.0,2677.0,0.999,0.013000000000000001,4251.0
833220.0,2.0,2.0,-120.0,-0.1,-1.0,8.0,2683.0,2679.0,0.999,0.013000000000000001,4251.0
833230.0,2.0,2.0,-120.0,-0.1,-1.0,8.0,2683.0,2678.0,0.999,0.013000000000000001,4251.0
833240.0,2.0,2.0,-120.0,0.0,-1.0,7.0,2684.0,2677.0,0.999,0.013000000000000001,4251.0
833250.0,2.0,2.0,-120.0,0.0,-1.0,7.0,2683.0,2680.0,0.999,0.013000000000000001,4257.0
833260.0,2.0,2.0,-120.0,0.0,-1.0,7.0,2686.0,2681.0,0.999,0.013000000000000001,4257.0
833270.0,2.0,2.0,-120.0,0.0,-1.0,7.0,2685.0,2681.0,0.999,0.013000000000000001,4257.0
833280.0,2.0,2.0,-120.0,0.0,-1.0,7.0,2685.0,2679.0,0.999,0.013000000000000001,4257.0
833290.0,2.0,2.0,-120.0,0.0,-1.0,7.0,2686.0,2681.0,0.999,0.013000000000000001,4257.0
833300.0,2.0,2.0,-120.0,0.9,-1.0,7.0,2687.0,2680.0,0.999,0.013000000000000001,4259.0
833310.0,2.0,2.0,-120.0,0.4,-1.0,6.0,2687.0,2683.0,0.999,0.013000000000000001,4259.0
833320.0,2.0,2.0,-120.0,0.2,-1.0,7.0,2686.0,2684.0,0.999,0.013000000000000001,4259.0
833330.0,2.0,2.0,-120.0,0.1,-1.0,7.0,2687.0,2683.0,0.999,0.013000000000000001,4259.0
833340.0,2.0,2.0,-120.0,0.1,-1.0,6.0,2688.0,2684.0,0.999,0.013000000000000001,4259.0
833350.0,2.0,2.0,-120.0,0.0,-1.0,7.0,2685.0,2684.0,0.999,0.013000000000000001,4256.0
833360.0,2.0,2.0,-120.0,0.0,-1.0,7.0,2684.0,2679.0,0.999,0.013000000000000001,4256.0
833370.0,2.0,2.0,-120.0,0.0,-1.0,7.0,2684.0,2679.0,0.999,0.013000000000000001,4256.0
833380.0,2.0,2.0,-120.0,0.0,-1.0,7.0,2686.0,2680.0,0.999,0.013000000000000001,4256.0
833390.0,2.0,2.0,-120.0,0.0,-1.0,7.0,2684.0,2680.0,0.999,0.013000000000000001,4256.0
833400.0,2.0,2.0,-120.0,-0.9,-1.0,7.0,2684.0,2681.0,0.999,0.013000000000000001,4251.0
833410.0,2.0,2.0,-120.0,-0.4,-1.0,8.0,2682.0,2678.0,0.999,0.013000000000000001,4251.0
833420.0,2.0,2.0,-120.0,-0.2,-1.0,7.0,2683.0,2679.0,0.999,0.013000000000000001,4251.0
833430.0,2.0,2.0,-120.0,-0.1,-1.0,7.0,2684.0,2678.0,0.999,0.013000000000000001,4251.0
833440.0,2.0,2.0,-120.0,-0.1,-1.0,8.0,2685.0,2678.0,0.999,0.013000000000000001,4251.0
833450.0,2.0,2.0,-120.0,0.0,-1.0,8.0,2684.0,2678.0,0.999,0.013000000000000001,4240.0
833460.0,2.0,2.0,-120.0,0.0,-1.0,8.0,2684.0,2678.0,0.999,0.013000000000000001,4240.0
833470.0,2.0,2.0,-120.0,0.0,-1.0,7.0,2684.0,2681.0,0.999,0.013000000000000001,4240.0
833480.0,2.0,2.0,-120.0,0.0,-1.0,6.0,2685.0,2682.0,0.999,0.013000000000000001,4240.0
833490.0,2.0,2.0,-120.0,0.0,-1.0,7.0,2686.0,2681.0,0.999,0.013000000000000001,4240.0
833500.0,2.0,2.0,-120.0,0.9,-1.0,8.0,2685.0,2681.0,0.999,0.013000000000000001,4789.0
833510.0,2.0,2.0,-120.0,0.4,-1.0,6.0,2687.0,2682.0,0.999,0.013000000000000001,4789.0
833520.0,2.0,2.0,-120.0,0.2,-1.0,6.0,2686.0,2684.0,0.999,0.013000000000000001,4789.0
833530.0,2.0,2.0,-120.0,0.1,-1.0,6.0,2687.0,2683.0,0.999,0.013000000000000001,4789.0
833540.0,2.0,2.0,-120.0,0.1,-1.0,7.0,2690.0,2683.0,0.999,0.013000000000000001,4789.0
833550.0,2.0,2.0,-120.0,0.0,-1.0,7.0,2691.0,2683.0,0.999,0.013000000000000001,4256.0
833560.0,2.0,2.0,-120.0,0.0,-1.0,6.0,2685.0,2684.0,0.999,0.013000000000000001,4256.0
833570.0,2.0,2.0,-120.0,0.0,-1.0,7.0,2685.0,2682.0,0.999,0.013000000000000001,4256.0
833580.0,2.0,2.0,-120.0,0.0,-1.0,7.0,2684.0,2679.0,0.999,0.013000000000000001,4256.0
833590.0,2.0,2.0,-120.0,0.0,-1.0,7.0,2684.0,2680.0,0.999,0.013000000000000001,4256.0
833600.0,2.0,2.0,-120.0,0.0,-1.0,7.0,2685.0,2681.0,0.999,0.013000000000000001,4247.0
833610.0,2.0,2.0,-120.0,0.0,-1.0,7.0,2685.0,2681.0,0.999,0.013000000000000001,4247.0
833620.0,2.0,2.0,-120.0,0.0,-1.0,7.0,2684.0,2680.0,0.999,0.013000000000000001,4247.0
833630.0,2.0,2.0,-120.0,-0.9,-1.0,7.0,2685.0,2678.0,0.999,0.013000000000000001,4247.0
833640.0,2.0,2.0,-120.0,-0.5,-1.0,8.0,2683.0,2678.0,0.999,0.013000000000000001,4247.0
833650.0,2.0,2.0,-120.0,-0.2,-1.0,7.0,2684.0,2678.0,0.999,0.013000000000000001,4256.0
833660.0,2.0,2.0,-120.0,-0.1,-1.0,8.0,2684.0,2677.0,0.999,0.013000000000000001,4256.0
833670.0,2.0,2.0,-120.0,-0.1,-1.0,8.0,2684.0,2680.0,0.999,0.013000000000000001,4256.0
833680.0,2.0,2.0,-120.0,0.0,-1.0,8.0,2684.0,2681.0,0.999,0.013000000000000001,4256.0
833690.0,2.0,2.0,-120.0,0.0,-1.0,7.0,2685.0,2680.0,0.999,0.013000000000000001,4256.0
833700.0,2.0,2.0,-120.0,0.0,-1.0,7.0,2684.0,2681.0,0.999,0.013000000000000001,4257.0
833710.0,2.0,2.0,-120.0,0.0,-1.0,7.0,2686.0,2681.0,0.999,0.013000000000000001,4257.0
833720.0,2.0,2.0,-120.0,0.0,-1.0,7.0,2685.0,2681.0,0.999,0.013000000000000001,4257.0
833730.0,2.0,2.0,-120.0,0.9,-1.0,7.0,2687.0,2680.0,0.999,0.013000000000000001,4257.0
833740.0,2.0,2.0,-120.0,0.4,-1.0,7.0,2687.0,2682.0,0.999,0.013000000000000001,4257.0
833750.0,2.0,2.0,-120.0,0.2,-1.0,7.0,2687.0,2682.0,0.999,0.013000000000000001,4258.0
833760.0,2.0,2.0,-120.0,0.1,-1.0,7.0,2686.0,2683.0,0.999,0.013000000000000001,4258.0
833770.0,2.0,2.0,-120.0,0.1,-1.0,7.0,2686.0,2683.0,0.999,0.013000000000000001,4258.0
833780.0,2.0,2.0,-120.0,0.0,-1.0,6.0,2686.0,2683.0,0.999,0.013000000000000001,4258.0
833790.0,2.0,2.0,-120.0,0.0,-1.0,7.0,2684.0,2679.0,0.999,0.013000000000000001,4258.0
833800.0,2.0,2.0,-120.0,0.0,-1.0,7.0,2685.0,2682.0,0.999,0.013000000000000001,4258.0
833810.0,2.0,2.0,-120.0,0.0,-1.0,7.0,2685.0,2680.0,0.999,0.013000000000000001,4258.0
833820.0,2.0,2.0,-120.0,0.0,-1.0,7.0,2685.0,2681.0,0.999,0.013000000000000001,4258.0
833830.0,2.0,2.0,-120.0,-0.9,-1.0,7.0,2684.0,2680.0,0.999,0.013000000000000001,4258.0
833840.0,2.0,2.0,-120.0,-0.4,-1.0,8.0,2684.0,2678.0,0.999,0.013000000000000001,4258.0
833850.0,2.0,2.0,-120.0,-0.2,-1.0,8.0,2684.0,2678.0,0.999,0.013000000000000001,4256.0
833860.0,2.0,2.0,-120.0,-0.1,-1.0,8.0,2683.0,2677.0,0.999,0.013000000000000001,4256.0
833870.0,2.0,2.0,-120.0,-0.1,-1.0,8.0,2684.0,2677.0,0.999,0.013000000000000001,4256.0
833880.0,2.0,2.0,-120.0,0.0,-1.0,7.0,2683.0,2678.0,0.999,0.013000000000000001,4256.0
833890.0,2.0,2.0,-120.0,0.0,-1.0,7.0,2686.0,2681.0,0.999,0.013000000000000001,4256.0
833900.0,2.0,2.0,-120.0,0.0,-1.0,7.0,2684.0,2682.0,0.999,0.013000000000000001,4256.0
833910.0,2.0,2.0,-120.0,0.0,-1.0,6.0,2685.0,2682.0,0.999,0.013000000000000001,4256.0
833920.0,2.0,2.0,-120.0,0.0,-1.0,9.0,2685.0,2682.0,0.999,0.013000000000000001,4256.0
833930.0,2.0,2.0,-120.0,0.9,-1.0,7.0,2685.0,2682.0,0.999,0.013000000000000001,4256.0
833940.0,2.0,2.0,-120.0,0.4,-1.0,7.0,2687.0,2683.0,0.999,0.013000000000000001,4256.0
833950.0,2.0,2.0,-120.0,0.2,-1.0,6.0,2686.0,2683.0,0.999,0.013000000000000001,4258.0
833960.0,2.0,2.0,-120.0,0.1,-1.0,8.0,2685.0,2687.0,0.999,0.013000000000000001,4258.0
833970.0,2.0,2.0,-120.0,0.1,-1.0,7.0,2687.0,2683.0,0.999,0.013000000000000001,4258.0
833980.0,2.0,2.0,-120.0,0.0,-1.0,7.0,2686.0,2682.0,0.999,0.013000000000000001,4258.0
833990.0,2.0,2.0,-120.0,0.0,-1.0,7.0,2685.0,2680.0,0.999,0.013000000000000001,4258.0
834000.0,2.0,2.0,-120.0,0.0,-1.0,7.0,2685.0,2681.0,0.999,0.013000000000000001,4248.0
834010.0,2.0,2.0,-120.0,0.0,-1.0,7.0,2686.0,2680.0,0.999,0.013000000000000001,4248.0
834020.0,2.0,2.0,-120.0,0.0,-1.0,7.0,2685.0,2681.0,0.999,0.013000000000000001,4248.0
834030.0,2.0,2.0,-120.0,0.0,-1.0,7.0,2686.0,2680.0,0.999,0.013000000000000001,4248.0
834040.0,2.0,2.0,-120.0,0.0,-1.0,7.0,2685.0,2680.0,0.999,0.013000000000000001,4248.0
834050.0,2.0,2.0,-120.0,-0.9,-1.0,7.0,2686.0,2680.0,0.999,0.013000000000000001,4242.0
834060.0,2.0,2.0,-120.0,-0.5,-1.0,7.0,2682.0,2679.0,0.999,0.013000000000000001,4242.0
834070.0,2.0,2.0,-120.0,-0.2,-1.0,7.0,2683.0,2678.0,0.999,0.013000000000000001,4242.0
834080.0,2.0,2.0,-120.0,-0.1,-1.0,7.0,2684.0,2678.0,0.999,0.013000000000000001,4242.0
834090.0,2.0,2.0,-120.0,-0.1,-1.0,7.0,2685.0,2679.0,0.999,0.013000000000000001,4242.0
834100.0,2.0,2.0,-120.0,0.0,-1.0,7.0,2686.0,2682.0,0.999,0.013000000000000001,4257.0
834110.0,2.0,2.0,-120.0,0.0,-1.0,7.0,2685.0,2681.0,0.999,0.013000000000000001,4257.0
834120.0,2.0,2.0,-120.0,0.0,-1.0,7.0,2686.0,2682.0,0.999,0.013000000000000001,4257.0
834130.0,2.0,2.0,-120.0,0.0,-1.0,7.0,2685.0,2682.0,0.999,0.013000000000000001,4257.0
834140.0,2.0,2.0,-120.0,0.0,-1.0,7.0,2685.0,2683.0,0.999,0.013000000000000001,4257.0
834150.0,2.0,2.0,-120.0,0.9,-1.0,7.0,2686.0,2681.0,0.999,0.013000000000000001,4260.0
834160.0,2.0,2.0,-120.0,0.4,-1.0,7.0,2686.0,2681.0,0.999,0.013000000000000001,4260.0
834170.0,2.0,2.0,-120.0,0.2,-1.0,6.0,2687.0,2688.0,0.999,0.013000000000000001,4260.0
834180.0,2.0,2.0,-120.0,0.1,-1.0,7.0,2686.0,2684.0,0.999,0.013000000000000001,4260.0
834190.0,2.0,2.0,-120.0,0.1,-1.0,7.0,2687.0,2685.0,0.999,0.013000000000000001,4260.0
834200.0,2.0,2.0,-120.0,0.0,-1.0,7.0,2687.0,2682.0,0.999,0.013000000000000001,4256.0
834210.0,2.0,2.0,-120.0,0.0,-1.0,6.0,2686.0,2684.0,0.999,0.013000000000000001,4256.0
834220.0,2.0,2.0,-120.0,0.0,-1.0,8.0,2684.0,2685.0,0.999,0.013000000000000001,4256.0
834230.0,2.0,2.0,-120.0,0.0,-1.0,7.0,2685.0,2681.0,0.999,0.013000000000000001,4256.0
834240.0,2.0,2.0,-120.0,0.0,-1.0,8.0,2684.0,2681.0,0.999,0.013000000000000001,4256.0
834250.0,2.0,2.0,-120.0,0.0,-1.0,8.0,2685.0,2681.0,0.999,0.013000000000000001,4260.0
834260.0,2.0,2.0,-120.0,0.0,-1.0,8.0,2685.0,2680.0,0.999,0.013000000000000001,4260.0
834270.0,2.0,2.0,-120.0,-0.9,-1.0,8.0,2677.0,2678.0,0.999,0.013000000000000001,4260.0
834280.0,2.0,2.0,-120.0,-0.5,-1.0,11.0,2684.0,2678.0,0.999,0.013000000000000001,4260.0
834290.0,2.0,2.0,-120.0,-0.2,-1.0,24.0,2684.0,2678.0,0.999,0.013000000000000001,4260.0
834300.0,2.0,2.0,-120.0,-0.1,-1.0,34.0,2683.0,2679.0,0.999,0.013000000000000001,4248.0
834310.0,2.0,2.0,-120.0,-0.1,-1.0,48.0,2683.0,2678.0,0.999,0.013000000000000001,4248.0
834320.0,2.0,2.0,-120.0,0.0,-1.0,58.0,2684.0,2682.0,0.999,0.013000000000000001,4248.0
834330.0,2.0,2.0,-120.0,0.0,-1.0,71.0,2685.0,2680.0,0.999,0.013000000000000001,4248.0
834340.0,2.0,2.0,-120.0,0.0,-1.0,82.0,2685.0,2681.0,0.999,0.013000000000000001,4248.0
834350.0,2.0,2.0,-120.0,0.0,-1.0,93.0,2685.0,2681.0,0.999,0.013000000000000001,4245.0
834360.0,2.0,2.0,-120.0,0.0,-1.0,105.0,2684.0,2681.0,0.999,0.013000000000000001,4245.0
834370.0,2.0,2.0,-120.0,0.9,-1.0,117.0,2685.0,2681.0,0.999,0.013000000000000001,4245.0
834380.0,2.0,2.0,-120.0,0.4,-1.0,127.0,2687.0,2683.0,0.999,0.013000000000000001,4245.0
834390.0,2.0,2.0,-120.0,0.2,-1.0,136.0,2687.0,2683.0,0.999,0.013000000000000001,4245.0
834400.0,2.0,2.0,-120.0,0.1,-1.0,145.0,2687.0,2683.0,0.998,0.013000000000000001,4251.0
834410.0,2.0,2.0,-120.0,0.1,-1.0,153.0,2687.0,2684.0,0.998,0.013000000000000001,4251.0
834420.0,2.0,2.0,-120.0,0.0,-1.0,161.0,2685.0,2681.0,0.998,0.013000000000000001,4251.0
834430.0,2.0,2.0,-120.0,0.0,-1.0,162.0,2685.0,2681.0,0.998,0.013000000000000001,4251.0
834440.0,2.0,2.0,-120.0,0.0,-1.0,168.0,2685.0,2677.0,0.998,0.013000000000000001,4251.0
834450.0,2.0,2.0,-120.0,-0.9,-1.0,172.0,2686.0,2685.0,0.998,0.013000000000000001,4788.0
834460.0,2.0,2.0,-120.0,-0.4,-1.0,173.0,2691.0,2681.0,0.998,0.013000000000000001,4788.0
834470.0,2.0,2.0,-120.0,-0.2,-1.0,174.0,2684.0,2678.0,0.998,0.013000000000000001,4788.0
834480.0,2.0,2.0,-120.0,-0.1,-1.0,174.0,2682.0,2678.0,0.998,0.013000000000000001,4788.0
834490.0,2.0,2.0,-120.0,-0.1,-1.0,174.0,2684.0,2678.0,0.998,0.013000000000000001,4788.0
834500.0,2.0,2.0,-120.0,0.0,-1.0,174.0,2684.0,2683.0,0.998,0.013000000000000001,4256.0
834510.0,2.0,2.0,-120.0,0.0,-1.0,173.0,2686.0,2681.0,0.998,0.013000000000000001,4256.0
834520.0,2.0,2.0,-120.0,0.0,-1.0,174.0,2688.0,2681.0,0.998,0.013000000000000001,4256.0
834530.0,2.0,2.0,-120.0,0.0,-1.0,173.0,2686.0,2681.0,0.998,0.013000000000000001,4256.0
834540.0,2.0,2.0,-120.0,0.0,-1.0,173.0,2686.0,2681.0,0.998,0.013000000000000001,4256.0
834550.0,2.0,2.0,-120.0,0.9,-1.0,173.0,2685.0,2681.0,0.998,0.013000000000000001,4247.0
834560.0,2.0,2.0,-120.0,0.4,-1.0,173.0,2687.0,2684.0,0.998,0.013000000000000001,4247.0
834570.0,2.0,2.0,-120.0,0.2,-1.0,173.0,2686.0,2680.0,0.998,0.013000000000000001,4247.0
834580.0,2.0,2.0,-120.0,0.1,-1.0,173.0,2687.0,2682.0,0.998,0.013000000000000001,4247.0
834590.0,2.0,2.0,-120.0,0.1,-1.0,172.0,2688.0,2683.0,0.998,0.013000000000000001,4247.0
834600.0,2.0,2.0,-120.0,0.0,-1.0,173.0,2686.0,2684.0,0.998,0.013000000000000001,4233.0
834610.0,2.0,2.0,-120.0,0.0,-1.0,173.0,2684.0,2681.0,0.998,0.013000000000000001,4233.0
834620.0,2.0,2.0,-120.0,0.0,-1.0,173.0,2685.0,2682.0,0.998,0.013000000000000001,4233.0
834630.0,2.0,2.0,-120.0,0.0,-1.0,173.0,2685.0,2681.0,0.998,0.013000000000000001,4233.0
834640.0,2.0,2.0,-120.0,-0.9,-1.0,173.0,2685.0,2681.0,0.998,0.013000000000000001,4233.0
834650.0,2.0,2.0,-120.0,-0.4,-1.0,173.0,2684.0,2677.0,0.998,0.013000000000000001,4248.0
834660.0,2.0,2.0,-120.0,-0.2,-1.0,174.0,2682.0,2680.0,0.998,0.013000000000000001,4248.0
834670.0,2.0,2.0,-120.0,-0.1,-1.0,174.0,2684.0,2678.0,0.998,0.013000000000000001,4248.0
834680.0,2.0,2.0,-120.0,-0.1,-1.0,174.0,2685.0,2678.0,0.998,0.013000000000000001,4248.0
834690.0,2.0,2.0,-120.0,0.0,-1.0,174.0,2683.0,2678.0,0.998,0.013000000000000001,4248.0
834700.0,2.0,2.0,-120.0,0.0,-1.0,173.0,2686.0,2683.0,0.998,0.013000000000000001,4249.0
834710.0,2.0,2.0,-120.0,0.0,-1.0,173.0,2685.0,2681.0,0.998,0.013000000000000001,4249.0
834720.0,2.0,2.0,-120.0,0.0,-1.0,173.0,2686.0,2681.0,0.998,0.013000000000000001,4249.0
834730.0,2.0,2.0,-120.0,0.0,-1.0,173.0,2685.0,2682.0,0.998,0.013000000000000001,4249.0
834740.0,2.0,2.0,-120.0,0.9,-1.0,172.0,2681.0,2684.0,0.998,0.013000000000000001,4249.0
834750.0,2.0,2.0,-120.0,0.4,-1.0,173.0,2687.0,2682.0,0.998,0.013000000000000001,4257.0
834760.0,2.0,2.0,-120.0,0.2,-1.0,172.0,2687.0,2683.0,0.998,0.013000000000000001,4257.0
834770.0,2.0,2.0,-120.0,0.1,-1.0,172.0,2686.0,2684.0,0.998,0.013000000000000001,4257.0
834780.0,2.0,2.0,-120.0,0.1,-1.0,173.0,2687.0,2683.0,0.998,0.013000000000000001,4257.0
834790.0,2.0,2.0,-120.0,0.0,-1.0,173.0,2685.0,2681.0,0.998,0.013000000000000001,4257.0
834800.0,2.0,2.0,-120.0,0.0,-1.0,173.0,2684.0,2680.0,0.998,0.013000000000000001,4250.0
834810.0,2.0,2.0,-120.0,0.0,-1.0,173.0,2682.0,2681.0,0.998,0.013000000000000001,4250.0
834820.0,2.0,2.0,-120.0,0.0,-1.0,173.0,2685.0,2680.0,0.998,0.013000000000000001,4250.0
834830.0,2.0,2.0,-120.0,-0.9,-1.0,173.0,2686.0,2680.0,0.998,0.013000000000000001,4250.0
834840.0,2.0,2.0,-120.0,-0.4,-1.0,173.0,2683.0,2678.0,0.998,0.013000000000000001,4250.0
834850.0,2.0,2.0,-120.0,-0.2,-1.0,174.0,2684.0,2679.0,0.998,0.013000000000000001,4251.0
834860.0,2.0,2.0,-120.0,-0.1,-1.0,174.0,2684.0,2679.0,0.998,0.013000000000000001,4251.0
834870.0,2.0,2.0,-120.0,-0.1,-1.0,173.0,2684.0,2678.0,0.998,0.013000000000000001,4251.0
834880.0,2.0,2.0,-120.0,0.0,-1.0,173.0,2686.0,2682.0,0.998,0.013000000000000001,4251.0
834890.0,2.0,2.0,-120.0,0.0,-1.0,174.0,2686.0,2682.0,0.998,0.013000000000000001,4251.0
834900.0,2.0,2.0,-120.0,0.0,-1.0,173.0,2685.0,2683.0,0.998,0.013000000000000001,4257.0
834910.0,2.0,2.0,-120.0,0.0,-1.0,173.0,2686.0,2683.0,0.998,0.013000000000000001,4257.0
834920.0,2.0,2.0,-120.0,0.0,-1.0,173.0,2685.0,2682.0,0.998,0.013000000000000001,4257.0
834930.0,2.0,2.0,-120.0,0.9,-1.0,173.0,2685.0,2683.0,0.998,0.013000000000000001,4257.0
834940.0,2.0,2.0,-120.0,0.4,-1.0,173.0,2687.0,2684.0,0.998,0.013000000000000001,4257.0
834950.0,2.0,2.0,-120.0,0.2,-1.0,173.0,2686.0,2684.0,0.998,0.013000000000000001,4257.0
834960.0,2.0,2.0,-120.0,0.1,-1.0,173.0,2686.0,2684.0,0.998,0.013000000000000001,4257.0
834970.0,2.0,2.0,-120.0,0.1,-1.0,173.0,2688.0,2683.0,0.998,0.013000000000000001,4257.0
834980.0,2.0,2.0,-120.0,0.0,-1.0,173.0,2684.0,2681.0,0.998,0.013000000000000001,4257.0
834990.0,2.0,2.0,-120.0,0.0,-1.0,173.0,2686.0,2681.0,0.998,0.013000000000000001,4257.0
835000.0,2.0,2.0,-120.0,0.0,-1.0,173.0,2686.0,2680.0,0.998,0.013000000000000001,4257.0
835010.0,2.0,2.0,-120.0,-0.9,-1.0,173.0,2683.0,2681.0,0.998,0.013000000000000001,4257.0
835020.0,2.0,2.0,-120.0,-0.4,-1.0,173.0,2684.0,2678.0,0.998,0.013000000000000001,4257.0
835030.0,2.0,2.0,-120.0,-0.2,-1.0,174.0,2684.0,2678.0,0.998,0.013000000000000001,4257.0
835040.0,2.0,2.0,-120.0,-0.1,-1.0,174.0,2684.0,2678.0,0.998,0.013000000000000001,4257.0
835050.0,2.0,2.0,-120.0,-0.1,-1.0,174.0,2684.0,2679.0,0.998,0.013000000000000001,4248.0
835060.0,2.0,2.0,-120.0,0.0,-1.0,173.0,2683.0,2682.0,0.998,0.013000000000000001,4248.0
835070.0,2.0,2.0,-120.0,0.0,-1.0,173.0,2686.0,2681.0,0.998,0.013000000000000001,4248.0
835080.0,2.0,2.0,-120.0,0.0,-1.0,173.0,2686.0,2681.0,0.998,0.013000000000000001,4248.0
835090.0,2.0,2.0,-120.0,0.0,-1.0,173.0,2685.0,2682.0,0.998,0.013000000000000001,4248.0
835100.0,2.0,2.0,-120.0,0.9,-1.0,173.0,2683.0,2682.0,0.998,0.013000000000000001,4246.0
835110.0,2.0,2.0,-120.0,0.4,-1.0,172.0,2685.0,2684.0,0.998,0.013000000000000001,4246.0
835120.0,2.0,2.0,-120.0,0.2,-1.0,173.0,2687.0,2684.0,0.998,0.013000000000000001,4246.0
835130.0,2.0,2.0,-120.0,0.1,-1.0,173.0,2686.0,2683.0,0.998,0.013000000000000001,4246.0
835140.0,2.0,2.0,-120.0,0.1,-1.0,173.0,2688.0,2681.0,0.998,0.013000000000000001,4246.0
835150.0,2.0,2.0,-120.0,0.0,-1.0,173.0,2685.0,2680.0,0.998,0.013000000000000001,4257.0
835160.0,2.0,2.0,-120.0,0.0,-1.0,174.0,2683.0,2681.0,0.998,0.013000000000000001,4257.0
835170.0,2.0,2.0,-120.0,0.0,-1.0,173.0,2686.0,2682.0,0.998,0.013000000000000001,4257.0
835180.0,2.0,2.0,-120.0,0.0,-1.0,173.0,2686.0,2681.0,0.998,0.013000000000000001,4257.0
835190.0,2.0,2.0,-120.0,-0.9,-1.0,174.0,2685.0,2682.0,0.998,0.013000000000000001,4257.0
835200.0,2.0,2.0,-120.0,-0.4,-1.0,175.0,2683.0,2678.0,0.998,0.013000000000000001,4258.0
835210.0,2.0,2.0,-120.0,-0.2,-1.0,174.0,2684.0,2679.0,0.998,0.013000000000000001,4258.0
835220.0,2.0,2.0,-120.0,-0.1,-1.0,174.0,2685.0,2679.0,0.998,0.013000000000000001,4258.0
835230.0,2.0,2.0,-120.0,-0.1,-1.0,174.0,2684.0,2678.0,0.998,0.013000000000000001,4258.0
835240.0,2.0,2.0,-120.0,0.0,-1.0,173.0,2685.0,2682.0,0.998,0.013000000000000001,4258.0
835250.0,2.0,2.0,-120.0,0.0,-1.0,173.0,2685.0,2682.0,0.998,0.013000000000000001,4249.0
835260.0,2.0,2.0,-120.0,0.0,-1.0,173.0,2685.0,2682.0,0.998,0.013000000000000001,4249.0
835270.0,2.0,2.0,-120.0,0.0,-1.0,173.0,2686.0,2681.0,0.998,0.013000000000000001,4249.0
835280.0,2.0,2.0,-120.0,0.9,-1.0,173.0,2686.0,2682.0,0.998,0.013000000000000001,4249.0
835290.0,2.0,2.0,-120.0,0.4,-1.0,173.0,2686.0,2681.0,0.998,0.013000000000000001,4249.0
835300.0,2.0,2.0,-120.0,0.2,-1.0,173.0,2688.0,2684.0,0.998,0.013000000000000001,4239.0
835310.0,2.0,2.0,-120.0,0.1,-1.0,173.0,2687.0,2682.0,0.998,0.013000000000000001,4239.0
835320.0,2.0,2.0,-120.0,0.1,-1.0,173.0,2688.0,2684.0,0.998,0.013000000000000001,4239.0
835330.0,2.0,2.0,-120.0,0.0,-1.0,173.0,2685.0,2681.0,0.998,0.013000000000000001,4239.0
835340.0,2.0,2.0,-120.0,0.0,-1.0,172.0,2685.0,2680.0,0.998,0.013000000000000001,4239.0
835350.0,2.0,2.0,-120.0,0.0,-1.0,174.0,2685.0,2681.0,0.998,0.013000000000000001,4248.0
835360.0,2.0,2.0,-120.0,-0.9,-1.0,173.0,2684.0,2681.0,0.998,0.013000000000000001,4248.0
835370.0,2.0,2.0,-120.0,-0.4,-1.0,174.0,2683.0,2681.0,0.998,0.013000000000000001,4248.0
835380.0,2.0,2.0,-120.0,-0.2,-1.0,174.0,2683.0,2679.0,0.998,0.013000000000000001,4248.0
835390.0,2.0,2.0,-120.0,-0.1,-1.0,174.0,2684.0,2679.0,0.998,0.013000000000000001,4248.0
835400.0,2.0,2.0,-120.0,-0.1,-1.0,174.0,2683.0,2682.0,0.998,0.013000000000000001,4247.0
835410.0,2.0,2.0,-120.0,0.0,-1.0,173.0,2684.0,2681.0,0.998,0.013000000000000001,4247.0
835420.0,2.0,2.0,-120.0,0.0,-1.0,173.0,2685.0,2681.0,0.998,0.013000000000000001,4247.0
835430.0,2.0,2.0,-120.0,0.0,-1.0,173.0,2685.0,2680.0,0.998,0.013000000000000001,4247.0
835440.0,2.0,2.0,-120.0,0.0,-1.0,173.0,2686.0,2681.0,0.998,0.013000000000000001,4247.0
835450.0,2.0,2.0,-120.0,0.9,-1.0,173.0,2686.0,2681.0,0.998,0.013000000000000001,4258.0
835460.0,2.0,2.0,-120.0,0.4,-1.0,173.0,2687.0,2684.0,0.998,0.013000000000000001,4258.0
835470.0,2.0,2.0,-120.0,0.2,-1.0,173.0,2685.0,2684.0,0.998,0.013000000000000001,4258.0
835480.0,2.0,2.0,-120.0,0.1,-1.0,173.0,2686.0,2684.0,0.998,0.013000000000000001,4258.0
835490.0,2.0,2.0,-120.0,0.1,-1.0,173.0,2686.0,2683.0,0.998,0.013000000000000001,4258.0
835500.0,2.0,2.0,-120.0,0.0,-1.0,173.0,2685.0,2680.0,0.998,0.013000000000000001,4247.0
835510.0,2.0,2.0,-120.0,0.0,-1.0,174.0,2686.0,2679.0,0.998,0.013000000000000001,4247.0
835520.0,2.0,2.0,-120.0,0.0,-1.0,173.0,2685.0,2682.0,0.998,0.013000000000000001,4247.0
835530.0,2.0,2.0,-120.0,0.0,-1.0,173.0,2685.0,2683.0,0.998,0.013000000000000001,4247.0
835540.0,2.0,2.0,-120.0,-0.9,-1.0,173.0,2686.0,2681.0,0.998,0.013000000000000001,4247.0
835550.0,2.0,2.0,-120.0,-0.4,-1.0,174.0,2685.0,2679.0,0.998,0.013000000000000001,4257.0
835560.0,2.0,2.0,-120.0,-0.2,-1.0,174.0,2683.0,2679.0,0.998,0.013000000000000001,4257.0
835570.0,2.0,2.0,-120.0,-0.1,-1.0,174.0,2685.0,2678.0,0.998,0.013000000000000001,4257.0
835580.0,2.0,2.0,-120.0,-0.1,-1.0,174.0,2683.0,2680.0,0.998,0.013000000000000001,4257.0
835590.0,2.0,2.0,-120.0,0.0,-1.0,174.0,2686.0,2682.0,0.998,0.013000000000000001,4257.0
835600.0,2.0,2.0,-120.0,0.0,-1.0,173.0,2686.0,2681.0,0.998,0.013000000000000001,4256.0
835610.0,2.0,2.0,-120.0,0.0,-1.0,173.0,2687.0,2681.0,0.998,0.013000000000000001,4256.0
835620.0,2.0,2.0,-120.0,0.0,-1.0,172.0,2686.0,2680.0,0.998,0.013000000000000001,4256.0
835630.0,2.0,2.0,-120.0,0.0,-1.0,173.0,2686.0,2682.0,0.998,0.013000000000000001,4256.0
835640.0,2.0,2.0,-120.0,0.9,-1.0,173.0,2685.0,2680.0,0.998,0.013000000000000001,4256.0
835650.0,2.0,2.0,-120.0,0.4,-1.0,172.0,2687.0,2684.0,0.998,0.013000000000000001,4247.0
835660.0,2.0,2.0,-120.0,0.2,-1.0,173.0,2687.0,2683.0,0.998,0.013000000000000001,4247.0
835670.0,2.0,2.0,-120.0,0.1,-1.0,172.0,2686.0,2684.0,0.998,0.013000000000000001,4247.0
835680.0,2.0,2.0,-120.0,0.1,-1.0,173.0,2687.0,2684.0,0.998,0.013000000000000001,4247.0
835690.0,2.0,2.0,-120.0,0.0,-1.0,173.0,2686.0,2680.0,0.998,0.013000000000000001,4247.0
835700.0,2.0,2.0,-120.0,0.0,-1.0,173.0,2685.0,2680.0,0.998,0.013000000000000001,4257.0
835710.0,2.0,2.0,-120.0,0.0,-1.0,173.0,2685.0,2681.0,0.998,0.013000000000000001,4257.0
835720.0,2.0,2.0,-120.0,0.0,-1.0,173.0,2685.0,2681.0,0.998,0.013000000000000001,4257.0
835730.0,2.0,2.0,-120.0,-0.9,-1.0,173.0,2685.0,2681.0,0.998,0.013000000000000001,4257.0
835740.0,2.0,2.0,-120.0,-0.4,-1.0,173.0,2684.0,2678.0,0.998,0.013000000000000001,4257.0
835750.0,2.0,2.0,-120.0,-0.2,-1.0,174.0,2684.0,2679.0,0.998,0.013000000000000001,4257.0
835760.0,2.0,2.0,-120.0,-0.1,-1.0,174.0,2684.0,2679.0,0.998,0.013000000000000001,4257.0
835770.0,2.0,2.0,-120.0,-0.1,-1.0,174.0,2684.0,2678.0,0.998,0.013000000000000001,4257.0
835780.0,2.0,2.0,-120.0,0.0,-1.0,174.0,2686.0,2681.0,0.998,0.013000000000000001,4257.0
835790.0,2.0,2.0,-120.0,0.0,-1.0,173.0,2685.0,2682.0,0.998,0.013000000000000001,4257.0
835800.0,2.0,2.0,-120.0,0.0,-1.0,174.0,2686.0,2680.0,0.998,0.013000000000000001,4252.0
835810.0,2.0,2.0,-120.0,0.0,-1.0,173.0,2687.0,2680.0,0.998,0.013000000000000001,4252.0
835820.0,2.0,2.0,-120.0,0.9,-1.0,174.0,2685.0,2683.0,0.998,0.013000000000000001,4252.0
835830.0,2.0,2.0,-120.0,0.4,-1.0,173.0,2686.0,2684.0,0.998,0.013000000000000001,4252.0
835840.0,2.0,2.0,-120.0,0.2,-1.0,173.0,2686.0,2684.0,0.998,0.013000000000000001,4252.0
835850.0,2.0,2.0,-120.0,0.1,-1.0,173.0,2686.0,2683.0,0.998,0.013000000000000001,4258.0
835860.0,2.0,2.0,-120.0,0.1,-1.0,173.0,2688.0,2683.0,0.998,0.013000000000000001,4258.0
835870.0,2.0,2.0,-120.0,0.0,-1.0,173.0,2685.0,2681.0,0.998,0.013000000000000001,4258.0
835880.0,2.0,2.0,-120.0,0.0,-1.0,173.0,2686.0,2682.0,0.998,0.013000000000000001,4258.0
835890.0,2.0,2.0,-120.0,0.0,-1.0,174.0,2686.0,2681.0,0.998,0.013000000000000001,4258.0
835900.0,2.0,2.0,-120.0,-0.9,-1.0,173.0,2684.0,2681.0,0.998,0.013000000000000001,4787.0
835910.0,2.0,2.0,-120.0,-0.4,-1.0,173.0,2686.0,2681.0,0.998,0.013000000000000001,4787.0
835920.0,2.0,2.0,-120.0,-0.2,-1.0,174.0,2684.0,2679.0,0.998,0.013000000000000001,4787.0
835930.0,2.0,2.0,-120.0,-0.1,-1.0,174.0,2686.0,2678.0,0.998,0.013000000000000001,4787.0
835940.0,2.0,2.0,-120.0,-0.1,-1.0,174.0,2683.0,2678.0,0.998,0.013000000000000001,4787.0
835950.0,2.0,2.0,-120.0,0.0,-1.0,174.0,2684.0,2679.0,0.998,0.013000000000000001,4247.0
835960.0,2.0,2.0,-120.0,0.0,-1.0,173.0,2686.0,2681.0,0.998,0.013000000000000001,4247.0
835970.0,2.0,2.0,-120.0,0.0,-1.0,173.0,2684.0,2680.0,0.998,0.013000000000000001,4247.0
835980.0,2.0,2.0,-120.0,0.0,-1.0,173.0,2686.0,2681.0,0.998,0.013000000000000001,4247.0
835990.0,2.0,2.0,-120.0,0.0,-1.0,173.0,2686.0,2681.0,0.998,0.013000000000000001,4247.0
836000.0,2.0,2.0,-120.0,0.9,-1.0,173.0,2684.0,2683.0,0.998,0.013000000000000001,4257.0
836010.0,2.0,2.0,-120.0,0.4,-1.0,173.0,2686.0,2684.0,0.998,0.013000000000000001,4257.0
836020.0,2.0,2.0,-120.0,0.2,-1.0,173.0,2687.0,2683.0,0.998,0.013000000000000001,4257.0
836030.0,2.0,2.0,-120.0,0.1,-1.0,173.0,2687.0,2683.0,0.998,0.013000000000000001,4257.0
836040.0,2.0,2.0,-120.0,0.1,-1.0,173.0,2687.0,2684.0,0.998,0.013000000000000001,4257.0
836050.0,2.0,2.0,-120.0,0.0,-1.0,173.0,2684.0,2681.0,0.998,0.013000000000000001,4257.0
836060.0,2.0,2.0,-120.0,0.0,-1.0,173.0,2686.0,2680.0,0.998,0.013000000000000001,4257.0
836070.0,2.0,2.0,-120.0,0.0,-1.0,173.0,2685.0,2680.0,0.998,0.013000000000000001,4257.0
836080.0,2.0,2.0,-120.0,0.0,-1.0,173.0,2686.0,2681.0,0.998,0.013000000000000001,4257.0
836090.0,2.0,2.0,-120.0,-0.9,-1.0,173.0,2686.0,2677.0,0.998,0.013000000000000001,4257.0
836100.0,2.0,2.0,-120.0,-0.4,-1.0,174.0,2683.0,2679.0,0.998,0.013000000000000001,4239.0
836110.0,2.0,2.0,-120.0,-0.2,-1.0,174.0,2683.0,2678.0,0.998,0.013000000000000001,4239.0
836120.0,2.0,2.0,-120.0,-0.1,-1.0,173.0,2684.0,2678.0,0.998,0.013000000000000001,4239.0
836130.0,2.0,2.0,-120.0,-0.1,-1.0,174.0,2684.0,2678.0,0.998,0.013000000000000001,4239.0
836140.0,2.0,2.0,-120.0,0.0,-1.0,173.0,2685.0,2680.0,0.998,0.013000000000000001,4239.0
836150.0,2.0,2.0,-120.0,0.0,-1.0,173.0,2685.0,2681.0,0.998,0.013000000000000001,4247.0
836160.0,2.0,2.0,-120.0,0.0,-1.0,173.0,2685.0,2682.0,0.998,0.013000000000000001,4247.0
836170.0,2.0,2.0,-120.0,0.0,-1.0,174.0,2686.0,2680.0,0.998,0.013000000000000001,4247.0
836180.0,2.0,2.0,-120.0,0.9,-1.0,173.0,2685.0,2681.0,0.998,0.013000000000000001,4247.0
836190.0,2.0,2.0,-120.0,0.4,-1.0,173.0,2687.0,2683.0,0.998,0.013000000000000001,4247.0
836200.0,2.0,2.0,-120.0,0.2,-1.0,173.0,2686.0,2684.0,0.998,0.013000000000000001,4239.0
836210.0,2.0,2.0,-120.0,0.1,-1.0,173.0,2691.0,2684.0,0.998,0.013000000000000001,4239.0
836220.0,2.0,2.0,-120.0,0.1,-1.0,173.0,2691.0,2683.0,0.998,0.013000000000000001,4239.0
836230.0,2.0,2.0,-120.0,0.0,-1.0,173.0,2685.0,2680.0,0.998,0.013000000000000001,4239.0
836240.0,2.0,2.0,-120.0,0.0,-1.0,174.0,2685.0,2679.0,0.998,0.013000000000000001,4239.0
836250.0,2.0,2.0,-120.0,0.0,-1.0,173.0,2685.0,2681.0,0.998,0.013000000000000001,4257.0
836260.0,2.0,2.0,-120.0,0.0,-1.0,173.0,2685.0,2680.0,0.998,0.013000000000000001,4257.0
836270.0,2.0,2.0,-120.0,-0.9,-1.0,173.0,2684.0,2681.0,0.998,0.013000000000000001,4257.0
836280.0,2.0,2.0,-120.0,-0.4,-1.0,174.0,2684.0,2677.0,0.998,0.013000000000000001,4257.0
836290.0,2.0,2.0,-120.0,-0.2,-1.0,174.0,2683.0,2678.0,0.998,0.013000000000000001,4257.0
836300.0,2.0,2.0,-120.0,-0.1,-1.0,174.0,2682.0,2679.0,0.998,0.013000000000000001,4257.0
836310.0,2.0,2.0,-120.0,-0.1,-1.0,174.0,2682.0,2678.0,0.998,0.013000000000000001,4257.0
836320.0,2.0,2.0,-120.0,0.0,-1.0,174.0,2683.0,2675.0,0.998,0.013000000000000001,4257.0
836330.0,2.0,2.0,-120.0,0.0,-1.0,173.0,2683.0,2680.0,0.998,0.013000000000000001,4257.0
836340.0,2.0,2.0,-120.0,0.0,-1.0,173.0,2684.0,2680.0,0.998,0.013000000000000001,4257.0
836350.0,2.0,2.0,-120.0,0.9,-1.0,174.0,2684.0,2680.0,0.998,0.013000000000000001,4792.0
836360.0,2.0,2.0,-120.0,0.4,-1.0,173.0,2683.0,2681.0,0.998,0.013000000000000001,4792.0
836370.0,2.0,2.0,-120.0,0.2,-1.0,173.0,2684.0,2684.0,0.998,0.013000000000000001,4792.0
836380.0,2.0,2.0,-120.0,0.1,-1.0,172.0,2680.0,2683.0,0.998,0.013000000000000001,4792.0
836390.0,2.0,2.0,-120.0,0.1,-1.0,173.0,2666.0,2685.0,0.998,0.013000000000000001,4792.0
836400.0,2.0,2.0,-120.0,0.0,-1.0,173.0,2647.0,2683.0,0.998,0.013000000000000001,4257.0
836410.0,2.0,2.0,-120.0,0.0,-1.0,173.0,2629.0,2681.0,0.998,0.013000000000000001,4257.0
836420.0,2.0,2.0,-120.0,0.0,-1.0,174.0,2617.0,2680.0,0.998,0.013000000000000001,4257.0
836430.0,2.0,2.0,-120.0,0.0,-1.0,173.0,2603.0,2680.0,0.998,0.013000000000000001,4257.0
836440.0,2.0,2.0,-120.0,0.0,-1.0,173.0,2589.0,2681.0,0.998,0.013000000000000001,4257.0
836450.0,2.0,2.0,-120.0,-0.9,-1.0,174.0,2572.0,2681.0,0.999,0.013000000000000001,4256.0
836460.0,2.0,2.0,-120.0,-0.4,-1.0,174.0,2554.0,2677.0,0.999,0.013000000000000001,4256.0
836470.0,2.0,2.0,-120.0,-0.2,-1.0,174.0,2540.0,2677.0,0.999,0.013000000000000001,4256.0
836480.0,2.0,2.0,-120.0,-0.1,-1.0,173.0,2523.0,2677.0,0.999,0.013000000000000001,4256.0
836490.0,2.0,2.0,-120.0,-0.1,-1.0,174.0,2503.0,2677.0,0.999,0.013000000000000001,4256.0
836500.0,2.0,2.0,-120.0,0.0,-1.0,173.0,2484.0,2681.0,0.999,0.013000000000000001,4249.0
836510.0,2.0,2.0,-120.0,0.0,-1.0,174.0,2465.0,2680.0,0.999,0.013000000000000001,4249.0
836520.0,2.0,2.0,-120.0,0.0,-1.0,173.0,2440.0,2680.0,0.999,0.013000000000000001,4249.0
836530.0,2.0,2.0,-120.0,0.0,-1.0,173.0,2417.0,2680.0,0.999,0.013000000000000001,4249.0
836540.0,2.0,2.0,-120.0,0.9,-1.0,173.0,2389.0,2680.0,0.999,0.013000000000000001,4249.0
836550.0,2.0,2.0,-120.0,0.4,-1.0,173.0,2368.0,2684.0,0.999,0.013000000000000001,4257.0
836560.0,2.0,2.0,-120.0,0.2,-1.0,173.0,2339.0,2683.0,0.999,0.013000000000000001,4257.0
836570.0,2.0,2.0,-120.0,0.1,-1.0,173.0,2315.0,2683.0,0.999,0.013000000000000001,4257.0
836580.0,2.0,2.0,-120.0,0.1,-1.0,173.0,2288.0,2683.0,0.999,0.013000000000000001,4257.0
836590.0,2.0,2.0,-120.0,0.0,-1.0,173.0,2265.0,2681.0,0.999,0.013000000000000001,4257.0
836600.0,2.0,2.0,-120.0,0.0,-1.0,173.0,2231.0,2680.0,0.998,0.013000000000000001,4251.0
836610.0,2.0,2.0,-120.0,0.0,-1.0,174.0,2204.0,2681.0,0.998,0.013000000000000001,4251.0
836620.0,2.0,2.0,-120.0,0.0,-1.0,173.0,2171.0,2676.0,0.998,0.013000000000000001,4251.0
836630.0,2.0,2.0,-120.0,-0.9,-1.0,173.0,2143.0,2681.0,0.998,0.013000000000000001,4251.0
836640.0,2.0,2.0,-120.0,-0.4,-1.0,174.0,2106.0,2677.0,0.998,0.013000000000000001,4251.0
836650.0,2.0,2.0,-120.0,-0.2,-1.0,173.0,2076.0,2681.0,0.998,0.013000000000000001,4257.0
836660.0,2.0,2.0,-120.0,-0.1,-1.0,174.0,2043.0,2678.0,0.998,0.013000000000000001,4257.0
836670.0,2.0,2.0,-120.0,-0.1,-1.0,174.0,2008.0,2682.0,0.998,0.013000000000000001,4257.0
836680.0,2.0,2.0,-120.0,0.0,-1.0,173.0,1976.0,2681.0,0.998,0.013000000000000001,4257.0
836690.0,2.0,2.0,-120.0,0.0,-1.0,173.0,1939.0,2680.0,0.998,0.013000000000000001,4257.0
836700.0,2.0,2.0,-120.0,0.0,-1.0,173.0,1901.0,2679.0,0.998,0.013000000000000001,4210.0
836710.0,2.0,2.0,-120.0,0.0,-1.0,173.0,1864.0,2681.0,0.998,0.013000000000000001,4210.0
836720.0,2.0,2.0,-120.0,0.9,-1.0,173.0,1832.0,2680.0,0.998,0.013000000000000001,4210.0
836730.0,2.0,2.0,-120.0,0.4,-1.0,173.0,1795.0,2683.0,0.998,0.013000000000000001,4210.0
836740.0,2.0,2.0,-120.0,0.2,-1.0,172.0,1765.0,2683.0,0.998,0.013000000000000001,4210.0
836750.0,2.0,2.0,-120.0,0.1,-1.0,173.0,1731.0,2683.0,0.996,0.013000000000000001,4230.0
836760.0,2.0,2.0,-120.0,0.1,-1.0,173.0,1697.0,2683.0,0.996,0.013000000000000001,4230.0
836770.0,2.0,2.0,-120.0,0.0,-1.0,173.0,1663.0,2679.0,0.996,0.013000000000000001,4230.0
836780.0,2.0,2.0,-120.0,0.0,-1.0,173.0,1626.0,2681.0,0.996,0.013000000000000001,4230.0
836790.0,2.0,2.0,-120.0,0.0,-1.0,173.0,1582.0,2680.0,0.996,0.013000000000000001,4230.0
836800.0,2.0,2.0,-120.0,-0.9,-1.0,173.0,1550.0,2680.0,0.993,0.013000000000000001,4247.0
836810.0,2.0,2.0,-120.0,-0.4,-1.0,174.0,1510.0,2678.0,0.993,0.013000000000000001,4247.0
836820.0,2.0,2.0,-120.0,-0.2,-1.0,174.0,1470.0,2678.0,0.993,0.013000000000000001,4247.0
836830.0,2.0,2.0,-120.0,-0.1,-1.0,174.0,1434.0,2677.0,0.993,0.013000000000000001,4247.0
836840.0,2.0,2.0,-120.0,-0.1,-1.0,174.0,1395.0,2677.0,0.993,0.013000000000000001,4247.0
836850.0,2.0,2.0,-120.0,0.0,-1.0,173.0,1364.0,2679.0,0.98,0.013000000000000001,4194.0
836860.0,2.0,2.0,-120.0,0.0,-1.0,173.0,1332.0,2680.0,0.98,0.013000000000000001,4194.0
836870.0,2.0,2.0,-120.0,0.0,-1.0,173.0,1305.0,2680.0,0.98,0.013000000000000001,4194.0
836880.0,2.0,2.0,-120.0,0.0,-1.0,173.0,1281.0,2680.0,0.98,0.013000000000000001,4194.0
836890.0,2.0,2.0,-120.0,0.9,-1.0,173.0,1262.0,2683.0,0.98,0.013000000000000001,4194.0
836900.0,2.0,2.0,-120.0,0.4,-1.0,173.0,1249.0,2682.0,0.9410000000000001,0.013000000000000001,4226.0
836910.0,2.0,2.0,-120.0,0.2,-1.0,173.0,1240.0,2685.0,0.9410000000000001,0.013000000000000001,4226.0
836920.0,2.0,2.0,-120.0,0.1,-1.0,173.0,1240.0,2683.0,0.9410000000000001,0.013000000000000001,4226.0
836930.0,2.0,2.0,-120.0,0.1,-1.0,173.0,1241.0,2680.0,0.9410000000000001,0.013000000000000001,4226.0
836940.0,2.0,2.0,-120.0,0.0,-1.0,173.0,1240.0,2679.0,0.9410000000000001,0.013000000000000001,4226.0
836950.0,2.0,2.0,-120.0,0.0,-1.0,173.0,1241.0,2681.0,0.9550000000000001,0.013000000000000001,4235.0
836960.0,2.0,2.0,-120.0,0.0,-1.0,173.0,1241.0,2680.0,0.9550000000000001,0.013000000000000001,4235.0
836970.0,2.0,2.0,-120.0,0.0,-1.0,174.0,1241.0,2681.0,0.9550000000000001,0.013000000000000001,4235.0
836980.0,2.0,2.0,-120.0,-0.9,-1.0,174.0,1242.0,2677.0,0.9550000000000001,0.013000000000000001,4235.0
836990.0,2.0,2.0,-120.0,-0.4,-1.0,174.0,1241.0,2678.0,0.9550000000000001,0.013000000000000001,4235.0
837000.0,2.0,2.0,-120.0,-0.2,-1.0,174.0,1242.0,2677.0,0.972,0.013000000000000001,4232.0
837010.0,2.0,2.0,-120.0,-0.1,-1.0,174.0,1242.0,2677.0,0.972,0.013000000000000001,4232.0
837020.0,2.0,2.0,-120.0,-0.1,-1.0,174.0,1241.0,2679.0,0.972,0.013000000000000001,4232.0
837030.0,2.0,2.0,-120.0,0.0,-1.0,173.0,1241.0,2680.0,0.972,0.013000000000000001,4232.0
837040.0,2.0,2.0,-120.0,0.0,-1.0,173.0,1241.0,2682.0,0.972,0.013000000000000001,4232.0
837050.0,2.0,2.0,-120.0,0.9,-1.0,174.0,1241.0,2681.0,0.963,0.013000000000000001,4762.0
837060.0,2.0,2.0,-120.0,-0.5,-1.0,173.0,1241.0,2680.0,0.963,0.013000000000000001,4762.0
837070.0,2.0,2.0,-120.0,0.7000000000000001,-1.0,173.0,1241.0,2680.0,0.963,0.013000000000000001,4762.0
837080.0,2.0,2.0,-120.0,0.30000000000000004,-1.0,173.0,1241.0,2683.0,0.963,0.013000000000000001,4762.0
837090.0,2.0,2.0,-120.0,0.2,-1.0,172.0,1241.0,2682.0,0.963,0.013000000000000001,4762.0
837100.0,2.0,2.0,-120.0,0.1,-1.0,172.0,1240.0,2682.0,0.9530000000000001,0.013000000000000001,4204.0
837110.0,2.0,2.0,-120.0,0.0,-1.0,173.0,1240.0,2682.0,0.9530000000000001,0.013000000000000001,4204.0
837120.0,2.0,2.0,-120.0,0.0,-1.0,174.0,1241.0,2680.0,0.9530000000000001,0.013000000000000001,4204.0
837130.0,2.0,2.0,-120.0,0.0,-1.0,173.0,1240.0,2681.0,0.9530000000000001,0.013000000000000001,4204.0
837140.0,2.0,2.0,-120.0,0.0,-1.0,174.0,1241.0,2681.0,0.9530000000000001,0.013000000000000001,4204.0
837150.0,2.0,2.0,-120.0,-0.9,-1.0,173.0,1241.0,2681.0,0.9530000000000001,0.013000000000000001,4210.0
837160.0,2.0,2.0,-120.0,-0.4,-1.0,173.0,1241.0,2680.0,0.9530000000000001,0.013000000000000001,4210.0
837170.0,2.0,2.0,-120.0,-0.2,-1.0,173.0,1242.0,2677.0,0.9530000000000001,0.013000000000000001,4210.0
837180.0,2.0,2.0,-120.0,-0.1,-1.0,174.0,1241.0,2677.0,0.9530000000000001,0.013000000000000001,4210.0
837190.0,2.0,2.0,-120.0,-0.1,-1.0,174.0,1241.0,2677.0,0.9530000000000001,0.013000000000000001,4210.0
837200.0,2.0,2.0,-120.0,0.0,-1.0,174.0,1238.0,2678.0,0.9530000000000001,0.013000000000000001,4213.0
837210.0,2.0,2.0,-120.0,0.0,-1.0,173.0,1232.0,2681.0,0.9530000000000001,0.013000000000000001,4213.0
837220.0,2.0,2.0,-120.0,0.0,-1.0,173.0,1221.0,2680.0,0.9530000000000001,0.013000000000000001,4213.0
837230.0,2.0,2.0,-120.0,0.0,-1.0,173.0,1210.0,2680.0,0.9530000000000001,0.013000000000000001,4213.0
837240.0,2.0,2.0,-120.0,0.0,-1.0,173.0,1190.0,2680.0,0.9530000000000001,0.013000000000000001,4213.0
837250.0,2.0,2.0,-120.0,0.9,-1.0,174.0,1171.0,2680.0,0.9520000000000001,0.013000000000000001,4214.0
837260.0,2.0,2.0,-120.0,0.4,-1.0,173.0,1146.0,2682.0,0.9520000000000001,0.013000000000000001,4214.0
837270.0,2.0,2.0,-120.0,0.2,-1.0,173.0,1121.0,2684.0,0.9520000000000001,0.013000000000000001,4214.0
837280.0,2.0,2.0,-120.0,0.1,-1.0,173.0,1091.0,2683.0,0.9520000000000001,0.013000000000000001,4214.0
837290.0,2.0,2.0,-120.0,0.1,-1.0,171.0,1058.0,2684.0,0.9520000000000001,0.013000000000000001,4214.0
837300.0,2.0,2.0,-120.0,0.0,-1.0,173.0,1022.0,2682.0,0.936,0.013000000000000001,4235.0
837310.0,2.0,2.0,-120.0,0.0,-1.0,173.0,981.0,2679.0,0.936,0.013000000000000001,4235.0
837320.0,2.0,2.0,-120.0,0.0,-1.0,173.0,944.0,2680.0,0.936,0.013000000000000001,4235.0
837330.0,2.0,2.0,-120.0,0.0,-1.0,173.0,904.0,2680.0,0.936,0.013000000000000001,4235.0
837340.0,2.0,2.0,-120.0,-0.9,-1.0,173.0,865.0,2680.0,0.936,0.013000000000000001,4235.0
837350.0,2.0,2.0,-120.0,-0.4,-1.0,174.0,821.0,2678.0,0.8150000000000001,0.013000000000000001,4245.0
837360.0,2.0,2.0,-120.0,-0.2,-1.0,174.0,783.0,2678.0,0.8150000000000001,0.013000000000000001,4245.0
837370.0,2.0,2.0,-120.0,-0.1,-1.0,174.0,741.0,2677.0,0.8150000000000001,0.013000000000000001,4245.0
837380.0,2.0,2.0,-120.0,-0.1,-1.0,174.0,693.0,2678.0,0.8150000000000001,0.013000000000000001,4245.0
837390.0,2.0,2.0,-120.0,0.0,-1.0,173.0,652.0,2681.0,0.8150000000000001,0.013000000000000001,4245.0
837400.0,0.0,2.0,-120.0,0.0,-1.0,173.0,610.0,2680.0,0.782,0.013000000000000001,4208.0
837410.0,0.0,2.0,-120.0,0.0,-1.0,174.0,565.0,2679.0,0.782,0.013000000000000001,4208.0
837420.0,0.0,2.0,-120.0,0.0,-1.0,173.0,520.0,2680.0,0.782,0.013000000000000001,4208.0
837430.0,0.0,2.0,-120.0,0.9,-1.0,171.0,480.0,2680.0,0.782,0.013000000000000001,4208.0
837440.0,0.0,2.0,-120.0,0.4,-1.0,172.0,436.0,2683.0,0.782,0.013000000000000001,4208.0
837450.0,0.0,2.0,-120.0,0.2,-1.0,173.0,396.0,2684.0,0.985,0.013000000000000001,4211.0
837460.0,0.0,2.0,-120.0,0.1,-1.0,173.0,358.0,2682.0,0.985,0.013000000000000001,4211.0
837470.0,0.0,2.0,-120.0,0.1,-1.0,173.0,309.0,2683.0,0.985,0.013000000000000001,4211.0
837480.0,0.0,2.0,-120.0,0.0,-1.0,173.0,269.0,2680.0,0.985,0.013000000000000001,4211.0
837490.0,0.0,2.0,-120.0,0.0,-1.0,173.0,228.0,2680.0,0.985,0.013000000000000001,4211.0
837500.0,0.0,0.0,0.0,0.0,0.0,173.0,183.0,2681.0,0.996,0.013000000000000001,4248.0
837510.0,0.0,0.0,0.0,-0.9,0.0,174.0,146.0,2678.0,0.996,0.013000000000000001,4248.0
837520.0,0.0,0.0,0.0,-0.4,0.0,173.0,104.0,2678.0,0.996,0.013000000000000001,4248.0
837530.0,0.0,0.0,0.0,0.7000000000000001,0.0,173.0,61.0,2680.0,0.996,0.013000000000000001,4248.0
837540.0,0.0,0.0,0.0,-0.6000000000000001,0.0,174.0,33.0,2679.0,0.996,0.013000000000000001,4248.0
837550.0,0.0,0.0,0.0,-0.30000000000000004,0.0,174.0,33.0,2679.0,0.998,0.013000000000000001,4259.0
837560.0,0.0,0.0,0.0,-0.1,0.0,174.0,33.0,2679.0,0.998,0.013000000000000001,4259.0
837570.0,0.0,0.0,0.0,-0.1,0.0,174.0,32.0,2678.0,0.998,0.013000000000000001,4259.0
837580.0,0.0,0.0,0.0,0.0,0.0,174.0,33.0,2679.0,0.998,0.013000000000000001,4259.0
837590.0,0.0,0.0,0.0,0.0,0.0,174.0,31.0,2681.0,0.998,0.013000000000000001,4259.0
837600.0,0.0,0.0,0.0,0.0,0.0,174.0,31.0,2680.0,0.995,0.013000000000000001,4203.0
837610.0,0.0,0.0,0.0,0.0,0.0,174.0,32.0,2679.0,0.995,0.013000000000000001,4203.0
837620.0,0.0,0.0,0.0,0.0,0.0,174.0,31.0,2679.0,0.995,0.013000000000000001,4203.0
837630.0,0.0,0.0,0.0,0.0,0.0,175.0,31.0,2679.0,0.995,0.013000000000000001,4203.0
837640.0,0.0,0.0,0.0,0.0,0.0,174.0,31.0,2679.0,0.995,0.013000000000000001,4203.0
837650.0,0.0,0.0,0.0,0.0,0.0,174.0,31.0,2680.0,0.975,0.013000000000000001,4261.0
837660.0,0.0,0.0,0.0,0.0,0.0,174.0,32.0,2681.0,0.975,0.013000000000000001,4261.0
837670.0,0.0,0.0,0.0,0.0,0.0,174.0,32.0,2680.0,0.975,0.013000000000000001,4261.0
837680.0,0.0,0.0,0.0,0.0,0.0,174.0,33.0,2679.0,0.975,0.013000000000000001,4261.0
837690.0,0.0,0.0,0.0,0.0,0.0,174.0,32.0,2680.0,0.975,0.013000000000000001,4261.0
837700.0,0.0,0.0,0.0,0.0,0.0,174.0,32.0,2680.0,0.966,0.013000000000000001,4260.0
837710.0,0.0,0.0,0.0,0.0,0.0,174.0,31.0,2679.0,0.966,0.013000000000000001,4260.0
837720.0,0.0,0.0,0.0,0.0,0.0,174.0,31.0,2681.0,0.966,0.013000000000000001,4260.0
837730.0,0.0,0.0,0.0,0.0,0.0,174.0,32.0,2682.0,0.966,0.013000000000000001,4260.0
837740.0,0.0,0.0,0.0,0.0,0.0,174.0,32.0,2681.0,0.966,0.013000000000000001,4260.0
837750.0,0.0,0.0,0.0,0.0,0.0,174.0,32.0,2678.0,0.966,0.013000000000000001,4261.0
837760.0,0.0,0.0,0.0,0.0,0.0,174.0,32.0,2680.0,0.966,0.013000000000000001,4261.0
837770.0,0.0,0.0,0.0,0.0,0.0,174.0,32.0,2679.0,0.966,0.013000000000000001,4261.0
837780.0,0.0,0.0,0.0,0.0,0.0,174.0,31.0,2680.0,0.966,0.013000000000000001,4261.0
837790.0,0.0,0.0,0.0,0.0,0.0,174.0,31.0,2680.0,0.966,0.013000000000000001,4261.0
837800.0,0.0,0.0,0.0,0.0,0.0,174.0,31.0,2679.0,0.966,0.013000000000000001,4262.0
837810.0,0.0,0.0,0.0,0.0,0.0,173.0,31.0,2679.0,0.966,0.013000000000000001,4262.0
837820.0,0.0,0.0,0.0,0.0,0.0,174.0,32.0,2681.0,0.966,0.013000000000000001,4262.0
837830.0,0.0,0.0,0.0,0.0,0.0,174.0,32.0,2680.0,0.966,0.013000000000000001,4262.0
837840.0,0.0,0.0,0.0,0.0,0.0,174.0,32.0,2678.0,0.966,0.013000000000000001,4262.0
837850.0,0.0,0.0,0.0,0.0,0.0,174.0,32.0,2679.0,0.966,0.013000000000000001,4252.0
837860.0,0.0,0.0,0.0,0.0,0.0,174.0,33.0,2680.0,0.966,0.013000000000000001,4252.0
837870.0,0.0,0.0,0.0,0.0,0.0,174.0,31.0,2679.0,0.966,0.013000000000000001,4252.0
837880.0,0.0,0.0,0.0,0.0,0.0,174.0,32.0,2681.0,0.966,0.013000000000000001,4252.0
837890.0,0.0,0.0,0.0,0.0,0.0,174.0,32.0,2679.0,0.966,0.013000000000000001,4252.0
837900.0,0.0,0.0,0.0,0.0,0.0,174.0,32.0,2680.0,0.966,0.013000000000000001,4261.0
837910.0,0.0,0.0,0.0,0.0,0.0,174.0,33.0,2679.0,0.966,0.013000000000000001,4261.0
837920.0,0.0,0.0,0.0,0.0,0.0,174.0,32.0,2680.0,0.966,0.013000000000000001,4261.0
837930.0,0.0,0.0,0.0,0.0,0.0,174.0,32.0,2679.0,0.966,0.013000000000000001,4261.0
837940.0,0.0,0.0,0.0,0.0,0.0,174.0,31.0,2680.0,0.966,0.013000000000000001,4261.0
837950.0,0.0,0.0,0.0,0.0,0.0,174.0,32.0,2680.0,0.966,0.013000000000000001,4252.0
837960.0,0.0,0.0,0.0,0.0,0.0,174.0,31.0,2680.0,0.966,0.013000000000000001,4252.0
837970.0,0.0,0.0,0.0,0.0,0.0,174.0,32.0,2679.0,0.966,0.013000000000000001,4252.0
837980.0,0.0,0.0,0.0,0.0,0.0,174.0,32.0,2679.0,0.966,0.013000000000000001,4252.0
837990.0,0.0,0.0,0.0,0.0,0.0,174.0,32.0,2679.0,0.966,0.013000000000000001,4252.0
838000.0,0.0,0.0,0.0,0.0,0.0,174.0,32.0,2679.0,0.966,0.013000000000000001,4261.0
838010.0,0.0,0.0,0.0,0.0,0.0,174.0,32.0,2679.0,0.966,0.013000000000000001,4261.0
838020.0,0.0,0.0,0.0,0.0,0.0,174.0,32.0,2680.0,0.966,0.013000000000000001,4261.0
838030.0,0.0,0.0,0.0,0.0,0.0,174.0,32.0,2680.0,0.966,0.013000000000000001,4261.0
838040.0,0.0,0.0,0.0,0.0,0.0,174.0,33.0,2679.0,0.966,0.013000000000000001,4261.0
838050.0,0.0,0.0,0.0,0.0,0.0,174.0,32.0,2681.0,0.966,0.013000000000000001,4261.0
838060.0,0.0,0.0,0.0,0.0,0.0,174.0,32.0,2679.0,0.966,0.013000000000000001,4261.0
838070.0,0.0,0.0,0.0,0.0,0.0,174.0,32.0,2681.0,0.966,0.013000000000000001,4261.0
838080.0,0.0,0.0,0.0,0.0,0.0,174.0,32.0,2679.0,0.966,0.013000000000000001,4261.0
838090.0,0.0,0.0,0.0,0.0,0.0,174.0,33.0,2680.0,0.966,0.013000000000000001,4261.0
838100.0,0.0,0.0,0.0,0.0,0.0,174.0,33.0,2679.0,0.966,0.013000000000000001,4261.0
838110.0,0.0,0.0,0.0,0.0,0.0,174.0,32.0,2681.0,0.966,0.013000000000000001,4261.0
838120.0,0.0,0.0,0.0,0.0,0.0,174.0,30.0,2679.0,0.966,0.013000000000000001,4261.0
838130.0,0.0,0.0,0.0,0.0,0.0,174.0,32.0,2679.0,0.966,0.013000000000000001,4261.0
838140.0,0.0,0.0,0.0,0.0,0.0,174.0,32.0,2679.0,0.966,0.013000000000000001,4261.0
838150.0,0.0,0.0,0.0,0.0,0.0,174.0,32.0,2679.0,0.966,0.013000000000000001,4261.0
838160.0,0.0,0.0,0.0,0.0,0.0,173.0,33.0,2679.0,0.966,0.013000000000000001,4261.0
838170.0,0.0,0.0,0.0,0.0,0.0,174.0,32.0,2680.0,0.966,0.013000000000000001,4261.0
838180.0,0.0,0.0,0.0,0.0,0.0,174.0,31.0,2680.0,0.966,0.013000000000000001,4261.0
838190.0,0.0,0.0,0.0,0.0,0.0,174.0,32.0,2680.0,0.966,0.013000000000000001,4261.0
838200.0,0.0,0.0,0.0,0.0,0.0,174.0,33.0,2680.0,0.966,0.013000000000000001,4261.0
838210.0,0.0,0.0,0.0,0.0,0.0,172.0,32.0,2680.0,0.966,0.013000000000000001,4261.0
838220.0,0.0,0.0,0.0,0.0,0.0,173.0,32.0,2679.0,0.966,0.013000000000000001,4261.0
838230.0,0.0,0.0,0.0,0.0,0.0,174.0,31.0,2679.0,0.966,0.013000000000000001,4261.0
838240.0,0.0,0.0,0.0,0.0,0.0,174.0,32.0,2680.0,0.966,0.013000000000000001,4261.0
838250.0,0.0,0.0,0.0,0.0,0.0,174.0,32.0,2680.0,0.966,0.013000000000000001,4262.0
838260.0,0.0,0.0,0.0,0.0,0.0,174.0,31.0,2679.0,0.966,0.013000000000000001,4262.0
838270.0,0.0,0.0,0.0,0.0,0.0,174.0,31.0,2680.0,0.966,0.013000000000000001,4262.0
838280.0,0.0,0.0,0.0,0.0,0.0,174.0,32.0,2680.0,0.966,0.013000000000000001,4262.0
838290.0,0.0,0.0,0.0,0.0,0.0,173.0,35.0,2680.0,0.966,0.013000000000000001,4262.0
838300.0,0.0,0.0,0.0,0.0,0.0,174.0,32.0,2681.0,0.966,0.013000000000000001,4260.0
838310.0,0.0,0.0,0.0,0.0,0.0,174.0,32.0,2679.0,0.966,0.013000000000000001,4260.0
838320.0,0.0,0.0,0.0,0.0,0.0,174.0,32.0,2678.0,0.966,0.013000000000000001,4260.0
838330.0,0.0,0.0,0.0,0.0,0.0,174.0,32.0,2679.0,0.966,0.013000000000000001,4260.0
838340.0,0.0,0.0,0.0,0.0,0.0,174.0,32.0,2679.0,0.966,0.013000000000000001,4260.0
838350.0,0.0,0.0,0.0,0.0,0.0,174.0,30.0,2680.0,0.966,0.013000000000000001,4251.0
838360.0,0.0,0.0,0.0,0.0,0.0,173.0,32.0,2683.0,0.966,0.013000000000000001,4251.0
838370.0,0.0,0.0,0.0,0.0,0.0,174.0,31.0,2679.0,0.966,0.013000000000000001,4251.0
838380.0,0.0,0.0,0.0,0.0,0.0,174.0,32.0,2680.0,0.966,0.013000000000000001,4251.0
838390.0,0.0,0.0,0.0,0.0,0.0,174.0,32.0,2679.0,0.966,0.013000000000000001,4251.0
838400.0,0.0,0.0,0.0,0.0,0.0,174.0,33.0,2679.0,0.966,0.013000000000000001,4261.0
838410.0,0.0,0.0,0.0,0.0,0.0,174.0,33.0,2679.0,0.966,0.013000000000000001,4261.0
838420.0,0.0,0.0,0.0,0.0,0.0,173.0,32.0,2681.0,0.966,0.013000000000000001,4261.0
838430.0,0.0,0.0,0.0,0.0,0.0,174.0,32.0,2679.0,0.966,0.013000000000000001,4261.0
838440.0,0.0,0.0,0.0,0.0,0.0,174.0,32.0,2679.0,0.966,0.013000000000000001,4261.0
838450.0,0.0,0.0,0.0,0.0,0.0,174.0,32.0,2680.0,0.966,0.013000000000000001,4252.0
838460.0,0.0,0.0,0.0,0.0,0.0,174.0,32.0,2680.0,0.966,0.013000000000000001,4252.0
838470.0,0.0,0.0,0.0,0.0,0.0,174.0,32.0,2678.0,0.966,0.013000000000000001,4252.0
838480.0,0.0,0.0,0.0,0.0,0.0,174.0,32.0,2680.0,0.966,0.013000000000000001,4252.0
838490.0,0.0,0.0,0.0,0.0,0.0,173.0,32.0,2679.0,0.966,0.013000000000000001,4252.0
838500.0,0.0,0.0,0.0,0.0,0.0,174.0,32.0,2680.0,0.966,0.013000000000000001,4253.0
838510.0,0.0,0.0,0.0,0.0,0.0,174.0,32.0,2680.0,0.966,0.013000000000000001,4253.0
838520.0,0.0,0.0,0.0,0.0,0.0,174.0,32.0,2679.0,0.966,0.013000000000000001,4253.0
838530.0,0.0,0.0,0.0,0.0,0.0,174.0,31.0,2680.0,0.966,0.013000000000000001,4253.0
838540.0,0.0,0.0,0.0,0.0,0.0,174.0,32.0,2679.0,0.966,0.013000000000000001,4253.0
838550.0,0.0,0.0,0.0,0.0,0.0,173.0,32.0,2679.0,0.966,0.013000000000000001,4261.0
838560.0,0.0,0.0,0.0,0.0,0.0,174.0,32.0,2679.0,0.966,0.013000000000000001,4261.0
838570.0,0.0,0.0,0.0,0.0,0.0,174.0,32.0,2680.0,0.966,0.013000000000000001,4261.0
838580.0,0.0,0.0,0.0,0.0,0.0,174.0,32.0,2681.0,0.966,0.013000000000000001,4261.0
838590.0,0.0,0.0,0.0,0.0,0.0,174.0,32.0,2680.0,0.966,0.013000000000000001,4261.0
838600.0,0.0,0.0,0.0,0.0,0.0,175.0,31.0,2680.0,0.966,0.013000000000000001,4261.0
838610.0,0.0,0.0,0.0,0.0,0.0,176.0,33.0,2679.0,0.966,0.013000000000000001,4261.0
838620.0,0.0,0.0,0.0,0.0,0.0,177.0,32.0,2679.0,0.966,0.013000000000000001,4261.0
838630.0,0.0,0.0,0.0,0.0,0.0,179.0,31.0,2681.0,0.966,0.013000000000000001,4261.0
838640.0,0.0,0.0,0.0,0.0,0.0,182.0,32.0,2679.0,0.966,0.013000000000000001,4261.0
838650.0,0.0,0.0,0.0,0.0,0.0,187.0,32.0,2680.0,0.966,0.013000000000000001,4252.0
838660.0,0.0,0.0,0.0,0.0,0.0,192.0,32.0,2678.0,0.966,0.013000000000000001,4252.0
838670.0,0.0,0.0,0.0,0.0,0.0,198.0,31.0,2679.0,0.966,0.013000000000000001,4252.0
838680.0,0.0,0.0,0.0,0.0,0.0,207.0,32.0,2680.0,0.966,0.013000000000000001,4252.0
838690.0,0.0,0.0,0.0,0.0,0.0,215.0,32.0,2679.0,0.966,0.013000000000000001,4252.0
838700.0,0.0,0.0,0.0,0.0,0.0,225.0,31.0,2680.0,0.967,0.013000000000000001,4261.0
838710.0,0.0,0.0,0.0,0.0,0.0,237.0,32.0,2679.0,0.967,0.013000000000000001,4261.0
838720.0,0.0,0.0,0.0,0.0,0.0,250.0,32.0,2680.0,0.967,0.013000000000000001,4261.0
838730.0,0.0,0.0,0.0,0.0,0.0,264.0,32.0,2680.0,0.967,0.013000000000000001,4261.0
838740.0,0.0,0.0,0.0,0.0,0.0,277.0,32.0,2680.0,0.967,0.013000000000000001,4261.0
838750.0,0.0,0.0,0.0,0.0,0.0,291.0,33.0,2679.0,0.968,0.013000000000000001,4260.0
838760.0,0.0,0.0,0.0,0.0,0.0,306.0,32.0,2680.0,0.968,0.013000000000000001,4260.0
838770.0,0.0,0.0,0.0,0.0,0.0,320.0,32.0,2680.0,0.968,0.013000000000000001,4260.0
838780.0,0.0,0.0,0.0,0.0,0.0,338.0,32.0,2679.0,0.968,0.013000000000000001,4260.0
838790.0,0.0,0.0,0.0,0.0,0.0,355.0,33.0,2680.0,0.968,0.013000000000000001,4260.0
838800.0,0.0,0.0,0.0,0.0,0.0,372.0,32.0,2678.0,0.97,0.013000000000000001,4261.0
838810.0,0.0,0.0,0.0,0.0,0.0,393.0,32.0,2680.0,0.97,0.013000000000000001,4261.0
838820.0,0.0,0.0,0.0,0.0,0.0,412.0,32.0,2679.0,0.97,0.013000000000000001,4261.0
838830.0,0.0,0.0,0.0,0.0,0.0,433.0,33.0,2678.0,0.97,0.013000000000000001,4261.0
838840.0,0.0,0.0,0.0,0.0,0.0,452.0,32.0,2679.0,0.97,0.013000000000000001,4261.0
838850.0,0.0,0.0,0.0,0.0,0.0,478.0,32.0,2679.0,0.972,0.013000000000000001,4261.0
838860.0,0.0,0.0,0.0,0.0,0.0,502.0,32.0,2678.0,0.972,0.013000000000000001,4261.0
838870.0,0.0,0.0,0.0,0.0,0.0,529.0,32.0,2680.0,0.972,0.013000000000000001,4261.0
838880.0,0.0,0.0,0.0,0.0,0.0,555.0,33.0,2680.0,0.972,0.013000000000000001,4261.0
838890.0,0.0,0.0,0.0,0.0,0.0,582.0,32.0,2679.0,0.972,0.013000000000000001,4261.0
838900.0,0.0,0.0,0.0,0.0,0.0,611.0,32.0,2680.0,0.975,0.013000000000000001,4253.0
838910.0,0.0,0.0,0.0,0.0,0.0,639.0,32.0,2679.0,0.975,0.013000000000000001,4253.0
838920.0,0.0,0.0,0.0,0.0,0.0,673.0,32.0,2679.0,0.975,0.013000000000000001,4253.0
838930.0,0.0,0.0,0.0,0.0,0.0,700.0,33.0,2676.0,0.975,0.013000000000000001,4253.0
838940.0,0.0,0.0,0.0,0.0,0.0,733.0,36.0,2679.0,0.975,0.013000000000000001,4253.0
838950.0,0.0,0.0,0.0,0.0,0.0,765.0,32.0,2681.0,0.98,0.013000000000000001,4242.0
838960.0,0.0,0.0,0.0,0.0,0.0,798.0,32.0,2680.0,0.98,0.013000000000000001,4242.0
838970.0,0.0,0.0,0.0,0.0,0.0,832.0,32.0,2680.0,0.98,0.013000000000000001,4242.0
838980.0,0.0,0.0,0.0,0.0,0.0,861.0,32.0,2680.0,0.98,0.013000000000000001,4242.0
838990.0,0.0,0.0,0.0,0.0,0.0,895.0,33.0,2680.0,0.98,0.013000000000000001,4242.0
839000.0,0.0,0.0,0.0,0.0,0.0,928.0,31.0,2680.0,0.983,0.013000000000000001,4238.0
839010.0,0.0,0.0,0.0,0.0,0.0,960.0,32.0,2680.0,0.983,0.012,4238.0
839020.0,0.0,0.0,0.0,0.0,0.0,989.0,32.0,2679.0,0.983,0.012,4238.0
839030.0,0.0,0.0,0.0,0.0,0.0,1025.0,33.0,2680.0,0.983,0.012,4238.0
839040.0,0.0,0.0,0.0,0.0,0.0,1055.0,32.0,2679.0,0.983,0.012,4238.0
839050.0,0.0,0.0,0.0,0.0,0.0,1084.0,32.0,2679.0,0.984,0.012,4238.0
839060.0,0.0,0.0,0.0,0.0,0.0,1114.0,31.0,2680.0,0.984,0.012,4238.0
839070.0,0.0,0.0,0.0,0.0,0.0,1143.0,33.0,2680.0,0.984,0.012,4238.0
839080.0,0.0,0.0,0.0,0.0,0.0,1169.0,31.0,2680.0,0.984,0.012,4238.0
839090.0,0.0,0.0,0.0,0.0,0.0,1197.0,32.0,2679.0,0.984,0.012,4238.0
839100.0,0.0,0.0,0.0,0.0,0.0,1223.0,33.0,2680.0,0.979,0.012,4247.0
839110.0,0.0,0.0,0.0,0.0,0.0,1254.0,32.0,2679.0,0.979,0.012,4247.0
839120.0,0.0,0.0,0.0,0.0,0.0,1280.0,32.0,2679.0,0.979,0.012,4247.0
839130.0,0.0,0.0,0.0,0.0,0.0,1308.0,33.0,2679.0,0.979,0.012,4247.0
839140.0,0.0,0.0,0.0,0.0,0.0,1339.0,32.0,2679.0,0.979,0.012,4247.0
839150.0,0.0,0.0,0.0,0.0,0.0,1369.0,32.0,2679.0,0.967,0.012,4252.0
839160.0,0.0,0.0,0.0,0.0,0.0,1397.0,32.0,2680.0,0.967,0.012,4252.0
839170.0,0.0,0.0,0.0,0.0,0.0,1431.0,33.0,2681.0,0.967,0.012,4252.0
839180.0,0.0,0.0,0.0,0.0,0.0,1461.0,33.0,2679.0,0.967,0.012,4252.0
839190.0,0.0,0.0,0.0,0.0,0.0,1490.0,32.0,2680.0,0.967,0.012,4252.0
839200.0,0.0,0.0,0.0,0.0,0.0,1520.0,31.0,2680.0,0.9400000000000001,0.012,4251.0
839210.0,0.0,0.0,0.0,0.0,0.0,1551.0,32.0,2679.0,0.9400000000000001,0.012,4251.0
839220.0,0.0,0.0,0.0,0.0,0.0,1576.0,32.0,2681.0,0.9400000000000001,0.012,4251.0
839230.0,0.0,0.0,0.0,0.0,0.0,1597.0,33.0,2679.0,0.9400000000000001,0.012,4251.0
839240.0,0.0,0.0,0.0,0.0,0.0,1617.0,32.0,2680.0,0.9400000000000001,0.012,4251.0
839250.0,0.0,0.0,0.0,0.0,0.0,1628.0,33.0,2680.0,0.863,0.012,4257.0
839260.0,0.0,0.0,0.0,0.0,0.0,1636.0,33.0,2680.0,0.863,0.012,4257.0
839270.0,0.0,0.0,0.0,0.0,0.0,1644.0,32.0,2681.0,0.863,0.012,4257.0
839280.0,0.0,0.0,0.0,0.0,0.0,1647.0,32.0,2680.0,0.863,0.012,4257.0
839290.0,0.0,0.0,0.0,0.0,0.0,1646.0,32.0,2680.0,0.863,0.012,4257.0
839300.0,0.0,0.0,0.0,0.0,0.0,1646.0,32.0,2678.0,0.5720000000000001,0.012,4224.0
839310.0,0.0,0.0,0.0,0.0,0.0,1646.0,32.0,2680.0,0.5720000000000001,0.012,4224.0
839320.0,0.0,0.0,0.0,0.0,0.0,1646.0,32.0,2679.0,0.5720000000000001,0.012,4224.0
839330.0,0.0,0.0,0.0,0.0,0.0,1646.0,32.0,2681.0,0.5720000000000001,0.012,4224.0
839340.0,0.0,0.0,0.0,0.0,0.0,1646.0,33.0,2680.0,0.5720000000000001,0.012,4224.0
839350.0,3.0,0.0,0.0,0.0,0.0,1646.0,33.0,2679.0,0.889,0.012,4256.0
839360.0,3.0,0.0,0.0,0.0,0.0,1646.0,32.0,2681.0,0.889,0.012,4256.0
839370.0,3.0,0.0,0.0,0.0,0.0,1646.0,32.0,2679.0,0.889,0.012,4256.0
839380.0,3.0,0.0,0.0,0.0,0.0,1646.0,32.0,2680.0,0.889,0.012,4256.0
839390.0,3.0,0.0,0.0,0.0,0.0,1646.0,32.0,2679.0,0.889,0.012,4256.0
839400.0,3.0,0.0,0.0,0.0,0.0,1646.0,31.0,2680.0,0.973,0.012,4254.0
839410.0,3.0,0.0,0.0,0.0,0.0,1646.0,32.0,2681.0,0.973,0.012,4254.0
839420.0,3.0,0.0,0.0,0.0,0.0,1646.0,32.0,2680.0,0.973,0.012,4254.0
839430.0,3.0,0.0,0.0,0.0,0.0,1646.0,32.0,2678.0,0.973,0.012,4254.0
839440.0,3.0,0.0,0.0,0.0,0.0,1646.0,32.0,2680.0,0.973,0.012,4254.0
839450.0,3.0,3.0,0.0,0.0,0.0,1646.0,32.0,2678.0,0.98,0.012,4254.0
839460.0,3.0,3.0,0.0,0.0,0.0,1645.0,31.0,2679.0,0.98,0.012,4254.0
839470.0,3.0,3.0,0.0,0.0,0.0,1646.0,32.0,2680.0,0.98,0.012,4254.0
839480.0,3.0,3.0,0.0,0.0,0.0,1646.0,31.0,2680.0,0.98,0.012,4254.0
839490.0,3.0,3.0,0.0,0.0,0.0,1646.0,32.0,2678.0,0.98,0.012,4254.0
839500.0,3.0,3.0,0.0,0.0,0.0,1647.0,32.0,2680.0,0.98,0.012,4254.0
839510.0,3.0,3.0,0.0,0.0,0.0,1648.0,33.0,2678.0,0.98,0.012,4254.0
839520.0,3.0,3.0,0.0,0.0,0.0,1653.0,32.0,2680.0,0.98,0.012,4254.0
839530.0,3.0,3.0,0.0,0.0,0.0,1657.0,31.0,2679.0,0.98,0.012,4254.0
839540.0,3.0,3.0,0.0,0.0,0.0,1664.0,29.0,2680.0,0.98,0.012,4254.0
839550.0,3.0,3.0,0.0,0.0,0.0,1674.0,33.0,2679.0,0.981,0.012,4254.0
839560.0,3.0,3.0,0.0,0.0,0.0,1684.0,32.0,2679.0,0.981,0.012,4254.0
839570.0,3.0,3.0,0.0,0.0,0.0,1700.0,32.0,2681.0,0.981,0.012,4254.0
839580.0,3.0,3.0,0.0,0.0,0.0,1717.0,32.0,2680.0,0.981,0.012,4254.0
839590.0,3.0,3.0,0.0,0.0,0.0,1743.0,32.0,2679.0,0.981,0.012,4254.0
839600.0,3.0,3.0,0.0,0.0,0.0,1770.0,31.0,2679.0,0.983,0.012,4253.0
839610.0,3.0,3.0,0.0,0.0,0.0,1802.0,32.0,2680.0,0.983,0.012,4253.0
839620.0,3.0,3.0,0.0,0.0,0.0,1839.0,32.0,2679.0,0.983,0.012,4253.0
839630.0,3.0,3.0,0.0,0.0,0.0,1878.0,32.0,2679.0,0.983,0.012,4253.0
839640.0,3.0,3.0,0.0,0.0,0.0,1919.0,32.0,2680.0,0.983,0.012,4253.0
839650.0,3.0,3.0,0.0,0.0,0.0,1956.0,32.0,2679.0,0.982,0.012,4228.0
839660.0,3.0,3.0,0.0,0.0,0.0,1999.0,32.0,2680.0,0.982,0.012,4228.0
839670.0,3.0,3.0,0.0,0.0,0.0,2040.0,32.0,2679.0,0.982,0.012,4228.0
839680.0,3.0,3.0,0.0,0.0,0.0,2088.0,33.0,2679.0,0.982,0.012,4228.0
839690.0,3.0,3.0,0.0,0.0,0.0,2135.0,34.0,2680.0,0.982,0.012,4228.0
839700.0,3.0,3.0,0.0,0.0,0.0,2180.0,32.0,2679.0,0.967,0.012,4223.0
839710.0,3.0,3.0,0.0,0.0,0.0,2229.0,32.0,2679.0,0.967,0.012,4223.0
839720.0,3.0,3.0,0.0,0.0,0.0,2269.0,32.0,2681.0,0.967,0.012,4223.0
839730.0,3.0,3.0,0.0,0.0,0.0,2314.0,32.0,2678.0,0.967,0.012,4223.0
839740.0,3.0,3.0,0.0,0.0,0.0,2360.0,32.0,2679.0,0.967,0.012,4223.0
839750.0,3.0,3.0,0.0,0.0,0.0,2401.0,32.0,2680.0,0.9500000000000001,0.012,4201.0
839760.0,3.0,3.0,0.0,0.0,0.0,2445.0,32.0,2679.0,0.9500000000000001,0.012,4201.0
839770.0,3.0,3.0,0.0,0.0,0.0,2485.0,32.0,2679.0,0.9500000000000001,0.012,4201.0
839780.0,3.0,3.0,0.0,0.0,0.0,2526.0,34.0,2679.0,0.9500000000000001,0.012,4201.0
839790.0,3.0,3.0,0.0,0.0,0.0,2568.0,32.0,2680.0,0.9500000000000001,0.012,4201.0
839800.0,3.0,3.0,0.0,0.0,0.0,2614.0,32.0,2679.0,0.969,0.012,4193.0
839810.0,3.0,3.0,0.0,0.0,0.0,2658.0,32.0,2679.0,0.969,0.012,4193.0
839820.0,3.0,3.0,0.0,0.0,0.0,2701.0,32.0,2681.0,0.969,0.012,4193.0
839830.0,3.0,3.0,0.0,0.0,0.0,2701.0,32.0,2680.0,0.969,0.012,4193.0
839840.0,3.0,3.0,0.0,0.0,0.0,2700.0,32.0,2679.0,0.969,0.012,4193.0
839850.0,3.0,3.0,0.0,0.0,0.0,2702.0,32.0,2680.0,0.987,0.012,4241.0
839860.0,3.0,3.0,0.0,0.0,0.0,2702.0,32.0,2680.0,0.987,0.012,4241.0
839870.0,3.0,3.0,0.0,0.0,0.0,2702.0,33.0,2680.0,0.987,0.012,4241.0
839880.0,3.0,3.0,0.0,0.0,0.0,2701.0,33.0,2679.0,0.987,0.012,4241.0
839890.0,3.0,3.0,0.0,0.0,0.0,2701.0,32.0,2678.0,0.987,0.012,4241.0
839900.0,3.0,3.0,0.0,0.0,0.0,2702.0,32.0,2679.0,0.996,0.012,4243.0
839910.0,3.0,3.0,0.0,0.0,0.0,2701.0,32.0,2679.0,0.996,0.012,4243.0
839920.0,3.0,3.0,0.0,0.0,0.0,2701.0,32.0,2679.0,0.996,0.012,4243.0
839930.0,3.0,3.0,0.0,0.0,0.0,2702.0,32.0,2680.0,0.996,0.012,4243.0
839940.0,3.0,3.0,0.0,0.0,0.0,2701.0,32.0,2679.0,0.996,0.012,4243.0
839950.0,3.0,3.0,0.0,0.0,0.0,2700.0,29.0,2680.0,0.997,0.012,4261.0
839960.0,3.0,3.0,0.0,0.0,0.0,2700.0,32.0,2679.0,0.997,0.012,4261.0
839970.0,3.0,3.0,0.0,0.0,0.0,2701.0,32.0,2679.0,0.997,0.012,4261.0
839980.0,3.0,3.0,0.0,0.0,0.0,2701.0,33.0,2679.0,0.997,0.012,4261.0
839990.0,3.0,3.0,0.0,0.0,0.0,2701.0,32.0,2679.0,0.997,0.012,4261.0
840000.0,3.0,3.0,0.0,0.0,0.0,2700.0,35.0,2679.0,0.997,0.012,4252.0
840010.0,3.0,3.0,0.0,0.0,0.0,2702.0,32.0,2679.0,0.997,0.012,4252.0
840020.0,3.0,3.0,0.0,0.0,0.0,2701.0,32.0,2680.0,0.997,0.012,4252.0
840030.0,3.0,3.0,0.0,0.0,0.0,2701.0,33.0,2679.0,0.997,0.012,4252.0
840040.0,3.0,3.0,0.0,0.0,0.0,2700.0,32.0,2680.0,0.997,0.012,4252.0
840050.0,3.0,3.0,0.0,0.0,0.0,2701.0,34.0,2680.0,0.997,0.012,4252.0
840060.0,3.0,3.0,0.0,0.0,0.0,2702.0,35.0,2679.0,0.997,0.012,4252.0
840070.0,3.0,3.0,0.0,0.0,0.0,2702.0,32.0,2681.0,0.997,0.012,4252.0
840080.0,3.0,3.0,0.0,0.0,0.0,2702.0,32.0,2678.0,0.997,0.012,4252.0
840090.0,3.0,3.0,0.0,0.0,0.0,2701.0,33.0,2679.0,0.997,0.012,4252.0
840100.0,3.0,3.0,0.0,0.0,0.0,2700.0,32.0,2679.0,0.997,0.012,4260.0
840110.0,3.0,3.0,0.0,0.0,0.0,2702.0,32.0,2679.0,0.997,0.012,4260.0
840120.0,3.0,3.0,0.0,0.0,0.0,2701.0,32.0,2680.0,0.997,0.012,4260.0
840130.0,3.0,3.0,0.0,0.0,0.0,2701.0,32.0,2679.0,0.997,0.012,4260.0
840140.0,3.0,3.0,0.0,0.0,0.0,2702.0,32.0,2680.0,0.997,0.012,4260.0
840150.0,3.0,3.0,0.0,0.0,0.0,2701.0,32.0,2679.0,0.997,0.012,4252.0
840160.0,3.0,3.0,0.0,0.0,0.0,2701.0,32.0,2679.0,0.997,0.012,4252.0
840170.0,3.0,3.0,0.0,0.0,0.0,2700.0,32.0,2679.0,0.997,0.012,4252.0
840180.0,3.0,3.0,0.0,0.0,0.0,2700.0,32.0,2679.0,0.997,0.012,4252.0
840190.0,3.0,3.0,0.0,0.0,0.0,2701.0,33.0,2680.0,0.997,0.012,4252.0
840200.0,3.0,3.0,0.0,0.0,0.0,2701.0,32.0,2680.0,0.997,0.012,4252.0
840210.0,3.0,3.0,0.0,0.0,0.0,2700.0,32.0,2679.0,0.997,0.012,4252.0
840220.0,3.0,3.0,0.0,0.0,0.0,2702.0,32.0,2679.0,0.997,0.012,4252.0
840230.0,3.0,3.0,0.0,0.0,0.0,2702.0,31.0,2680.0,0.997,0.012,4252.0
840240.0,3.0,3.0,0.0,0.0,0.0,2701.0,32.0,2680.0,0.997,0.012,4252.0
840250.0,3.0,3.0,0.0,0.0,0.0,2702.0,31.0,2679.0,0.997,0.012,4243.0
840260.0,3.0,3.0,0.0,0.0,0.0,2701.0,32.0,2681.0,0.997,0.012,4243.0
840270.0,3.0,3.0,0.0,0.0,0.0,2700.0,32.0,2680.0,0.997,0.012,4243.0
840280.0,3.0,3.0,0.0,0.0,0.0,2701.0,32.0,2678.0,0.997,0.012,4243.0
840290.0,3.0,3.0,0.0,0.0,0.0,2702.0,28.0,2681.0,0.997,0.012,4243.0
840300.0,3.0,3.0,0.0,0.0,0.0,2701.0,32.0,2680.0,0.997,0.012,4261.0
840310.0,3.0,3.0,0.0,0.0,0.0,2702.0,32.0,2679.0,0.997,0.012,4261.0
840320.0,3.0,3.0,0.0,0.0,0.0,2701.0,32.0,2681.0,0.997,0.012,4261.0
840330.0,3.0,3.0,0.0,0.0,0.0,2701.0,32.0,2680.0,0.997,0.012,4261.0
840340.0,3.0,3.0,0.0,0.0,0.0,2701.0,32.0,2680.0,0.997,0.012,4261.0
840350.0,3.0,3.0,0.0,0.0,0.0,2701.0,32.0,2681.0,0.997,0.012,4261.0
840360.0,3.0,3.0,0.0,0.0,0.0,2701.0,32.0,2680.0,0.997,0.012,4261.0
840370.0,3.0,3.0,0.0,0.0,0.0,2702.0,33.0,2680.0,0.997,0.012,4261.0
840380.0,3.0,3.0,0.0,0.0,0.0,2701.0,32.0,2680.0,0.997,0.012,4261.0
840390.0,3.0,3.0,0.0,0.0,0.0,2701.0,32.0,2680.0,0.997,0.012,4261.0
840400.0,3.0,3.0,0.0,0.0,0.0,2700.0,32.0,2679.0,0.997,0.012,4251.0
840410.0,3.0,3.0,0.0,0.0,0.0,2702.0,31.0,2681.0,0.997,0.012,4251.0
840420.0,3.0,3.0,0.0,0.0,0.0,2702.0,32.0,2680.0,0.997,0.012,4251.0
840430.0,3.0,3.0,0.0,0.0,0.0,2702.0,32.0,2679.0,0.997,0.012,4251.0
840440.0,3.0,3.0,0.0,0.0,0.0,2700.0,32.0,2680.0,0.997,0.012,4251.0
840450.0,3.0,3.0,0.0,0.0,0.0,2702.0,32.0,2679.0,0.997,0.012,4260.0
840460.0,3.0,3.0,0.0,0.0,0.0,2701.0,32.0,2680.0,0.997,0.012,4260.0
840470.0,3.0,3.0,0.0,0.0,0.0,2701.0,32.0,2680.0,0.997,0.012,4260.0
840480.0,3.0,3.0,0.0,0.0,0.0,2701.0,33.0,2680.0,0.997,0.012,4260.0
840490.0,3.0,3.0,0.0,0.0,0.0,2702.0,32.0,2679.0,0.997,0.012,4260.0
840500.0,3.0,3.0,0.0,0.0,0.0,2702.0,32.0,2681.0,0.997,0.012,4251.0
840510.0,3.0,3.0,0.0,0.0,0.0,2701.0,29.0,2678.0,0.997,0.012,4251.0
840520.0,3.0,3.0,0.0,0.0,0.0,2701.0,32.0,2680.0,0.997,0.012,4251.0
840530.0,3.0,3.0,0.0,0.0,0.0,2701.0,32.0,2679.0,0.997,0.012,4251.0
840540.0,3.0,3.0,0.0,0.0,0.0,2701.0,32.0,2680.0,0.997,0.012,4251.0
840550.0,3.0,3.0,0.0,0.0,0.0,2702.0,32.0,2679.0,0.997,0.012,4261.0
840560.0,3.0,3.0,0.0,0.0,0.0,2701.0,33.0,2682.0,0.997,0.012,4261.0
840570.0,3.0,3.0,0.0,0.0,0.0,2702.0,32.0,2681.0,0.997,0.012,4261.0
840580.0,3.0,3.0,0.0,0.0,0.0,2702.0,32.0,2677.0,0.997,0.012,4261.0
840590.0,3.0,3.0,0.0,0.0,0.0,2701.0,33.0,2680.0,0.997,0.012,4261.0
840600.0,3.0,3.0,0.0,0.0,0.0,2701.0,33.0,2679.0,0.997,0.012,4261.0
840610.0,3.0,3.0,0.0,0.0,0.0,2702.0,32.0,2681.0,0.997,0.012,4261.0
840620.0,3.0,3.0,0.0,0.0,0.0,2700.0,32.0,2676.0,0.997,0.012,4261.0
840630.0,3.0,3.0,0.0,0.0,0.0,2702.0,32.0,2680.0,0.997,0.012,4261.0
840640.0,3.0,3.0,0.0,0.0,0.0,2701.0,32.0,2679.0,0.997,0.012,4261.0
840650.0,3.0,3.0,0.0,0.0,0.0,2702.0,32.0,2679.0,0.997,0.012,4261.0
840660.0,3.0,3.0,0.0,0.0,0.0,2701.0,32.0,2679.0,0.997,0.012,4261.0
840670.0,3.0,3.0,0.0,0.0,0.0,2701.0,32.0,2680.0,0.997,0.012,4261.0
840680.0,3.0,3.0,0.0,0.0,0.0,2701.0,32.0,2680.0,0.997,0.012,4261.0
840690.0,3.0,3.0,0.0,0.0,0.0,2702.0,32.0,2680.0,0.997,0.012,4261.0
840700.0,3.0,3.0,0.0,0.0,0.0,2702.0,32.0,2680.0,0.997,0.012,4253.0
840710.0,3.0,3.0,0.0,0.0,0.0,2700.0,32.0,2679.0,0.997,0.012,4253.0
840720.0,3.0,3.0,0.0,0.0,0.0,2701.0,33.0,2678.0,0.997,0.012,4253.0
840730.0,3.0,3.0,0.0,0.0,0.0,2701.0,32.0,2680.0,0.997,0.012,4253.0
840740.0,3.0,3.0,0.0,0.0,0.0,2700.0,32.0,2681.0,0.997,0.012,4253.0
840750.0,3.0,3.0,0.0,0.0,0.0,2702.0,33.0,2679.0,0.997,0.012,4261.0
840760.0,3.0,3.0,0.0,0.0,0.0,2702.0,33.0,2679.0,0.997,0.012,4261.0
840770.0,3.0,3.0,0.0,0.0,0.0,2702.0,32.0,2681.0,0.997,0.012,4261.0
840780.0,3.0,3.0,0.0,0.0,0.0,2701.0,32.0,2679.0,0.997,0.012,4261.0
840790.0,3.0,3.0,0.0,0.0,0.0,2702.0,33.0,2679.0,0.997,0.012,4261.0
840800.0,3.0,3.0,0.0,0.0,0.0,2701.0,31.0,2680.0,0.997,0.012,4261.0
840810.0,3.0,3.0,0.0,0.0,0.0,2701.0,32.0,2679.0,0.997,0.012,4261.0
840820.0,3.0,3.0,0.0,0.0,0.0,2701.0,32.0,2680.0,0.997,0.012,4261.0
840830.0,3.0,3.0,0.0,0.0,0.0,2701.0,32.0,2680.0,0.997,0.012,4261.0
840840.0,3.0,3.0,0.0,0.0,0.0,2702.0,32.0,2680.0,0.997,0.012,4261.0
840850.0,3.0,3.0,0.0,0.0,0.0,2701.0,32.0,2680.0,0.997,0.012,4261.0
840860.0,3.0,3.0,0.0,0.0,0.0,2702.0,32.0,2679.0,0.997,0.012,4261.0
840870.0,3.0,3.0,0.0,0.0,0.0,2701.0,32.0,2680.0,0.997,0.012,4261.0
840880.0,3.0,3.0,0.0,0.0,0.0,2701.0,28.0,2680.0,0.997,0.012,4261.0
840890.0,3.0,3.0,0.0,0.0,0.0,2701.0,32.0,2679.0,0.997,0.012,4261.0
840900.0,3.0,3.0,0.0,0.0,0.0,2702.0,31.0,2679.0,0.997,0.012,4252.0
840910.0,3.0,3.0,0.0,0.0,0.0,2701.0,32.0,2678.0,0.997,0.012,4252.0
840920.0,3.0,3.0,0.0,0.0,0.0,2700.0,32.0,2680.0,0.997,0.012,4252.0
840930.0,3.0,3.0,0.0,0.0,0.0,2703.0,32.0,2678.0,0.997,0.012,4252.0
840940.0,3.0,3.0,0.0,0.0,0.0,2701.0,32.0,2679.0,0.997,0.012,4252.0
840950.0,3.0,3.0,0.0,0.0,0.0,2702.0,32.0,2678.0,0.997,0.012,4260.0
840960.0,3.0,3.0,0.0,0.0,0.0,2702.0,31.0,2678.0,0.997,0.012,4260.0
840970.0,3.0,3.0,0.0,0.0,0.0,2700.0,32.0,2678.0,0.997,0.012,4260.0
840980.0,3.0,3.0,0.0,0.0,0.0,2702.0,32.0,2678.0,0.997,0.012,4260.0
840990.0,3.0,3.0,0.0,0.0,0.0,2701.0,32.0,2680.0,0.997,0.012,4260.0
841000.0,3.0,3.0,0.0,0.0,0.0,2702.0,32.0,2678.0,0.997,0.012,4253.0
841010.0,3.0,3.0,0.0,0.0,0.0,2700.0,31.0,2679.0,0.997,0.012,4253.0
841020.0,3.0,3.0,0.0,0.0,0.0,2701.0,34.0,2680.0,0.997,0.012,4253.0
841030.0,3.0,3.0,0.0,0.0,0.0,2701.0,33.0,2680.0,0.997,0.012,4253.0
841040.0,3.0,3.0,0.0,0.0,0.0,2701.0,33.0,2679.0,0.997,0.012,4253.0
841050.0,3.0,3.0,0.0,0.0,0.0,2701.0,33.0,2679.0,0.997,0.012,4262.0
841060.0,3.0,3.0,0.0,0.0,0.0,2701.0,33.0,2679.0,0.997,0.012,4262.0
841070.0,3.0,3.0,0.0,0.0,0.0,2701.0,31.0,2679.0,0.997,0.012,4262.0
841080.0,3.0,3.0,0.0,0.0,0.0,2701.0,32.0,2680.0,0.997,0.012,4262.0
841090.0,3.0,3.0,0.0,0.0,0.0,2701.0,31.0,2678.0,0.997,0.012,4262.0
841100.0,3.0,3.0,0.0,0.0,0.0,2701.0,34.0,2678.0,0.997,0.012,4261.0
841110.0,3.0,3.0,0.0,0.0,0.0,2701.0,33.0,2679.0,0.997,0.012,4261.0
841120.0,3.0,3.0,0.0,0.0,0.0,2702.0,32.0,2681.0,0.997,0.012,4261.0
841130.0,3.0,3.0,0.0,0.0,0.0,2701.0,32.0,2679.0,0.997,0.012,4261.0
841140.0,3.0,3.0,0.0,0.0,0.0,2701.0,32.0,2678.0,0.997,0.012,4261.0
841150.0,3.0,3.0,0.0,0.0,0.0,2701.0,32.0,2679.0,0.997,0.012,4262.0
841160.0,3.0,3.0,0.0,0.0,0.0,2701.0,33.0,2679.0,0.997,0.012,4262.0
841170.0,3.0,3.0,0.0,0.0,0.0,2701.0,32.0,2676.0,0.997,0.012,4262.0
841180.0,3.0,3.0,0.0,0.0,0.0,2701.0,32.0,2679.0,0.997,0.012,4262.0
841190.0,3.0,3.0,0.0,0.0,0.0,2702.0,32.0,2681.0,0.997,0.012,4262.0
841200.0,3.0,3.0,0.0,0.0,0.0,2701.0,32.0,2679.0,0.997,0.012,4253.0
841210.0,3.0,3.0,0.0,0.0,0.0,2701.0,32.0,2678.0,0.997,0.012,4253.0
841220.0,3.0,3.0,0.0,0.0,0.0,2702.0,31.0,2678.0,0.997,0.012,4253.0
841230.0,3.0,3.0,0.0,0.0,0.0,2701.0,32.0,2679.0,0.997,0.012,4253.0
841240.0,3.0,3.0,0.0,0.0,0.0,2703.0,33.0,2679.0,0.997,0.012,4253.0
841250.0,3.0,3.0,0.0,0.0,0.0,2701.0,32.0,2678.0,0.997,0.012,4260.0
841260.0,3.0,3.0,0.0,0.0,0.0,2701.0,32.0,2680.0,0.997,0.012,4260.0
841270.0,3.0,3.0,0.0,0.0,0.0,2701.0,31.0,2679.0,0.997,0.012,4260.0
841280.0,3.0,3.0,0.0,0.0,0.0,2702.0,33.0,2679.0,0.997,0.012,4260.0
841290.0,3.0,3.0,0.0,0.0,0.0,2700.0,32.0,2679.0,0.997,0.012,4260.0
841300.0,3.0,3.0,0.0,0.0,0.0,2701.0,32.0,2678.0,0.997,0.012,4260.0
841310.0,3.0,3.0,0.0,0.0,0.0,2701.0,32.0,2679.0,0.997,0.012,4260.0
841320.0,3.0,3.0,0.0,0.0,0.0,2701.0,31.0,2679.0,0.997,0.012,4260.0
841330.0,3.0,3.0,0.0,0.0,0.0,2701.0,32.0,2679.0,0.997,0.012,4260.0
841340.0,3.0,3.0,0.0,0.0,0.0,2701.0,32.0,2679.0,0.997,0.012,4260.0
841350.0,3.0,3.0,0.0,0.0,0.0,2701.0,33.0,2678.0,0.997,0.012,4251.0
841360.0,3.0,3.0,0.0,0.0,0.0,2702.0,32.0,2680.0,0.997,0.012,4251.0
841370.0,3.0,3.0,0.0,0.0,0.0,2700.0,32.0,2678.0,0.997,0.012,4251.0
841380.0,3.0,3.0,0.0,0.0,0.0,2701.0,33.0,2679.0,0.997,0.012,4251.0
841390.0,3.0,3.0,0.0,0.0,0.0,2702.0,33.0,2679.0,0.997,0.012,4251.0
841400.0,3.0,3.0,0.0,0.0,0.0,2701.0,32.0,2679.0,0.997,0.012,4251.0
841410.0,3.0,3.0,0.0,0.0,0.0,2702.0,32.0,2680.0,0.997,0.012,4251.0
841420.0,3.0,3.0,0.0,0.0,0.0,2701.0,32.0,2679.0,0.997,0.012,4251.0
841430.0,3.0,3.0,0.0,0.0,0.0,2702.0,33.0,2680.0,0.997,0.012,4251.0
841440.0,3.0,3.0,0.0,0.0,0.0,2701.0,32.0,2678.0,0.997,0.012,4251.0
841450.0,3.0,3.0,0.0,0.0,0.0,2701.0,33.0,2680.0,0.997,0.012,4261.0
841460.0,3.0,3.0,0.0,0.0,0.0,2701.0,32.0,2680.0,0.997,0.012,4261.0
841470.0,3.0,3.0,0.0,0.0,0.0,2702.0,32.0,2680.0,0.997,0.012,4261.0
841480.0,3.0,3.0,0.0,0.0,0.0,2701.0,32.0,2679.0,0.997,0.012,4261.0
841490.0,3.0,3.0,0.0,0.0,0.0,2701.0,33.0,2678.0,0.997,0.012,4261.0
841500.0,3.0,3.0,0.0,0.0,0.0,2701.0,32.0,2680.0,0.997,0.012,4253.0
841510.0,3.0,3.0,0.0,0.0,0.0,2700.0,32.0,2679.0,0.997,0.012,4253.0
841520.0,3.0,3.0,0.0,0.0,0.0,2701.0,33.0,2678.0,0.997,0.012,4253.0
841530.0,3.0,3.0,0.0,0.0,0.0,2700.0,32.0,2677.0,0.997,0.012,4253.0
841540.0,3.0,3.0,0.0,0.0,0.0,2701.0,32.0,2679.0,0.997,0.012,4253.0
841550.0,3.0,3.0,0.0,0.0,0.0,2701.0,33.0,2681.0,0.997,0.012,4262.0
841560.0,3.0,3.0,0.0,0.0,0.0,2701.0,33.0,2679.0,0.997,0.012,4262.0
841570.0,3.0,3.0,0.0,0.0,0.0,2701.0,32.0,2679.0,0.997,0.012,4262.0
841580.0,3.0,3.0,0.0,0.0,0.0,2701.0,33.0,2678.0,0.997,0.012,4262.0
841590.0,3.0,3.0,0.0,0.0,0.0,2701.0,32.0,2680.0,0.997,0.012,4262.0
841600.0,3.0,3.0,0.0,0.0,0.0,2701.0,32.0,2679.0,0.997,0.012,4261.0
841610.0,3.0,3.0,0.0,0.0,0.0,2702.0,33.0,2680.0,0.997,0.012,4261.0
841620.0,3.0,3.0,0.0,0.0,0.0,2701.0,32.0,2679.0,0.997,0.012,4261.0
841630.0,3.0,3.0,0.0,0.0,0.0,2701.0,32.0,2683.0,0.997,0.012,4261.0
841640.0,3.0,3.0,0.0,0.0,0.0,2701.0,33.0,2680.0,0.997,0.012,4261.0
841650.0,3.0,3.0,0.0,0.0,0.0,2700.0,33.0,2679.0,0.997,0.012,4262.0
841660.0,3.0,3.0,0.0,0.0,0.0,2702.0,33.0,2680.0,0.997,0.012,4262.0
841670.0,3.0,3.0,0.0,0.0,0.0,2702.0,32.0,2679.0,0.997,0.012,4262.0
841680.0,3.0,3.0,0.0,0.0,0.0,2701.0,33.0,2679.0,0.997,0.012,4262.0
841690.0,3.0,3.0,0.0,0.0,0.0,2702.0,33.0,2680.0,0.997,0.012,4262.0
841700.0,3.0,3.0,0.0,0.0,0.0,2703.0,36.0,2680.0,0.997,0.012,4261.0
841710.0,3.0,3.0,0.0,0.0,0.0,2701.0,32.0,2680.0,0.997,0.012,4261.0
841720.0,3.0,3.0,0.0,0.0,0.0,2701.0,34.0,2680.0,0.997,0.012,4261.0
841730.0,3.0,3.0,0.0,0.0,0.0,2701.0,33.0,2679.0,0.997,0.012,4261.0
841740.0,3.0,3.0,0.0,0.0,0.0,2701.0,33.0,2680.0,0.997,0.012,4261.0
841750.0,3.0,3.0,0.0,0.0,0.0,2701.0,33.0,2679.0,0.997,0.012,4262.0
841760.0,3.0,3.0,0.0,0.0,0.0,2701.0,33.0,2678.0,0.997,0.012,4262.0
841770.0,3.0,3.0,0.0,0.0,0.0,2701.0,33.0,2680.0,0.997,0.012,4262.0
841780.0,3.0,3.0,0.0,0.0,0.0,2700.0,34.0,2680.0,0.997,0.012,4262.0
841790.0,3.0,3.0,0.0,0.0,0.0,2701.0,33.0,2679.0,0.997,0.012,4262.0
841800.0,3.0,3.0,0.0,0.0,0.0,2701.0,34.0,2680.0,0.997,0.012,4253.0
841810.0,3.0,3.0,0.0,0.0,0.0,2701.0,33.0,2680.0,0.997,0.012,4253.0
841820.0,3.0,3.0,0.0,0.0,0.0,2701.0,33.0,2679.0,0.997,0.012,4253.0
841830.0,3.0,3.0,0.0,0.0,0.0,2702.0,32.0,2681.0,0.997,0.012,4253.0
841840.0,3.0,3.0,0.0,0.0,0.0,2701.0,33.0,2679.0,0.997,0.012,4253.0
841850.0,3.0,3.0,0.0,0.0,0.0,2700.0,33.0,2679.0,0.997,0.012,4261.0
841860.0,3.0,3.0,0.0,0.0,0.0,2701.0,32.0,2679.0,0.997,0.012,4261.0
841870.0,3.0,3.0,0.0,0.0,0.0,2701.0,33.0,2680.0,0.997,0.012,4261.0
841880.0,3.0,3.0,0.0,0.0,0.0,2701.0,33.0,2678.0,0.997,0.012,4261.0
841890.0,3.0,3.0,0.0,0.0,0.0,2701.0,33.0,2680.0,0.997,0.012,4261.0
841900.0,3.0,3.0,0.0,0.0,0.0,2701.0,33.0,2679.0,0.997,0.012,4262.0
841910.0,3.0,3.0,0.0,0.0,0.0,2702.0,33.0,2679.0,0.997,0.012,4262.0
841920.0,3.0,3.0,0.0,0.0,0.0,2702.0,33.0,2680.0,0.997,0.012,4262.0
841930.0,3.0,3.0,0.0,0.0,0.0,2703.0,33.0,2678.0,0.997,0.012,4262.0
841940.0,3.0,3.0,0.0,0.0,0.0,2701.0,33.0,2679.0,0.997,0.012,4262.0
841950.0,3.0,3.0,0.0,0.0,0.0,2701.0,33.0,2679.0,0.997,0.012,4253.0
841960.0,3.0,3.0,0.0,0.0,0.0,2701.0,33.0,2681.0,0.997,0.012,4253.0
841970.0,3.0,3.0,0.0,0.0,0.0,2701.0,33.0,2679.0,0.997,0.012,4253.0
841980.0,3.0,3.0,0.0,0.0,0.0,2701.0,32.0,2678.0,0.997,0.012,4253.0
841990.0,3.0,3.0,0.0,0.0,0.0,2701.0,33.0,2679.0,0.997,0.012,4253.0
842000.0,3.0,3.0,0.0,0.0,0.0,2701.0,33.0,2677.0,0.997,0.012,4260.0
842010.0,3.0,3.0,0.0,0.0,0.0,2701.0,33.0,2678.0,0.997,0.012,4260.0
842020.0,3.0,3.0,0.0,0.0,0.0,2700.0,32.0,2678.0,0.997,0.012,4260.0
842030.0,3.0,3.0,0.0,0.0,0.0,2701.0,33.0,2678.0,0.997,0.012,4260.0
842040.0,3.0,3.0,0.0,0.0,0.0,2702.0,33.0,2678.0,0.997,0.012,4260.0
842050.0,3.0,3.0,0.0,0.0,0.0,2701.0,33.0,2679.0,0.997,0.012,4253.0
842060.0,3.0,3.0,0.0,0.0,0.0,2702.0,33.0,2678.0,0.997,0.012,4253.0
842070.0,3.0,3.0,0.0,0.0,0.0,2702.0,33.0,2677.0,0.997,0.012,4253.0
842080.0,3.0,3.0,0.0,0.0,0.0,2701.0,32.0,2679.0,0.997,0.012,4253.0
842090.0,3.0,3.0,0.0,0.0,0.0,2701.0,32.0,2677.0,0.997,0.012,4253.0
842100.0,3.0,3.0,0.0,0.0,0.0,2702.0,33.0,2677.0,0.997,0.012,4260.0
842110.0,3.0,3.0,0.0,0.0,0.0,2702.0,33.0,2678.0,0.997,0.012,4260.0
842120.0,3.0,3.0,0.0,0.0,0.0,2701.0,32.0,2677.0,0.997,0.012,4260.0
842130.0,3.0,3.0,0.0,0.0,0.0,2701.0,32.0,2677.0,0.997,0.012,4260.0
842140.0,3.0,3.0,0.0,0.0,0.0,2702.0,33.0,2679.0,0.997,0.012,4260.0
842150.0,3.0,3.0,0.0,0.0,0.0,2701.0,34.0,2678.0,0.997,0.012,4261.0
842160.0,3.0,3.0,0.0,0.0,0.0,2701.0,32.0,2678.0,0.997,0.012,4261.0
842170.0,3.0,3.0,0.0,0.0,0.0,2701.0,32.0,2678.0,0.997,0.012,4261.0
842180.0,3.0,3.0,0.0,0.0,0.0,2700.0,33.0,2677.0,0.997,0.012,4261.0
842190.0,3.0,3.0,0.0,0.0,0.0,2702.0,33.0,2677.0,0.997,0.012,4261.0
842200.0,3.0,3.0,0.0,0.0,0.0,2701.0,32.0,2675.0,0.997,0.012,4261.0
842210.0,3.0,3.0,0.0,0.0,0.0,2701.0,32.0,2677.0,0.997,0.012,4261.0
842220.0,3.0,3.0,0.0,0.0,0.0,2702.0,33.0,2677.0,0.997,0.012,4261.0
842230.0,3.0,3.0,0.0,0.0,0.0,2701.0,33.0,2679.0,0.997,0.012,4261.0
842240.0,3.0,3.0,0.0,0.0,0.0,2701.0,32.0,2677.0,0.997,0.012,4261.0
842250.0,3.0,3.0,0.0,0.0,0.0,2701.0,32.0,2678.0,0.997,0.012,4252.0
842260.0,3.0,3.0,0.0,0.0,0.0,2701.0,33.0,2678.0,0.997,0.012,4252.0
842270.0,3.0,3.0,0.0,0.0,0.0,2700.0,32.0,2678.0,0.997,0.012,4252.0
842280.0,3.0,3.0,0.0,0.0,0.0,2701.0,33.0,2678.0,0.997,0.012,4252.0
842290.0,3.0,3.0,0.0,0.0,0.0,2701.0,32.0,2677.0,0.997,0.012,4252.0
842300.0,3.0,3.0,0.0,0.0,0.0,2702.0,33.0,2677.0,0.997,0.012,4262.0
842310.0,3.0,3.0,0.0,0.0,0.0,2702.0,33.0,2680.0,0.997,0.012,4262.0
842320.0,3.0,3.0,0.0,0.0,0.0,2702.0,32.0,2678.0,0.997,0.012,4262.0
842330.0,3.0,3.0,0.0,0.0,0.0,2701.0,33.0,2678.0,0.997,0.012,4262.0
842340.0,3.0,3.0,0.0,0.0,0.0,2703.0,32.0,2679.0,0.997,0.012,4262.0
842350.0,3.0,3.0,0.0,0.0,0.0,2702.0,33.0,2678.0,0.997,0.012,4251.0
842360.0,3.0,3.0,0.0,0.0,0.0,2702.0,32.0,2679.0,0.997,0.012,4251.0
842370.0,3.0,3.0,0.0,0.0,0.0,2701.0,32.0,2678.0,0.997,0.012,4251.0
842380.0,3.0,3.0,0.0,0.0,0.0,2702.0,33.0,2678.0,0.997,0.012,4251.0
842390.0,3.0,3.0,0.0,0.0,0.0,2701.0,33.0,2676.0,0.997,0.012,4251.0
842400.0,3.0,3.0,0.0,0.0,0.0,2701.0,31.0,2677.0,0.997,0.012,4262.0
842410.0,3.0,3.0,0.0,0.0,0.0,2700.0,33.0,2679.0,0.997,0.012,4262.0
842420.0,3.0,3.0,0.0,0.0,0.0,2701.0,33.0,2679.0,0.997,0.012,4262.0
842430.0,3.0,3.0,0.0,0.0,0.0,2701.0,33.0,2678.0,0.997,0.012,4262.0
842440.0,3.0,3.0,0.0,0.0,0.0,2700.0,33.0,2678.0,0.997,0.012,4262.0
842450.0,3.0,3.0,0.0,0.0,0.0,2701.0,33.0,2678.0,0.997,0.012,4261.0
842460.0,3.0,3.0,0.0,0.0,0.0,2701.0,32.0,2678.0,0.997,0.012,4261.0
842470.0,3.0,3.0,0.0,0.0,0.0,2701.0,33.0,2679.0,0.997,0.012,4261.0
842480.0,3.0,3.0,0.0,0.0,0.0,2701.0,32.0,2674.0,0.997,0.012,4261.0
842490.0,3.0,3.0,0.0,0.0,0.0,2701.0,33.0,2678.0,0.997,0.012,4261.0
842500.0,3.0,3.0,0.0,0.0,0.0,2701.0,33.0,2675.0,0.997,0.012,4261.0
842510.0,3.0,3.0,0.0,0.0,0.0,2701.0,32.0,2677.0,0.997,0.012,4261.0
842520.0,3.0,3.0,0.0,0.0,0.0,2701.0,33.0,2677.0,0.997,0.012,4261.0
842530.0,3.0,3.0,0.0,0.0,0.0,2702.0,33.0,2679.0,0.997,0.012,4261.0
842540.0,3.0,3.0,0.0,0.0,0.0,2701.0,33.0,2679.0,0.997,0.012,4261.0
842550.0,3.0,3.0,0.0,0.0,0.0,2701.0,33.0,2678.0,0.997,0.012,4252.0
842560.0,3.0,3.0,0.0,0.0,0.0,2702.0,32.0,2678.0,0.997,0.012,4252.0
842570.0,3.0,3.0,0.0,0.0,0.0,2702.0,32.0,2678.0,0.997,0.012,4252.0
842580.0,3.0,3.0,0.0,0.0,0.0,2701.0,31.0,2677.0,0.997,0.012,4252.0
842590.0,3.0,3.0,0.0,0.0,0.0,2701.0,33.0,2678.0,0.997,0.012,4252.0
842600.0,3.0,3.0,0.0,0.0,0.0,2702.0,33.0,2678.0,0.997,0.012,4252.0
842610.0,3.0,3.0,0.0,0.0,0.0,2702.0,33.0,2679.0,0.997,0.012,4252.0
842620.0,3.0,3.0,0.0,0.0,0.0,2701.0,30.0,2678.0,0.997,0.012,4252.0
842630.0,3.0,3.0,0.0,0.0,0.0,2702.0,32.0,2679.0,0.997,0.012,4252.0
842640.0,3.0,3.0,0.0,0.0,0.0,2702.0,33.0,2678.0,0.997,0.012,4252.0
842650.0,3.0,3.0,0.0,0.0,0.0,2701.0,33.0,2677.0,0.997,0.012,4262.0
842660.0,3.0,3.0,0.0,0.0,0.0,2701.0,32.0,2677.0,0.997,0.012,4262.0
842670.0,3.0,3.0,0.0,0.0,0.0,2702.0,33.0,2678.0,0.997,0.012,4262.0
842680.0,3.0,3.0,0.0,0.0,0.0,2702.0,33.0,2678.0,0.997,0.012,4262.0
842690.0,3.0,3.0,0.0,0.0,0.0,2701.0,32.0,2678.0,0.997,0.012,4262.0
842700.0,3.0,3.0,0.0,0.0,0.0,2701.0,33.0,2678.0,0.997,0.012,4261.0
842710.0,3.0,3.0,0.0,0.0,0.0,2701.0,33.0,2678.0,0.997,0.012,4261.0
842720.0,3.0,3.0,0.0,0.0,0.0,2701.0,33.0,2678.0,0.997,0.012,4261.0
842730.0,3.0,3.0,0.0,0.0,0.0,2701.0,32.0,2678.0,0.997,0.012,4261.0
842740.0,3.0,3.0,0.0,0.0,0.0,2702.0,33.0,2678.0,0.997,0.012,4261.0
842750.0,3.0,3.0,0.0,0.0,0.0,2701.0,32.0,2679.0,0.997,0.012,4261.0
842760.0,3.0,3.0,0.0,0.0,0.0,2702.0,32.0,2678.0,0.997,0.012,4261.0
842770.0,3.0,3.0,0.0,0.0,0.0,2702.0,32.0,2677.0,0.997,0.012,4261.0
842780.0,3.0,3.0,0.0,0.0,0.0,2701.0,33.0,2675.0,0.997,0.012,4261.0
842790.0,3.0,3.0,0.0,0.0,0.0,2701.0,33.0,2678.0,0.997,0.012,4261.0
842800.0,3.0,3.0,0.0,0.0,0.0,2700.0,32.0,2677.0,0.997,0.012,4252.0
842810.0,3.0,3.0,0.0,0.0,0.0,2702.0,33.0,2678.0,0.997,0.012,4252.0
842820.0,3.0,3.0,0.0,0.0,0.0,2701.0,32.0,2678.0,0.997,0.012,4252.0
842830.0,3.0,3.0,0.0,0.0,0.0,2701.0,33.0,2679.0,0.997,0.012,4252.0
842840.0,3.0,3.0,0.0,0.0,0.0,2701.0,32.0,2678.0,0.997,0.012,4252.0
842850.0,3.0,3.0,0.0,0.0,0.0,2701.0,32.0,2678.0,0.997,0.012,4253.0
842860.0,3.0,3.0,0.0,0.0,0.0,2702.0,32.0,2680.0,0.997,0.012,4253.0
842870.0,3.0,3.0,0.0,0.0,0.0,2701.0,33.0,2677.0,0.997,0.012,4253.0
842880.0,3.0,3.0,0.0,0.0,0.0,2701.0,32.0,2678.0,0.997,0.012,4253.0
842890.0,3.0,3.0,0.0,0.0,0.0,2701.0,33.0,2678.0,0.997,0.012,4253.0
842900.0,3.0,3.0,0.0,0.0,0.0,2701.0,32.0,2677.0,0.997,0.012,4252.0
842910.0,3.0,3.0,0.0,0.0,0.0,2702.0,33.0,2678.0,0.997,0.012,4252.0
842920.0,3.0,3.0,0.0,0.0,0.0,2701.0,32.0,2677.0,0.997,0.012,4252.0
842930.0,3.0,3.0,0.0,0.0,0.0,2701.0,33.0,2677.0,0.997,0.012,4252.0
842940.0,3.0,3.0,0.0,0.0,0.0,2702.0,33.0,2678.0,0.997,0.012,4252.0
842950.0,3.0,3.0,0.0,0.0,0.0,2702.0,32.0,2678.0,0.997,0.012,4261.0
842960.0,3.0,3.0,0.0,0.0,0.0,2701.0,33.0,2677.0,0.997,0.012,4261.0
842970.0,3.0,3.0,0.0,0.0,0.0,2702.0,33.0,2678.0,0.997,0.012,4261.0
842980.0,3.0,3.0,0.0,0.0,0.0,2702.0,32.0,2678.0,0.997,0.012,4261.0
842990.0,3.0,3.0,0.0,0.0,0.0,2701.0,32.0,2677.0,0.997,0.012,4261.0
843000.0,3.0,3.0,0.0,0.0,0.0,2702.0,33.0,2679.0,0.997,0.012,4261.0
843010.0,3.0,3.0,0.0,0.0,0.0,2701.0,33.0,2677.0,0.997,0.012,4261.0
843020.0,3.0,3.0,0.0,0.0,0.0,2703.0,33.0,2678.0,0.997,0.012,4261.0
843030.0,3.0,3.0,0.0,0.0,0.0,2701.0,32.0,2677.0,0.997,0.012,4261.0
843040.0,3.0,3.0,0.0,0.0,0.0,2701.0,33.0,2677.0,0.997,0.012,4261.0
843050.0,3.0,3.0,0.0,0.0,0.0,2702.0,31.0,2679.0,0.997,0.012,4261.0
843060.0,3.0,3.0,0.0,0.0,0.0,2702.0,33.0,2677.0,0.997,0.012,4261.0
843070.0,3.0,3.0,0.0,0.0,0.0,2701.0,33.0,2678.0,0.997,0.012,4261.0
843080.0,3.0,3.0,0.0,0.0,0.0,2702.0,32.0,2678.0,0.997,0.012,4261.0
843090.0,3.0,3.0,0.0,0.0,0.0,2702.0,32.0,2675.0,0.997,0.012,4261.0
843100.0,3.0,3.0,0.0,0.0,0.0,2701.0,32.0,2678.0,0.997,0.012,4253.0
843110.0,3.0,3.0,0.0,0.0,0.0,2700.0,32.0,2678.0,0.997,0.012,4253.0
843120.0,3.0,3.0,0.0,0.0,0.0,2702.0,32.0,2680.0,0.997,0.012,4253.0
843130.0,3.0,3.0,0.0,0.0,0.0,2701.0,32.0,2677.0,0.997,0.012,4253.0
843140.0,3.0,3.0,0.0,0.0,0.0,2701.0,32.0,2678.0,0.997,0.012,4253.0
843150.0,3.0,3.0,0.0,0.0,0.0,2700.0,33.0,2678.0,0.997,0.012,4261.0
843160.0,3.0,3.0,0.0,0.0,0.0,2701.0,32.0,2678.0,0.997,0.012,4261.0
843170.0,3.0,3.0,0.0,0.0,0.0,2701.0,32.0,2678.0,0.997,0.012,4261.0
843180.0,3.0,3.0,0.0,0.0,0.0,2701.0,33.0,2678.0,0.997,0.012,4261.0
843190.0,3.0,3.0,0.0,0.0,0.0,2701.0,32.0,2678.0,0.997,0.012,4261.0
843200.0,3.0,3.0,0.0,0.0,0.0,2700.0,32.0,2679.0,0.997,0.012,4252.0
843210.0,3.0,3.0,0.0,0.0,0.0,2702.0,33.0,2680.0,0.997,0.012,4252.0
843220.0,3.0,3.0,0.0,0.0,0.0,2701.0,33.0,2679.0,0.997,0.012,4252.0
843230.0,3.0,3.0,0.0,0.0,0.0,2702.0,32.0,2679.0,0.997,0.012,4252.0
843240.0,3.0,3.0,0.0,0.0,0.0,2701.0,32.0,2677.0,0.997,0.012,4252.0
843250.0,3.0,3.0,0.0,0.0,0.0,2701.0,34.0,2678.0,0.997,0.012,4243.0
843260.0,3.0,3.0,0.0,0.0,0.0,2701.0,33.0,2678.0,0.997,0.012,4243.0
843270.0,3.0,3.0,0.0,0.0,0.0,2701.0,33.0,2674.0,0.997,0.012,4243.0
843280.0,3.0,3.0,0.0,0.0,0.0,2701.0,32.0,2678.0,0.997,0.012,4243.0
843290.0,3.0,3.0,0.0,0.0,0.0,2701.0,33.0,2677.0,0.997,0.012,4243.0
843300.0,3.0,3.0,0.0,0.0,0.0,2700.0,32.0,2677.0,0.997,0.012,4260.0
843310.0,3.0,3.0,0.0,0.0,0.0,2702.0,32.0,2678.0,0.997,0.012,4260.0
843320.0,3.0,3.0,0.0,0.0,0.0,2701.0,33.0,2677.0,0.997,0.012,4260.0
843330.0,3.0,3.0,0.0,0.0,0.0,2701.0,33.0,2676.0,0.997,0.012,4260.0
843340.0,3.0,3.0,0.0,0.0,0.0,2702.0,32.0,2678.0,0.997,0.012,4260.0
843350.0,3.0,3.0,0.0,0.0,0.0,2700.0,33.0,2677.0,0.997,0.012,4260.0
843360.0,3.0,3.0,0.0,0.0,0.0,2701.0,32.0,2677.0,0.997,0.012,4260.0
843370.0,3.0,3.0,0.0,0.0,0.0,2702.0,32.0,2679.0,0.997,0.012,4260.0
843380.0,3.0,3.0,0.0,0.0,0.0,2701.0,32.0,2678.0,0.997,0.012,4260.0
843390.0,3.0,3.0,0.0,0.0,0.0,2702.0,32.0,2677.0,0.997,0.012,4260.0
843400.0,3.0,3.0,0.0,0.0,0.0,2701.0,33.0,2680.0,0.997,0.012,4253.0
843410.0,3.0,3.0,0.0,0.0,0.0,2701.0,33.0,2677.0,0.997,0.012,4253.0
843420.0,3.0,3.0,0.0,0.0,0.0,2701.0,32.0,2680.0,0.997,0.012,4253.0
843430.0,3.0,3.0,0.0,0.0,0.0,2701.0,33.0,2677.0,0.997,0.012,4253.0
843440.0,3.0,3.0,0.0,0.0,0.0,2701.0,32.0,2677.0,0.997,0.012,4253.0
843450.0,3.0,3.0,0.0,0.0,0.0,2702.0,32.0,2677.0,0.997,0.012,4260.0
843460.0,3.0,3.0,0.0,0.0,0.0,2701.0,33.0,2678.0,0.997,0.012,4260.0
843470.0,3.0,3.0,0.0,0.0,0.0,2702.0,33.0,2679.0,0.997,0.012,4260.0
843480.0,3.0,3.0,0.0,0.0,0.0,2701.0,32.0,2679.0,0.997,0.012,4260.0
843490.0,3.0,3.0,0.0,0.0,0.0,2701.0,32.0,2678.0,0.997,0.012,4260.0
843500.0,3.0,3.0,0.0,0.0,0.0,2701.0,32.0,2678.0,0.997,0.012,4262.0
843510.0,3.0,3.0,0.0,0.0,0.0,2701.0,33.0,2678.0,0.997,0.012,4262.0
843520.0,3.0,3.0,0.0,0.0,0.0,2701.0,33.0,2678.0,0.997,0.012,4262.0
843530.0,3.0,3.0,0.0,0.0,0.0,2701.0,32.0,2678.0,0.997,0.012,4262.0
843540.0,3.0,3.0,0.0,0.0,0.0,2702.0,32.0,2679.0,0.997,0.012,4262.0
843550.0,3.0,3.0,0.0,0.0,0.0,2701.0,33.0,2678.0,0.997,0.012,4252.0
843560.0,3.0,3.0,0.0,0.0,0.0,2701.0,32.0,2675.0,0.997,0.012,4252.0
843570.0,3.0,3.0,0.0,0.0,0.0,2702.0,32.0,2679.0,0.997,0.012,4252.0
843580.0,3.0,3.0,0.0,0.0,0.0,2702.0,33.0,2678.0,0.997,0.012,4252.0
843590.0,3.0,3.0,0.0,0.0,0.0,2701.0,33.0,2678.0,0.997,0.012,4252.0
843600.0,3.0,3.0,0.0,0.0,0.0,2701.0,33.0,2677.0,0.997,0.012,4261.0
843610.0,3.0,3.0,0.0,0.0,0.0,2702.0,33.0,2678.0,0.997,0.012,4261.0
843620.0,3.0,3.0,0.0,0.0,0.0,2701.0,33.0,2678.0,0.997,0.012,4261.0
843630.0,3.0,3.0,0.0,0.0,0.0,2702.0,32.0,2678.0,0.997,0.012,4261.0
843640.0,3.0,3.0,0.0,0.0,0.0,2701.0,32.0,2678.0,0.997,0.012,4261.0
843650.0,3.0,3.0,0.0,0.0,0.0,2702.0,32.0,2679.0,0.997,0.012,4260.0
843660.0,3.0,3.0,0.0,0.0,0.0,2701.0,33.0,2680.0,0.997,0.012,4260.0
843670.0,3.0,3.0,0.0,0.0,0.0,2700.0,32.0,2678.0,0.997,0.012,4260.0
843680.0,3.0,3.0,0.0,0.0,0.0,2702.0,32.0,2677.0,0.997,0.012,4260.0
843690.0,3.0,3.0,0.0,0.0,0.0,2700.0,32.0,2678.0,0.997,0.012,4260.0
843700.0,3.0,3.0,0.0,0.0,0.0,2701.0,33.0,2678.0,0.997,0.012,4251.0
843710.0,3.0,3.0,0.0,0.0,0.0,2701.0,32.0,2678.0,0.997,0.012,4251.0
843720.0,3.0,3.0,0.0,0.0,0.0,2702.0,33.0,2678.0,0.997,0.012,4251.0
843730.0,3.0,3.0,0.0,0.0,0.0,2700.0,33.0,2677.0,0.997,0.012,4251.0
843740.0,3.0,3.0,0.0,0.0,0.0,2700.0,34.0,2678.0,0.997,0.012,4251.0
843750.0,3.0,3.0,0.0,0.0,0.0,2701.0,35.0,2677.0,0.997,0.012,4261.0
843760.0,3.0,3.0,0.0,0.0,0.0,2701.0,32.0,2677.0,0.997,0.012,4261.0
843770.0,3.0,3.0,0.0,0.0,0.0,2701.0,33.0,2679.0,0.997,0.012,4261.0
843780.0,3.0,3.0,0.0,0.0,0.0,2701.0,33.0,2675.0,0.997,0.012,4261.0
843790.0,3.0,3.0,0.0,0.0,0.0,2701.0,32.0,2678.0,0.997,0.012,4261.0
843800.0,3.0,3.0,0.0,0.0,0.0,2701.0,33.0,2678.0,0.997,0.012,4260.0
843810.0,3.0,3.0,0.0,0.0,0.0,2701.0,33.0,2679.0,0.997,0.012,4260.0
843820.0,3.0,3.0,0.0,0.0,0.0,2702.0,32.0,2679.0,0.997,0.012,4260.0
843830.0,3.0,3.0,0.0,0.0,0.0,2701.0,33.0,2677.0,0.997,0.012,4260.0
843840.0,3.0,3.0,0.0,0.0,0.0,2701.0,33.0,2679.0,0.997,0.012,4260.0
843850.0,3.0,3.0,0.0,0.0,0.0,2702.0,33.0,2678.0,0.997,0.012,4253.0
843860.0,3.0,3.0,0.0,0.0,0.0,2701.0,33.0,2677.0,0.997,0.012,4253.0
843870.0,3.0,3.0,0.0,0.0,0.0,2701.0,33.0,2679.0,0.997,0.012,4253.0
843880.0,3.0,3.0,0.0,0.0,0.0,2702.0,33.0,2678.0,0.997,0.012,4253.0
843890.0,3.0,3.0,0.0,0.0,0.0,2701.0,33.0,2677.0,0.997,0.012,4253.0
843900.0,3.0,3.0,0.0,0.0,0.0,2701.0,33.0,2677.0,0.997,0.012,4253.0
843910.0,3.0,3.0,0.0,0.0,0.0,2700.0,32.0,2677.0,0.997,0.012,4253.0
843920.0,3.0,3.0,0.0,0.0,0.0,2700.0,33.0,2679.0,0.997,0.012,4253.0
843930.0,3.0,3.0,0.0,0.0,0.0,2701.0,34.0,2677.0,0.997,0.012,4253.0
843940.0,3.0,3.0,0.0,0.0,0.0,2701.0,33.0,2677.0,0.997,0.012,4253.0
843950.0,3.0,3.0,0.0,0.0,0.0,2701.0,33.0,2678.0,0.997,0.012,4261.0
843960.0,3.0,3.0,0.0,0.0,0.0,2701.0,33.0,2678.0,0.997,0.012,4261.0
843970.0,3.0,3.0,0.0,0.0,0.0,2701.0,32.0,2678.0,0.997,0.012,4261.0
843980.0,3.0,3.0,0.0,0.0,0.0,2702.0,33.0,2678.0,0.997,0.012,4261.0
843990.0,3.0,3.0,0.0,0.0,0.0,2701.0,32.0,2677.0,0.997,0.012,4261.0
844000.0,3.0,3.0,0.0,0.0,0.0,2702.0,33.0,2678.0,0.997,0.012,4261.0
844010.0,3.0,3.0,0.0,0.0,0.0,2701.0,33.0,2677.0,0.997,0.012,4261.0
844020.0,3.0,3.0,0.0,0.0,0.0,2701.0,33.0,2678.0,0.997,0.012,4261.0
844030.0,3.0,3.0,0.0,0.0,0.0,2701.0,33.0,2677.0,0.997,0.012,4261.0
844040.0,3.0,3.0,0.0,0.0,0.0,2701.0,33.0,2678.0,0.997,0.012,4261.0
844050.0,3.0,3.0,0.0,0.0,0.0,2701.0,33.0,2679.0,0.997,0.012,4242.0
844060.0,3.0,3.0,0.0,0.0,0.0,2700.0,33.0,2677.0,0.997,0.012,4242.0
844070.0,3.0,3.0,0.0,0.0,0.0,2701.0,33.0,2678.0,0.997,0.012,4242.0
844080.0,3.0,3.0,0.0,0.0,0.0,2702.0,33.0,2677.0,0.997,0.012,4242.0
844090.0,3.0,3.0,0.0,0.0,0.0,2701.0,33.0,2678.0,0.997,0.012,4242.0
844100.0,3.0,3.0,0.0,0.0,0.0,2702.0,33.0,2679.0,0.997,0.012,4252.0
844110.0,3.0,3.0,0.0,0.0,0.0,2700.0,37.0,2677.0,0.997,0.012,4252.0
844120.0,3.0,3.0,0.0,0.0,0.0,2701.0,32.0,2678.0,0.997,0.012,4252.0
844130.0,3.0,3.0,0.0,0.0,0.0,2703.0,33.0,2678.0,0.997,0.012,4252.0
844140.0,3.0,3.0,0.0,0.0,0.0,2702.0,32.0,2679.0,0.997,0.012,4252.0
844150.0,3.0,3.0,0.0,0.0,0.0,2701.0,32.0,2677.0,0.997,0.012,4252.0
844160.0,3.0,3.0,0.0,0.0,0.0,2702.0,32.0,2679.0,0.997,0.012,4252.0
844170.0,3.0,3.0,0.0,0.0,0.0,2701.0,33.0,2678.0,0.997,0.012,4252.0
844180.0,3.0,3.0,0.0,0.0,0.0,2702.0,33.0,2678.0,0.997,0.012,4252.0
844190.0,3.0,3.0,0.0,0.0,0.0,2702.0,32.0,2678.0,0.997,0.012,4252.0
844200.0,3.0,3.0,0.0,0.0,0.0,2701.0,33.0,2677.0,0.997,0.012,4260.0
844210.0,3.0,3.0,0.0,0.0,0.0,2701.0,34.0,2678.0,0.997,0.012,4260.0
844220.0,3.0,3.0,0.0,0.0,0.0,2701.0,33.0,2679.0,0.997,0.012,4260.0
844230.0,3.0,3.0,0.0,0.0,0.0,2701.0,33.0,2677.0,0.997,0.012,4260.0
844240.0,3.0,3.0,0.0,0.0,0.0,2701.0,33.0,2678.0,0.997,0.012,4260.0
844250.0,3.0,3.0,0.0,0.0,0.0,2701.0,33.0,2678.0,0.997,0.012,4260.0
844260.0,3.0,3.0,0.0,0.0,0.0,2702.0,32.0,2679.0,0.997,0.012,4260.0
844270.0,3.0,3.0,0.0,0.0,0.0,2702.0,33.0,2678.0,0.997,0.012,4260.0
844280.0,3.0,3.0,0.0,0.0,0.0,2700.0,33.0,2678.0,0.997,0.012,4260.0
844290.0,3.0,3.0,0.0,0.0,0.0,2701.0,33.0,2678.0,0.997,0.012,4260.0
844300.0,3.0,3.0,0.0,0.0,0.0,2701.0,33.0,2678.0,0.997,0.012,4252.0
844310.0,3.0,3.0,0.0,0.0,0.0,2701.0,33.0,2678.0,0.997,0.012,4252.0
844320.0,3.0,3.0,0.0,0.0,0.0,2701.0,33.0,2682.0,0.997,0.012,4252.0
844330.0,3.0,3.0,0.0,0.0,0.0,2702.0,33.0,2678.0,0.997,0.012,4252.0
844340.0,3.0,3.0,0.0,0.0,0.0,2701.0,33.0,2678.0,0.997,0.012,4252.0
844350.0,3.0,3.0,0.0,0.0,0.0,2701.0,32.0,2678.0,0.997,0.012,4261.0
844360.0,3.0,3.0,0.0,0.0,0.0,2702.0,33.0,2679.0,0.997,0.012,4261.0
844370.0,3.0,3.0,0.0,0.0,0.0,2701.0,33.0,2677.0,0.997,0.012,4261.0
844380.0,3.0,3.0,0.0,0.0,0.0,2701.0,33.0,2678.0,0.997,0.012,4261.0
844390.0,3.0,3.0,0.0,0.0,0.0,2701.0,33.0,2678.0,0.997,0.012,4261.0
844400.0,3.0,3.0,0.0,0.0,0.0,2700.0,33.0,2678.0,0.997,0.012,4261.0
844410.0,3.0,3.0,0.0,0.0,0.0,2701.0,33.0,2678.0,0.997,0.012,4261.0
844420.0,3.0,3.0,0.0,0.0,0.0,2701.0,33.0,2678.0,0.997,0.012,4261.0
844430.0,3.0,3.0,0.0,0.0,0.0,2701.0,32.0,2678.0,0.997,0.012,4261.0
844440.0,3.0,3.0,0.0,0.0,0.0,2702.0,33.0,2678.0,0.997,0.012,4261.0
844450.0,3.0,3.0,0.0,0.0,0.0,2701.0,32.0,2679.0,0.997,0.012,4252.0
844460.0,3.0,3.0,0.0,0.0,0.0,2700.0,33.0,2677.0,0.997,0.012,4252.0
844470.0,3.0,3.0,0.0,0.0,0.0,2701.0,33.0,2675.0,0.997,0.012,4252.0
844480.0,3.0,3.0,0.0,0.0,0.0,2700.0,33.0,2677.0,0.997,0.012,4252.0
844490.0,3.0,3.0,0.0,0.0,0.0,2701.0,33.0,2679.0,0.997,0.012,4252.0
844500.0,3.0,3.0,0.0,0.0,0.0,2701.0,33.0,2677.0,0.997,0.012,4261.0
844510.0,3.0,3.0,0.0,0.0,0.0,2700.0,33.0,2678.0,0.997,0.012,4261.0
844520.0,3.0,3.0,0.0,0.0,0.0,2701.0,33.0,2678.0,0.997,0.012,4261.0
844530.0,3.0,3.0,0.0,0.0,0.0,2701.0,32.0,2677.0,0.997,0.012,4261.0
844540.0,3.0,3.0,0.0,0.0,0.0,2700.0,33.0,2677.0,0.997,0.012,4261.0
844550.0,3.0,3.0,0.0,0.0,0.0,2700.0,33.0,2677.0,0.997,0.012,4261.0
844560.0,3.0,3.0,0.0,0.0,0.0,2701.0,33.0,2677.0,0.997,0.012,4261.0
844570.0,3.0,3.0,0.0,0.0,0.0,2699.0,32.0,2677.0,0.997,0.012,4261.0
844580.0,3.0,3.0,0.0,0.0,0.0,2700.0,32.0,2676.0,0.997,0.012,4261.0
844590.0,3.0,3.0,0.0,0.0,0.0,2699.0,32.0,2677.0,0.997,0.012,4261.0
844600.0,3.0,3.0,0.0,0.0,0.0,2700.0,32.0,2677.0,0.997,0.012,4261.0
844610.0,3.0,3.0,0.0,0.0,0.0,2700.0,32.0,2677.0,0.997,0.012,4261.0
844620.0,3.0,3.0,0.0,0.0,0.0,2699.0,33.0,2677.0,0.997,0.012,4261.0
844630.0,3.0,3.0,0.0,0.0,0.0,2700.0,32.0,2678.0,0.997,0.012,4261.0
844640.0,3.0,3.0,0.0,0.0,0.0,2700.0,33.0,2677.0,0.997,0.012,4261.0
844650.0,3.0,3.0,0.0,0.0,0.0,2700.0,32.0,2678.0,0.997,0.012,4261.0
844660.0,3.0,3.0,0.0,0.0,0.0,2702.0,32.0,2677.0,0.997,0.012,4261.0
844670.0,3.0,3.0,0.0,0.0,0.0,2700.0,33.0,2678.0,0.997,0.012,4261.0
844680.0,3.0,3.0,0.0,0.0,0.0,2700.0,32.0,2678.0,0.997,0.012,4261.0
844690.0,3.0,3.0,0.0,0.0,0.0,2700.0,32.0,2678.0,0.997,0.012,4261.0
844700.0,3.0,3.0,0.0,0.0,0.0,2699.0,32.0,2677.0,0.997,0.012,4261.0
844710.0,3.0,3.0,0.0,0.0,0.0,2701.0,33.0,2677.0,0.997,0.012,4261.0
844720.0,3.0,3.0,0.0,0.0,0.0,2700.0,32.0,2677.0,0.997,0.012,4261.0
844730.0,3.0,3.0,0.0,0.0,0.0,2700.0,32.0,2677.0,0.997,0.012,4261.0
844740.0,3.0,3.0,0.0,0.0,0.0,2699.0,31.0,2677.0,0.997,0.012,4261.0
844750.0,3.0,3.0,0.0,0.0,0.0,2701.0,32.0,2677.0,0.997,0.012,4252.0
844760.0,3.0,3.0,0.0,0.0,0.0,2699.0,32.0,2678.0,0.997,0.012,4252.0
844770.0,3.0,3.0,0.0,0.0,0.0,2700.0,31.0,2678.0,0.997,0.012,4252.0
844780.0,3.0,3.0,0.0,0.0,0.0,2700.0,32.0,2678.0,0.997,0.012,4252.0
844790.0,3.0,3.0,0.0,0.0,0.0,2700.0,32.0,2677.0,0.997,0.012,4252.0
844800.0,3.0,3.0,0.0,0.0,0.0,2699.0,31.0,2677.0,0.997,0.012,4252.0
844810.0,3.0,3.0,0.0,0.0,0.0,2701.0,32.0,2678.0,0.997,0.012,4252.0
844820.0,3.0,3.0,0.0,0.0,0.0,2701.0,32.0,2678.0,0.997,0.012,4252.0
844830.0,3.0,3.0,0.0,0.0,0.0,2701.0,32.0,2677.0,0.997,0.012,4252.0
844840.0,3.0,3.0,0.0,0.0,0.0,2700.0,31.0,2677.0,0.997,0.012,4252.0
844850.0,3.0,3.0,0.0,0.0,0.0,2701.0,31.0,2678.0,0.997,0.012,4261.0
844860.0,3.0,3.0,0.0,0.0,0.0,2699.0,32.0,2677.0,0.997,0.012,4261.0
844870.0,3.0,3.0,0.0,0.0,0.0,2700.0,32.0,2677.0,0.997,0.012,4261.0
844880.0,3.0,3.0,0.0,0.0,0.0,2700.0,32.0,2677.0,0.997,0.012,4261.0
844890.0,3.0,3.0,0.0,0.0,0.0,2700.0,32.0,2677.0,0.997,0.012,4261.0
844900.0,3.0,3.0,0.0,0.0,0.0,2701.0,32.0,2678.0,0.997,0.012,4261.0
844910.0,3.0,3.0,0.0,0.0,0.0,2700.0,32.0,2681.0,0.997,0.012,4261.0
844920.0,3.0,3.0,0.0,0.0,0.0,2700.0,32.0,2675.0,0.997,0.012,4261.0
844930.0,3.0,3.0,0.0,0.0,0.0,2701.0,31.0,2677.0,0.997,0.012,4261.0
844940.0,3.0,3.0,0.0,0.0,0.0,2701.0,28.0,2678.0,0.997,0.012,4261.0
844950.0,3.0,3.0,0.0,0.0,0.0,2699.0,32.0,2677.0,0.997,0.012,4261.0
844960.0,3.0,3.0,0.0,0.0,0.0,2700.0,32.0,2678.0,0.997,0.012,4261.0
844970.0,3.0,3.0,0.0,0.0,0.0,2701.0,32.0,2678.0,0.997,0.012,4261.0
844980.0,3.0,3.0,0.0,0.0,0.0,2700.0,32.0,2677.0,0.997,0.012,4261.0
844990.0,3.0,3.0,0.0,0.0,0.0,2700.0,32.0,2677.0,0.997,0.012,4261.0
845000.0,3.0,3.0,0.0,0.0,0.0,2700.0,32.0,2677.0,0.997,0.012,4261.0
845010.0,3.0,3.0,0.0,0.0,0.0,2701.0,31.0,2678.0,0.997,0.012,4261.0
845020.0,3.0,3.0,0.0,0.0,0.0,2700.0,32.0,2678.0,0.997,0.012,4261.0
845030.0,3.0,3.0,0.0,0.0,0.0,2701.0,32.0,2678.0,0.997,0.012,4261.0
845040.0,3.0,3.0,0.0,0.0,0.0,2701.0,32.0,2677.0,0.997,0.012,4261.0
845050.0,3.0,3.0,0.0,0.0,0.0,2700.0,32.0,2677.0,0.997,0.012,4260.0
845060.0,3.0,3.0,0.0,0.0,0.0,2700.0,32.0,2677.0,0.997,0.012,4260.0
845070.0,3.0,3.0,0.0,0.0,0.0,2701.0,33.0,2678.0,0.997,0.012,4260.0
845080.0,3.0,3.0,0.0,0.0,0.0,2701.0,32.0,2677.0,0.997,0.012,4260.0
845090.0,3.0,3.0,0.0,0.0,0.0,2701.0,32.0,2679.0,0.997,0.012,4260.0
845100.0,3.0,3.0,0.0,0.0,0.0,2700.0,32.0,2678.0,0.997,0.012,4261.0
845110.0,3.0,3.0,0.0,0.0,0.0,2701.0,32.0,2677.0,0.997,0.012,4261.0
845120.0,3.0,3.0,0.0,0.0,0.0,2700.0,32.0,2678.0,0.997,0.012,4261.0
845130.0,3.0,3.0,0.0,0.0,0.0,2700.0,32.0,2679.0,0.997,0.012,4261.0
845140.0,3.0,3.0,0.0,0.0,0.0,2701.0,32.0,2678.0,0.997,0.012,4261.0
845150.0,3.0,3.0,0.0,0.0,0.0,2701.0,32.0,2679.0,0.997,0.012,4253.0
845160.0,3.0,3.0,0.0,0.0,0.0,2701.0,32.0,2678.0,0.997,0.012,4253.0
845170.0,3.0,3.0,0.0,0.0,0.0,2701.0,32.0,2680.0,0.997,0.012,4253.0
845180.0,3.0,3.0,0.0,0.0,0.0,2700.0,32.0,2677.0,0.997,0.012,4253.0
845190.0,3.0,3.0,0.0,0.0,0.0,2701.0,32.0,2678.0,0.997,0.012,4253.0
845200.0,3.0,3.0,0.0,0.0,0.0,2700.0,31.0,2677.0,0.997,0.012,4261.0
845210.0,3.0,3.0,0.0,0.0,0.0,2701.0,32.0,2678.0,0.997,0.012,4261.0
845220.0,3.0,3.0,0.0,0.0,0.0,2700.0,32.0,2677.0,0.997,0.012,4261.0
845230.0,3.0,3.0,0.0,0.0,0.0,2701.0,31.0,2677.0,0.997,0.012,4261.0
845240.0,3.0,3.0,0.0,0.0,0.0,2701.0,32.0,2677.0,0.997,0.012,4261.0
845250.0,3.0,3.0,0.0,0.0,0.0,2701.0,32.0,2677.0,0.997,0.012,4261.0
845260.0,3.0,3.0,0.0,0.0,0.0,2700.0,31.0,2678.0,0.997,0.012,4261.0
845270.0,3.0,3.0,0.0,0.0,0.0,2701.0,32.0,2677.0,0.997,0.012,4261.0
845280.0,3.0,3.0,0.0,0.0,0.0,2701.0,32.0,2678.0,0.997,0.012,4261.0
845290.0,3.0,3.0,0.0,0.0,0.0,2701.0,30.0,2678.0,0.997,0.012,4261.0
845300.0,3.0,3.0,0.0,0.0,0.0,2700.0,31.0,2678.0,0.997,0.012,4262.0
845310.0,3.0,3.0,0.0,0.0,0.0,2700.0,32.0,2678.0,0.997,0.012,4262.0
845320.0,3.0,3.0,0.0,0.0,0.0,2701.0,32.0,2677.0,0.997,0.012,4262.0
845330.0,3.0,3.0,0.0,0.0,0.0,2700.0,33.0,2678.0,0.997,0.012,4262.0
845340.0,3.0,3.0,0.0,0.0,0.0,2701.0,32.0,2678.0,0.997,0.012,4262.0
845350.0,3.0,3.0,0.0,0.0,0.0,2700.0,32.0,2678.0,0.997,0.012,4262.0
845360.0,3.0,3.0,0.0,0.0,0.0,2700.0,30.0,2678.0,0.997,0.012,4262.0
845370.0,3.0,3.0,0.0,0.0,0.0,2699.0,32.0,2678.0,0.997,0.012,4262.0
845380.0,3.0,3.0,0.0,0.0,0.0,2701.0,32.0,2678.0,0.997,0.012,4262.0
845390.0,3.0,3.0,0.0,0.0,0.0,2701.0,32.0,2678.0,0.997,0.012,4262.0
845400.0,3.0,3.0,0.0,0.0,0.0,2700.0,32.0,2679.0,0.997,0.012,4252.0
845410.0,3.0,3.0,0.0,0.0,0.0,2701.0,32.0,2678.0,0.997,0.012,4252.0
845420.0,3.0,3.0,0.0,0.0,0.0,2701.0,32.0,2677.0,0.997,0.012,4252.0
845430.0,3.0,3.0,0.0,0.0,0.0,2701.0,33.0,2678.0,0.997,0.012,4252.0
845440.0,3.0,3.0,0.0,0.0,0.0,2700.0,32.0,2677.0,0.997,0.012,4252.0
845450.0,3.0,3.0,0.0,0.0,0.0,2701.0,32.0,2678.0,0.997,0.012,4252.0
845460.0,3.0,3.0,0.0,0.0,0.0,2701.0,31.0,2678.0,0.997,0.012,4252.0
845470.0,3.0,3.0,0.0,0.0,0.0,2701.0,31.0,2678.0,0.997,0.012,4252.0
845480.0,3.0,3.0,0.0,0.0,0.0,2702.0,32.0,2678.0,0.997,0.012,4252.0
845490.0,3.0,3.0,0.0,0.0,0.0,2701.0,31.0,2678.0,0.997,0.012,4252.0
845500.0,3.0,3.0,0.0,0.0,0.0,2701.0,32.0,2678.0,0.997,0.012,4261.0
845510.0,3.0,3.0,0.0,0.0,0.0,2701.0,31.0,2678.0,0.997,0.012,4261.0
845520.0,3.0,3.0,0.0,0.0,0.0,2700.0,32.0,2677.0,0.997,0.012,4261.0
845530.0,3.0,3.0,0.0,0.0,0.0,2700.0,32.0,2677.0,0.997,0.012,4261.0
845540.0,3.0,3.0,0.0,0.0,0.0,2700.0,31.0,2678.0,0.997,0.012,4261.0
845550.0,3.0,3.0,0.0,0.0,0.0,2700.0,32.0,2678.0,0.997,0.012,4261.0
845560.0,3.0,3.0,0.0,0.0,0.0,2701.0,31.0,2679.0,0.997,0.012,4261.0
845570.0,3.0,3.0,0.0,0.0,0.0,2700.0,31.0,2678.0,0.997,0.012,4261.0
845580.0,3.0,3.0,0.0,0.0,0.0,2701.0,32.0,2677.0,0.997,0.012,4261.0
845590.0,3.0,3.0,0.0,0.0,0.0,2701.0,31.0,2678.0,0.997,0.012,4261.0
845600.0,3.0,3.0,0.0,0.0,0.0,2701.0,31.0,2678.0,0.997,0.012,4251.0
845610.0,3.0,3.0,0.0,0.0,0.0,2700.0,32.0,2675.0,0.997,0.012,4251.0
845620.0,3.0,3.0,0.0,0.0,0.0,2701.0,32.0,2678.0,0.997,0.012,4251.0
845630.0,3.0,3.0,0.0,0.0,0.0,2701.0,31.0,2678.0,0.997,0.012,4251.0
845640.0,3.0,3.0,0.0,0.0,0.0,2701.0,31.0,2678.0,0.997,0.012,4251.0
845650.0,3.0,3.0,0.0,0.0,0.0,2701.0,31.0,2678.0,0.997,0.012,4252.0
845660.0,3.0,3.0,0.0,0.0,0.0,2700.0,32.0,2681.0,0.997,0.012,4252.0
845670.0,3.0,3.0,0.0,0.0,0.0,2701.0,32.0,2679.0,0.997,0.012,4252.0
845680.0,3.0,3.0,0.0,0.0,0.0,2701.0,31.0,2679.0,0.997,0.012,4252.0
845690.0,3.0,3.0,0.0,0.0,0.0,2700.0,32.0,2678.0,0.997,0.012,4252.0
845700.0,3.0,3.0,0.0,0.0,0.0,2700.0,31.0,2677.0,0.997,0.012,4262.0
845710.0,3.0,3.0,0.0,0.0,0.0,2700.0,32.0,2678.0,0.997,0.012,4262.0
845720.0,3.0,3.0,0.0,0.0,0.0,2701.0,31.0,2676.0,0.997,0.012,4262.0
845730.0,3.0,3.0,0.0,0.0,0.0,2701.0,32.0,2679.0,0.997,0.012,4262.0
845740.0,3.0,3.0,0.0,0.0,0.0,2700.0,32.0,2677.0,0.997,0.012,4262.0
845750.0,3.0,3.0,0.0,0.0,0.0,2701.0,32.0,2676.0,0.997,0.012,4253.0
845760.0,3.0,3.0,0.0,0.0,0.0,2701.0,32.0,2679.0,0.997,0.012,4253.0
845770.0,3.0,3.0,0.0,0.0,0.0,2700.0,32.0,2678.0,0.997,0.012,4253.0
845780.0,3.0,3.0,0.0,0.0,0.0,2701.0,31.0,2678.0,0.997,0.012,4253.0
845790.0,3.0,3.0,0.0,0.0,0.0,2701.0,31.0,2678.0,0.997,0.012,4253.0
845800.0,3.0,3.0,0.0,0.0,0.0,2700.0,31.0,2678.0,0.997,0.012,4252.0
845810.0,3.0,3.0,0.0,0.0,0.0,2700.0,31.0,2676.0,0.997,0.012,4252.0
845820.0,3.0,3.0,0.0,0.0,0.0,2700.0,32.0,2677.0,0.997,0.012,4252.0
845830.0,3.0,3.0,0.0,0.0,0.0,2701.0,31.0,2678.0,0.997,0.012,4252.0
845840.0,3.0,3.0,0.0,0.0,0.0,2701.0,31.0,2678.0,0.997,0.012,4252.0
845850.0,3.0,3.0,0.0,0.0,0.0,2700.0,32.0,2678.0,0.997,0.012,4252.0
845860.0,3.0,3.0,0.0,0.0,0.0,2701.0,32.0,2678.0,0.997,0.012,4252.0
845870.0,3.0,3.0,0.0,0.0,0.0,2701.0,32.0,2679.0,0.997,0.012,4252.0
845880.0,3.0,3.0,0.0,0.0,0.0,2700.0,32.0,2678.0,0.997,0.012,4252.0
845890.0,3.0,3.0,0.0,0.0,0.0,2701.0,31.0,2678.0,0.997,0.012,4252.0
845900.0,3.0,3.0,0.0,0.0,0.0,2700.0,31.0,2680.0,0.997,0.012,4260.0
845910.0,3.0,3.0,0.0,0.0,0.0,2701.0,31.0,2677.0,0.997,0.012,4260.0
845920.0,3.0,3.0,0.0,0.0,0.0,2700.0,32.0,2679.0,0.997,0.012,4260.0
845930.0,3.0,3.0,0.0,0.0,0.0,2701.0,32.0,2679.0,0.997,0.012,4260.0
845940.0,3.0,3.0,0.0,0.0,0.0,2701.0,31.0,2678.0,0.997,0.012,4260.0
845950.0,3.0,3.0,0.0,0.0,0.0,2701.0,31.0,2678.0,0.997,0.012,4260.0
845960.0,3.0,3.0,0.0,0.0,0.0,2700.0,31.0,2678.0,0.997,0.012,4260.0
845970.0,3.0,3.0,0.0,0.0,0.0,2701.0,31.0,2679.0,0.997,0.012,4260.0
845980.0,3.0,3.0,0.0,0.0,0.0,2701.0,32.0,2678.0,0.997,0.012,4260.0
845990.0,3.0,3.0,0.0,0.0,0.0,2700.0,32.0,2679.0,0.997,0.012,4260.0
846000.0,3.0,3.0,0.0,0.0,0.0,2701.0,32.0,2678.0,0.997,0.012,4262.0
846010.0,3.0,3.0,0.0,0.0,0.0,2701.0,32.0,2678.0,0.997,0.012,4262.0
846020.0,3.0,3.0,0.0,0.0,0.0,2701.0,31.0,2679.0,0.997,0.012,4262.0
846030.0,3.0,3.0,0.0,0.0,0.0,2700.0,32.0,2678.0,0.997,0.012,4262.0
846040.0,3.0,3.0,0.0,0.0,0.0,2700.0,32.0,2678.0,0.997,0.012,4262.0
846050.0,3.0,3.0,0.0,0.0,0.0,2700.0,31.0,2678.0,0.997,0.012,4260.0
846060.0,3.0,3.0,0.0,0.0,0.0,2702.0,32.0,2677.0,0.997,0.012,4260.0
846070.0,3.0,3.0,0.0,0.0,0.0,2701.0,32.0,2678.0,0.997,0.012,4260.0
846080.0,3.0,3.0,0.0,0.0,0.0,2701.0,32.0,2677.0,0.997,0.012,4260.0
846090.0,3.0,3.0,0.0,0.0,0.0,2701.0,32.0,2677.0,0.997,0.012,4260.0
846100.0,3.0,3.0,0.0,0.0,0.0,2700.0,31.0,2679.0,0.997,0.012,4261.0
846110.0,3.0,3.0,0.0,0.0,0.0,2701.0,31.0,2679.0,0.997,0.012,4261.0
846120.0,3.0,3.0,0.0,0.0,0.0,2701.0,31.0,2678.0,0.997,0.012,4261.0
846130.0,3.0,3.0,0.0,0.0,0.0,2701.0,31.0,2678.0,0.997,0.012,4261.0
846140.0,3.0,3.0,0.0,0.0,0.0,2700.0,32.0,2677.0,0.997,0.012,4261.0
846150.0,3.0,3.0,0.0,0.0,0.0,2700.0,32.0,2678.0,0.997,0.012,4261.0
846160.0,3.0,3.0,0.0,0.0,0.0,2700.0,31.0,2677.0,0.997,0.012,4261.0
846170.0,3.0,3.0,0.0,0.0,0.0,2701.0,31.0,2678.0,0.997,0.012,4261.0
846180.0,3.0,3.0,0.0,0.0,0.0,2700.0,32.0,2678.0,0.997,0.012,4261.0
846190.0,3.0,3.0,0.0,0.0,0.0,2700.0,32.0,2678.0,0.997,0.012,4261.0
846200.0,3.0,3.0,0.0,0.0,0.0,2700.0,33.0,2678.0,0.997,0.012,4253.0
846210.0,3.0,3.0,0.0,0.0,0.0,2701.0,32.0,2677.0,0.997,0.012,4253.0
846220.0,3.0,3.0,0.0,0.0,0.0,2702.0,31.0,2680.0,0.997,0.012,4253.0
846230.0,3.0,3.0,0.0,0.0,0.0,2702.0,31.0,2677.0,0.997,0.012,4253.0
846240.0,3.0,3.0,0.0,0.0,0.0,2700.0,32.0,2678.0,0.997,0.012,4253.0
846250.0,3.0,3.0,0.0,0.0,0.0,2701.0,31.0,2679.0,0.997,0.012,4261.0
846260.0,3.0,3.0,0.0,0.0,0.0,2701.0,32.0,2678.0,0.997,0.012,4261.0
846270.0,3.0,3.0,0.0,0.0,0.0,2701.0,32.0,2678.0,0.997,0.012,4261.0
846280.0,3.0,3.0,0.0,0.0,0.0,2701.0,32.0,2678.0,0.997,0.012,4261.0
846290.0,3.0,3.0,0.0,0.0,0.0,2701.0,29.0,2678.0,0.997,0.012,4261.0
846300.0,3.0,3.0,0.0,0.0,0.0,2700.0,31.0,2678.0,0.997,0.012,4260.0
846310.0,3.0,3.0,0.0,0.0,0.0,2700.0,32.0,2677.0,0.997,0.012,4260.0
846320.0,3.0,3.0,0.0,0.0,0.0,2701.0,31.0,2676.0,0.997,0.012,4260.0
846330.0,3.0,3.0,0.0,0.0,0.0,2700.0,32.0,2677.0,0.997,0.012,4260.0
846340.0,3.0,3.0,0.0,0.0,0.0,2700.0,32.0,2678.0,0.997,0.012,4260.0
846350.0,3.0,3.0,0.0,0.0,0.0,2701.0,32.0,2679.0,0.997,0.012,4262.0
846360.0,3.0,3.0,0.0,0.0,0.0,2700.0,31.0,2678.0,0.997,0.012,4262.0
846370.0,3.0,3.0,0.0,0.0,0.0,2700.0,31.0,2678.0,0.997,0.012,4262.0
846380.0,3.0,3.0,0.0,0.0,0.0,2700.0,31.0,2678.0,0.997,0.012,4262.0
846390.0,3.0,3.0,0.0,0.0,0.0,2702.0,31.0,2679.0,0.997,0.012,4262.0
846400.0,3.0,3.0,0.0,0.0,0.0,2702.0,32.0,2680.0,0.997,0.012,4252.0
846410.0,3.0,3.0,0.0,0.0,0.0,2701.0,31.0,2678.0,0.997,0.012,4252.0
846420.0,3.0,3.0,0.0,0.0,0.0,2700.0,32.0,2677.0,0.997,0.012,4252.0
846430.0,3.0,3.0,0.0,0.0,0.0,2700.0,32.0,2679.0,0.997,0.012,4252.0
846440.0,3.0,3.0,0.0,0.0,0.0,2701.0,31.0,2678.0,0.997,0.012,4252.0
846450.0,3.0,3.0,0.0,0.0,0.0,2700.0,31.0,2678.0,0.997,0.012,4261.0
846460.0,3.0,3.0,0.0,0.0,0.0,2701.0,32.0,2678.0,0.997,0.012,4261.0
846470.0,3.0,3.0,0.0,0.0,0.0,2701.0,32.0,2679.0,0.997,0.012,4261.0
846480.0,3.0,3.0,0.0,0.0,0.0,2701.0,32.0,2678.0,0.997,0.012,4261.0
846490.0,3.0,3.0,0.0,0.0,0.0,2700.0,31.0,2678.0,0.997,0.012,4261.0
846500.0,3.0,3.0,0.0,0.0,0.0,2701.0,31.0,2678.0,0.997,0.012,4252.0
846510.0,3.0,3.0,0.0,0.0,0.0,2701.0,32.0,2678.0,0.997,0.012,4252.0
846520.0,3.0,3.0,0.0,0.0,0.0,2701.0,32.0,2678.0,0.997,0.012,4252.0
846530.0,3.0,3.0,0.0,0.0,0.0,2701.0,35.0,2679.0,0.997,0.012,4252.0
846540.0,3.0,3.0,0.0,0.0,0.0,2701.0,31.0,2678.0,0.997,0.012,4252.0
846550.0,3.0,3.0,0.0,0.0,0.0,2701.0,31.0,2678.0,0.997,0.012,4261.0
846560.0,3.0,3.0,0.0,0.0,0.0,2700.0,32.0,2679.0,0.997,0.012,4261.0
846570.0,3.0,3.0,0.0,0.0,0.0,2700.0,32.0,2678.0,0.997,0.012,4261.0
846580.0,3.0,3.0,0.0,0.0,0.0,2700.0,31.0,2678.0,0.997,0.012,4261.0
846590.0,3.0,3.0,0.0,0.0,0.0,2700.0,31.0,2677.0,0.997,0.012,4261.0
846600.0,3.0,3.0,0.0,0.0,0.0,2700.0,31.0,2678.0,0.997,0.012,4261.0
846610.0,3.0,3.0,0.0,0.0,0.0,2700.0,31.0,2678.0,0.997,0.012,4261.0
846620.0,3.0,3.0,0.0,0.0,0.0,2701.0,32.0,2677.0,0.997,0.012,4261.0
846630.0,3.0,3.0,0.0,0.0,0.0,2701.0,32.0,2678.0,0.997,0.012,4261.0
846640.0,3.0,3.0,0.0,0.0,0.0,2700.0,32.0,2679.0,0.997,0.012,4261.0
846650.0,3.0,3.0,0.0,0.0,0.0,2700.0,31.0,2678.0,0.997,0.012,4252.0
846660.0,3.0,3.0,0.0,0.0,0.0,2701.0,32.0,2677.0,0.997,0.012,4252.0
846670.0,3.0,3.0,0.0,0.0,0.0,2701.0,31.0,2679.0,0.997,0.012,4252.0
846680.0,3.0,3.0,0.0,0.0,0.0,2700.0,31.0,2677.0,0.997,0.012,4252.0
846690.0,3.0,3.0,0.0,0.0,0.0,2700.0,31.0,2678.0,0.997,0.012,4252.0
846700.0,3.0,3.0,0.0,0.0,0.0,2701.0,31.0,2679.0,0.997,0.012,4252.0
846710.0,3.0,3.0,0.0,0.0,0.0,2701.0,32.0,2678.0,0.997,0.012,4252.0
846720.0,3.0,3.0,0.0,0.0,0.0,2701.0,31.0,2678.0,0.997,0.012,4252.0
846730.0,3.0,3.0,0.0,0.0,0.0,2702.0,31.0,2678.0,0.997,0.012,4252.0
846740.0,3.0,3.0,0.0,0.0,0.0,2701.0,32.0,2678.0,0.997,0.012,4252.0
846750.0,3.0,3.0,0.0,0.0,0.0,2701.0,32.0,2677.0,0.997,0.012,4261.0
846760.0,3.0,3.0,0.0,0.0,0.0,2701.0,32.0,2678.0,0.997,0.012,4261.0
846770.0,3.0,3.0,0.0,0.0,0.0,2701.0,31.0,2678.0,0.997,0.012,4261.0
846780.0,3.0,3.0,0.0,0.0,0.0,2701.0,31.0,2678.0,0.997,0.012,4261.0
846790.0,3.0,3.0,0.0,0.0,0.0,2700.0,31.0,2677.0,0.997,0.012,4261.0
846800.0,3.0,3.0,0.0,0.0,0.0,2701.0,31.0,2678.0,0.997,0.012,4261.0
846810.0,3.0,3.0,0.0,0.0,0.0,2701.0,31.0,2679.0,0.997,0.012,4261.0
846820.0,3.0,3.0,0.0,0.0,0.0,2701.0,31.0,2679.0,0.997,0.012,4261.0
846830.0,3.0,3.0,0.0,0.0,0.0,2700.0,31.0,2678.0,0.997,0.012,4261.0
846840.0,3.0,3.0,0.0,0.0,0.0,2701.0,31.0,2678.0,0.997,0.012,4261.0
846850.0,3.0,3.0,0.0,0.0,0.0,2701.0,32.0,2678.0,0.997,0.012,4260.0
846860.0,3.0,3.0,0.0,0.0,0.0,2701.0,31.0,2679.0,0.997,0.012,4260.0
846870.0,3.0,3.0,0.0,0.0,0.0,2701.0,32.0,2677.0,0.997,0.012,4260.0
846880.0,3.0,3.0,0.0,0.0,0.0,2700.0,32.0,2678.0,0.997,0.012,4260.0
846890.0,3.0,3.0,0.0,0.0,0.0,2700.0,32.0,2678.0,0.997,0.012,4260.0
846900.0,3.0,3.0,0.0,0.0,0.0,2701.0,31.0,2679.0,0.997,0.012,4261.0
846910.0,3.0,3.0,0.0,0.0,0.0,2702.0,31.0,2679.0,0.997,0.012,4261.0
846920.0,3.0,3.0,0.0,0.0,0.0,2701.0,31.0,2677.0,0.997,0.012,4261.0
846930.0,3.0,3.0,0.0,0.0,0.0,2701.0,31.0,2678.0,0.997,0.012,4261.0
846940.0,3.0,3.0,0.0,0.0,0.0,2701.0,32.0,2679.0,0.997,0.012,4261.0
846950.0,3.0,3.0,0.0,0.0,0.0,2701.0,29.0,2677.0,0.997,0.012,4261.0
846960.0,3.0,3.0,0.0,0.0,0.0,2701.0,31.0,2678.0,0.997,0.012,4261.0
846970.0,3.0,3.0,0.0,0.0,0.0,2701.0,32.0,2679.0,0.997,0.012,4261.0
846980.0,3.0,3.0,0.0,0.0,0.0,2701.0,31.0,2677.0,0.997,0.012,4261.0
846990.0,3.0,3.0,0.0,0.0,0.0,2700.0,32.0,2677.0,0.997,0.012,4261.0
847000.0,3.0,3.0,0.0,0.0,0.0,2701.0,34.0,2677.0,0.997,0.012,4262.0
847010.0,3.0,3.0,0.0,0.0,0.0,2700.0,32.0,2677.0,0.997,0.012,4262.0
847020.0,3.0,3.0,0.0,0.0,0.0,2700.0,31.0,2683.0,0.997,0.012,4262.0
847030.0,3.0,3.0,0.0,0.0,0.0,2701.0,31.0,2679.0,0.997,0.012,4262.0
847040.0,3.0,3.0,0.0,0.0,0.0,2700.0,32.0,2678.0,0.997,0.012,4262.0
847050.0,3.0,3.0,0.0,0.0,0.0,2700.0,31.0,2678.0,0.997,0.012,4261.0
847060.0,3.0,3.0,0.0,0.0,0.0,2701.0,31.0,2678.0,0.997,0.012,4261.0
847070.0,3.0,3.0,0.0,0.0,0.0,2701.0,32.0,2675.0,0.997,0.012,4261.0
847080.0,3.0,3.0,0.0,0.0,0.0,2701.0,31.0,2679.0,0.997,0.012,4261.0
847090.0,3.0,3.0,0.0,0.0,0.0,2700.0,31.0,2678.0,0.997,0.012,4261.0
847100.0,3.0,3.0,0.0,0.0,0.0,2700.0,32.0,2677.0,0.997,0.012,4260.0
847110.0,3.0,3.0,0.0,0.0,0.0,2699.0,31.0,2678.0,0.997,0.012,4260.0
847120.0,3.0,3.0,0.0,0.0,0.0,2700.0,31.0,2679.0,0.997,0.012,4260.0
847130.0,3.0,3.0,0.0,0.0,0.0,2701.0,31.0,2678.0,0.997,0.012,4260.0
847140.0,3.0,3.0,0.0,0.0,0.0,2700.0,31.0,2677.0,0.997,0.012,4260.0
847150.0,3.0,3.0,0.0,0.0,0.0,2700.0,31.0,2679.0,0.997,0.012,4252.0
847160.0,3.0,3.0,0.0,0.0,0.0,2700.0,31.0,2678.0,0.997,0.012,4252.0
847170.0,3.0,3.0,0.0,0.0,0.0,2701.0,31.0,2678.0,0.997,0.012,4252.0
847180.0,3.0,3.0,0.0,0.0,0.0,2701.0,31.0,2678.0,0.997,0.012,4252.0
847190.0,3.0,3.0,0.0,0.0,0.0,2700.0,30.0,2678.0,0.997,0.012,4252.0
847200.0,3.0,3.0,0.0,0.0,0.0,2700.0,31.0,2679.0,0.997,0.012,4262.0
847210.0,3.0,3.0,0.0,0.0,0.0,2700.0,31.0,2677.0,0.997,0.012,4262.0
847220.0,3.0,3.0,0.0,0.0,0.0,2700.0,31.0,2677.0,0.997,0.012,4262.0
847230.0,3.0,3.0,0.0,0.0,0.0,2701.0,31.0,2678.0,0.997,0.012,4262.0
847240.0,3.0,3.0,0.0,0.0,0.0,2701.0,31.0,2678.0,0.997,0.012,4262.0
847250.0,3.0,3.0,0.0,0.0,0.0,2700.0,31.0,2678.0,0.997,0.012,4261.0
847260.0,3.0,3.0,0.0,0.0,0.0,2701.0,30.0,2677.0,0.997,0.012,4261.0
847270.0,3.0,3.0,0.0,0.0,0.0,2700.0,31.0,2676.0,0.997,0.012,4261.0
847280.0,3.0,3.0,0.0,0.0,0.0,2701.0,31.0,2678.0,0.997,0.012,4261.0
847290.0,3.0,3.0,0.0,0.0,0.0,2701.0,31.0,2678.0,0.997,0.012,4261.0
847300.0,3.0,3.0,0.0,0.0,0.0,2701.0,31.0,2679.0,0.997,0.012,4261.0
847310.0,3.0,3.0,0.0,0.0,0.0,2701.0,31.0,2678.0,0.997,0.012,4261.0
847320.0,3.0,3.0,0.0,0.0,0.0,2700.0,31.0,2677.0,0.997,0.012,4261.0
847330.0,3.0,3.0,0.0,0.0,0.0,2701.0,31.0,2677.0,0.997,0.012,4261.0
847340.0,3.0,3.0,0.0,0.0,0.0,2700.0,31.0,2678.0,0.997,0.012,4261.0
847350.0,3.0,3.0,0.0,0.0,0.0,2701.0,31.0,2678.0,0.997,0.012,4253.0
847360.0,3.0,3.0,0.0,0.0,0.0,2700.0,31.0,2678.0,0.997,0.012,4253.0
847370.0,3.0,3.0,0.0,0.0,0.0,2700.0,32.0,2678.0,0.997,0.012,4253.0
847380.0,3.0,3.0,0.0,0.0,0.0,2701.0,31.0,2678.0,0.997,0.012,4253.0
847390.0,3.0,3.0,0.0,0.0,0.0,2700.0,31.0,2677.0,0.997,0.012,4253.0
847400.0,3.0,3.0,0.0,0.0,0.0,2701.0,32.0,2678.0,0.997,0.012,4261.0
847410.0,3.0,3.0,0.0,0.0,0.0,2701.0,31.0,2679.0,0.997,0.012,4261.0
847420.0,3.0,3.0,0.0,0.0,0.0,2700.0,31.0,2678.0,0.997,0.012,4261.0
847430.0,3.0,3.0,0.0,0.0,0.0,2701.0,31.0,2678.0,0.997,0.012,4261.0
847440.0,3.0,3.0,0.0,0.0,0.0,2702.0,31.0,2679.0,0.997,0.012,4261.0
847450.0,3.0,3.0,0.0,0.0,0.0,2700.0,31.0,2678.0,0.997,0.012,4260.0
847460.0,3.0,3.0,0.0,0.0,0.0,2700.0,31.0,2678.0,0.997,0.012,4260.0
847470.0,3.0,3.0,0.0,0.0,0.0,2701.0,31.0,2678.0,0.997,0.012,4260.0
847480.0,3.0,3.0,0.0,0.0,0.0,2701.0,31.0,2678.0,0.997,0.012,4260.0
847490.0,3.0,3.0,0.0,0.0,0.0,2701.0,30.0,2678.0,0.997,0.012,4260.0
847500.0,3.0,3.0,0.0,0.0,0.0,2701.0,31.0,2678.0,0.997,0.012,4252.0
847510.0,3.0,3.0,0.0,0.0,0.0,2701.0,31.0,2677.0,0.997,0.012,4252.0
847520.0,3.0,3.0,0.0,0.0,0.0,2700.0,31.0,2677.0,0.997,0.012,4252.0
847530.0,3.0,3.0,0.0,0.0,0.0,2700.0,31.0,2677.0,0.997,0.012,4252.0
847540.0,3.0,3.0,0.0,0.0,0.0,2701.0,31.0,2677.0,0.997,0.012,4252.0
847550.0,3.0,3.0,0.0,0.0,0.0,2701.0,31.0,2678.0,0.997,0.012,4253.0
847560.0,3.0,3.0,0.0,0.0,0.0,2701.0,30.0,2679.0,0.997,0.012,4253.0
847570.0,3.0,3.0,0.0,0.0,0.0,2701.0,31.0,2678.0,0.997,0.012,4253.0
847580.0,3.0,3.0,0.0,0.0,0.0,2701.0,31.0,2678.0,0.997,0.012,4253.0
847590.0,3.0,3.0,0.0,0.0,0.0,2701.0,31.0,2679.0,0.997,0.012,4253.0
847600.0,3.0,3.0,0.0,0.0,0.0,2701.0,31.0,2678.0,0.997,0.012,4261.0
847610.0,3.0,3.0,0.0,0.0,0.0,2700.0,31.0,2677.0,0.997,0.012,4261.0
847620.0,3.0,3.0,0.0,0.0,0.0,2700.0,31.0,2677.0,0.997,0.012,4261.0
847630.0,3.0,3.0,0.0,0.0,0.0,2700.0,30.0,2677.0,0.997,0.012,4261.0
847640.0,3.0,3.0,0.0,0.0,0.0,2701.0,30.0,2679.0,0.997,0.012,4261.0
847650.0,3.0,3.0,0.0,0.0,0.0,2700.0,31.0,2678.0,0.997,0.012,4252.0
847660.0,3.0,3.0,0.0,0.0,0.0,2701.0,31.0,2678.0,0.997,0.012,4252.0
847670.0,3.0,3.0,0.0,0.0,0.0,2700.0,31.0,2678.0,0.997,0.012,4252.0
847680.0,3.0,3.0,0.0,0.0,0.0,2701.0,30.0,2677.0,0.997,0.012,4252.0
847690.0,3.0,3.0,0.0,0.0,0.0,2701.0,31.0,2679.0,0.997,0.012,4252.0
847700.0,3.0,3.0,0.0,0.0,0.0,2701.0,31.0,2678.0,0.997,0.012,4261.0
847710.0,3.0,3.0,0.0,0.0,0.0,2700.0,31.0,2678.0,0.997,0.012,4261.0
847720.0,3.0,3.0,0.0,0.0,0.0,2700.0,30.0,2677.0,0.997,0.012,4261.0
847730.0,3.0,3.0,0.0,0.0,0.0,2701.0,31.0,2678.0,0.997,0.012,4261.0
847740.0,3.0,3.0,0.0,0.0,0.0,2701.0,31.0,2678.0,0.997,0.012,4261.0
847750.0,3.0,3.0,0.0,0.0,0.0,2701.0,31.0,2679.0,0.997,0.012,4260.0
847760.0,3.0,3.0,0.0,0.0,0.0,2701.0,31.0,2678.0,0.997,0.012,4260.0
847770.0,3.0,3.0,0.0,0.0,0.0,2700.0,31.0,2678.0,0.997,0.012,4260.0
847780.0,3.0,3.0,0.0,0.0,0.0,2700.0,31.0,2677.0,0.997,0.012,4260.0
847790.0,3.0,3.0,0.0,0.0,0.0,2700.0,29.0,2677.0,0.997,0.012,4260.0
847800.0,3.0,3.0,0.0,0.0,0.0,2700.0,31.0,2677.0,0.997,0.012,4262.0
847810.0,3.0,3.0,0.0,0.0,0.0,2700.0,31.0,2679.0,0.997,0.012,4262.0
847820.0,3.0,3.0,0.0,0.0,0.0,2701.0,30.0,2678.0,0.997,0.012,4262.0
847830.0,3.0,3.0,0.0,0.0,0.0,2701.0,31.0,2678.0,0.997,0.012,4262.0
847840.0,3.0,3.0,0.0,0.0,0.0,2700.0,31.0,2678.0,0.997,0.012,4262.0
847850.0,3.0,3.0,0.0,0.0,0.0,2701.0,31.0,2678.0,0.997,0.012,4252.0
847860.0,3.0,3.0,0.0,0.0,0.0,2700.0,31.0,2677.0,0.997,0.012,4252.0
847870.0,3.0,3.0,0.0,0.0,0.0,2700.0,31.0,2679.0,0.997,0.012,4252.0
847880.0,3.0,3.0,0.0,0.0,0.0,2700.0,31.0,2677.0,0.997,0.012,4252.0
847890.0,3.0,3.0,0.0,0.0,0.0,2700.0,31.0,2678.0,0.997,0.012,4252.0
847900.0,3.0,3.0,0.0,0.0,0.0,2701.0,31.0,2677.0,0.997,0.012,4261.0
847910.0,3.0,3.0,0.0,0.0,0.0,2700.0,31.0,2678.0,0.997,0.012,4261.0
847920.0,3.0,3.0,0.0,0.0,0.0,2700.0,31.0,2679.0,0.997,0.012,4261.0
847930.0,3.0,3.0,0.0,0.0,0.0,2701.0,31.0,2678.0,0.997,0.012,4261.0
847940.0,3.0,3.0,0.0,0.0,0.0,2701.0,32.0,2678.0,0.997,0.012,4261.0
847950.0,3.0,3.0,0.0,0.0,0.0,2700.0,31.0,2678.0,0.997,0.012,4252.0
847960.0,3.0,3.0,0.0,0.0,0.0,2701.0,31.0,2678.0,0.997,0.012,4252.0
847970.0,3.0,3.0,0.0,0.0,0.0,2701.0,31.0,2678.0,0.997,0.012,4252.0
847980.0,3.0,3.0,0.0,0.0,0.0,2701.0,31.0,2678.0,0.997,0.012,4252.0
847990.0,3.0,3.0,0.0,0.0,0.0,2700.0,31.0,2677.0,0.997,0.012,4252.0
848000.0,3.0,3.0,0.0,0.0,0.0,2700.0,31.0,2678.0,0.997,0.012,4262.0
848010.0,3.0,3.0,0.0,0.0,0.0,2700.0,31.0,2677.0,0.997,0.012,4262.0
848020.0,3.0,3.0,0.0,0.0,0.0,2700.0,31.0,2678.0,0.997,0.012,4262.0
848030.0,3.0,3.0,0.0,0.0,0.0,2701.0,31.0,2678.0,0.997,0.012,4262.0
848040.0,3.0,3.0,0.0,0.0,0.0,2701.0,30.0,2678.0,0.997,0.012,4262.0
848050.0,3.0,3.0,0.0,0.0,0.0,2701.0,31.0,2677.0,0.997,0.012,4260.0
848060.0,3.0,3.0,0.0,0.0,0.0,2700.0,30.0,2678.0,0.997,0.012,4260.0
848070.0,3.0,3.0,0.0,0.0,0.0,2700.0,31.0,2678.0,0.997,0.012,4260.0
848080.0,3.0,3.0,0.0,0.0,0.0,2700.0,31.0,2682.0,0.997,0.012,4260.0
848090.0,3.0,3.0,0.0,0.0,0.0,2700.0,31.0,2678.0,0.997,0.012,4260.0
848100.0,3.0,3.0,0.0,0.0,0.0,2700.0,31.0,2678.0,0.997,0.012,4261.0
848110.0,3.0,3.0,0.0,0.0,0.0,2700.0,31.0,2678.0,0.997,0.012,4261.0
848120.0,3.0,3.0,0.0,0.0,0.0,2701.0,31.0,2680.0,0.997,0.012,4261.0
848130.0,3.0,3.0,0.0,0.0,0.0,2701.0,31.0,2678.0,0.997,0.012,4261.0
848140.0,3.0,3.0,0.0,0.0,0.0,2700.0,31.0,2677.0,0.997,0.012,4261.0
848150.0,3.0,3.0,0.0,0.0,0.0,2700.0,31.0,2677.0,0.997,0.012,4260.0
848160.0,3.0,3.0,0.0,0.0,0.0,2700.0,30.0,2677.0,0.997,0.012,4260.0
848170.0,3.0,3.0,0.0,0.0,0.0,2700.0,31.0,2677.0,0.997,0.012,4260.0
848180.0,3.0,3.0,0.0,0.0,0.0,2701.0,31.0,2678.0,0.997,0.012,4260.0
848190.0,3.0,3.0,0.0,0.0,0.0,2701.0,31.0,2678.0,0.997,0.012,4260.0
848200.0,3.0,3.0,0.0,0.0,0.0,2700.0,32.0,2678.0,0.997,0.012,4252.0
848210.0,3.0,3.0,0.0,0.0,0.0,2700.0,31.0,2678.0,0.997,0.012,4252.0
848220.0,3.0,3.0,0.0,0.0,0.0,2702.0,31.0,2679.0,0.997,0.012,4252.0
848230.0,3.0,3.0,0.0,0.0,0.0,2701.0,31.0,2678.0,0.997,0.012,4252.0
848240.0,3.0,3.0,0.0,0.0,0.0,2701.0,30.0,2678.0,0.997,0.012,4252.0
848250.0,3.0,3.0,0.0,0.0,0.0,2701.0,31.0,2678.0,0.997,0.012,4262.0
848260.0,3.0,3.0,0.0,0.0,0.0,2701.0,30.0,2678.0,0.997,0.012,4262.0
848270.0,3.0,3.0,0.0,0.0,0.0,2700.0,31.0,2677.0,0.997,0.012,4262.0
848280.0,3.0,3.0,0.0,0.0,0.0,2700.0,31.0,2678.0,0.997,0.012,4262.0
848290.0,3.0,3.0,0.0,0.0,0.0,2700.0,31.0,2681.0,0.997,0.012,4262.0
848300.0,3.0,3.0,0.0,0.0,0.0,2700.0,31.0,2677.0,0.997,0.012,4253.0
848310.0,3.0,3.0,0.0,0.0,0.0,2701.0,31.0,2677.0,0.997,0.012,4253.0
848320.0,3.0,3.0,0.0,0.0,0.0,2701.0,31.0,2678.0,0.997,0.012,4253.0
848330.0,3.0,3.0,0.0,0.0,0.0,2701.0,31.0,2678.0,0.997,0.012,4253.0
848340.0,3.0,3.0,0.0,0.0,0.0,2700.0,31.0,2678.0,0.997,0.012,4253.0
848350.0,3.0,3.0,0.0,0.0,0.0,2701.0,31.0,2678.0,0.997,0.012,4252.0
848360.0,3.0,3.0,0.0,0.0,0.0,2700.0,31.0,2679.0,0.997,0.012,4252.0
848370.0,3.0,3.0,0.0,0.0,0.0,2700.0,31.0,2679.0,0.997,0.012,4252.0
848380.0,3.0,3.0,0.0,0.0,0.0,2700.0,31.0,2678.0,0.997,0.012,4252.0
848390.0,3.0,3.0,0.0,0.0,0.0,2700.0,31.0,2677.0,0.997,0.012,4252.0
848400.0,3.0,3.0,0.0,0.0,0.0,2700.0,31.0,2678.0,0.997,0.012,4260.0
848410.0,3.0,3.0,0.0,0.0,0.0,2701.0,31.0,2676.0,0.997,0.012,4260.0
848420.0,3.0,3.0,0.0,0.0,0.0,2701.0,29.0,2679.0,0.997,0.012,4260.0
848430.0,3.0,3.0,0.0,0.0,0.0,2701.0,31.0,2678.0,0.997,0.012,4260.0
848440.0,3.0,3.0,0.0,0.0,0.0,2700.0,31.0,2678.0,0.997,0.012,4260.0
848450.0,3.0,3.0,0.0,0.0,0.0,2700.0,31.0,2677.0,0.997,0.012,4260.0
848460.0,3.0,3.0,0.0,0.0,0.0,2701.0,31.0,2678.0,0.997,0.012,4260.0
848470.0,3.0,3.0,0.0,0.0,0.0,2701.0,30.0,2675.0,0.997,0.012,4260.0
848480.0,3.0,3.0,0.0,0.0,0.0,2701.0,31.0,2678.0,0.997,0.012,4260.0
848490.0,3.0,3.0,0.0,0.0,0.0,2700.0,31.0,2678.0,0.997,0.012,4260.0
848500.0,3.0,3.0,0.0,0.0,0.0,2701.0,31.0,2678.0,0.997,0.012,4251.0
848510.0,3.0,3.0,0.0,0.0,0.0,2701.0,31.0,2678.0,0.997,0.012,4251.0
848520.0,3.0,3.0,0.0,0.0,0.0,2700.0,31.0,2677.0,0.997,0.012,4251.0
848530.0,3.0,3.0,0.0,0.0,0.0,2699.0,31.0,2678.0,0.997,0.012,4251.0
848540.0,3.0,3.0,0.0,0.0,0.0,2701.0,31.0,2678.0,0.997,0.012,4251.0
848550.0,3.0,3.0,0.0,0.0,0.0,2701.0,31.0,2679.0,0.997,0.012,4251.0
848560.0,3.0,3.0,0.0,0.0,0.0,2700.0,31.0,2678.0,0.997,0.012,4251.0
848570.0,3.0,3.0,0.0,0.0,0.0,2700.0,31.0,2677.0,0.997,0.012,4251.0
848580.0,3.0,3.0,0.0,0.0,0.0,2700.0,31.0,2678.0,0.997,0.012,4251.0
848590.0,3.0,3.0,0.0,0.0,0.0,2700.0,31.0,2678.0,0.997,0.012,4251.0
848600.0,3.0,3.0,0.0,0.0,0.0,2701.0,31.0,2678.0,0.997,0.012,4261.0
848610.0,3.0,3.0,0.0,0.0,0.0,2701.0,31.0,2678.0,0.997,0.012,4261.0
848620.0,3.0,3.0,0.0,0.0,0.0,2700.0,31.0,2678.0,0.997,0.012,4261.0
848630.0,3.0,3.0,0.0,0.0,0.0,2700.0,31.0,2677.0,0.997,0.012,4261.0
848640.0,3.0,3.0,0.0,0.0,0.0,2700.0,30.0,2677.0,0.997,0.012,4261.0
848650.0,3.0,3.0,0.0,0.0,0.0,2700.0,31.0,2678.0,0.997,0.012,4261.0
848660.0,3.0,3.0,0.0,0.0,0.0,2701.0,31.0,2677.0,0.997,0.012,4261.0
848670.0,3.0,3.0,0.0,0.0,0.0,2702.0,31.0,2677.0,0.997,0.012,4261.0
848680.0,3.0,3.0,0.0,0.0,0.0,2700.0,31.0,2678.0,0.997,0.012,4261.0
848690.0,3.0,3.0,0.0,0.0,0.0,2700.0,32.0,2678.0,0.997,0.012,4261.0
848700.0,3.0,3.0,0.0,0.0,0.0,2700.0,32.0,2678.0,0.997,0.012,4260.0
848710.0,3.0,3.0,0.0,0.0,0.0,2701.0,30.0,2678.0,0.997,0.012,4260.0
848720.0,3.0,3.0,0.0,0.0,0.0,2700.0,31.0,2679.0,0.997,0.012,4260.0
848730.0,3.0,3.0,0.0,0.0,0.0,2700.0,31.0,2677.0,0.997,0.012,4260.0
848740.0,3.0,3.0,0.0,0.0,0.0,2700.0,30.0,2677.0,0.997,0.012,4260.0
848750.0,3.0,3.0,0.0,0.0,0.0,2700.0,31.0,2677.0,0.997,0.012,4251.0
848760.0,3.0,3.0,0.0,0.0,0.0,2701.0,30.0,2678.0,0.997,0.012,4251.0
848770.0,3.0,3.0,0.0,0.0,0.0,2700.0,31.0,2678.0,0.997,0.012,4251.0
848780.0,3.0,3.0,0.0,0.0,0.0,2701.0,31.0,2678.0,0.997,0.012,4251.0
848790.0,3.0,3.0,0.0,0.0,0.0,2700.0,32.0,2677.0,0.997,0.012,4251.0
848800.0,3.0,3.0,0.0,0.0,0.0,2701.0,31.0,2678.0,0.997,0.012,4261.0
848810.0,3.0,3.0,0.0,0.0,0.0,2701.0,31.0,2679.0,0.997,0.012,4261.0
848820.0,3.0,3.0,0.0,0.0,0.0,2700.0,30.0,2678.0,0.997,0.012,4261.0
848830.0,3.0,3.0,0.0,0.0,0.0,2702.0,31.0,2678.0,0.997,0.012,4261.0
848840.0,3.0,3.0,0.0,0.0,0.0,2700.0,30.0,2678.0,0.997,0.012,4261.0
848850.0,3.0,3.0,0.0,0.0,0.0,2700.0,31.0,2678.0,0.997,0.012,4261.0
848860.0,3.0,3.0,0.0,0.0,0.0,2700.0,31.0,2678.0,0.997,0.012,4261.0
848870.0,3.0,3.0,0.0,0.0,0.0,2700.0,31.0,2678.0,0.997,0.012,4261.0
848880.0,3.0,3.0,0.0,0.0,0.0,2700.0,31.0,2678.0,0.997,0.012,4261.0
848890.0,3.0,3.0,0.0,0.0,0.0,2700.0,30.0,2677.0,0.997,0.012,4261.0
848900.0,3.0,3.0,0.0,0.0,0.0,2701.0,31.0,2678.0,0.997,0.012,4260.0
848910.0,3.0,3.0,0.0,0.0,0.0,2700.0,31.0,2677.0,0.997,0.012,4260.0
848920.0,3.0,3.0,0.0,0.0,0.0,2699.0,30.0,2677.0,0.997,0.012,4260.0
848930.0,3.0,3.0,0.0,0.0,0.0,2701.0,31.0,2678.0,0.997,0.012,4260.0
848940.0,3.0,3.0,0.0,0.0,0.0,2700.0,31.0,2675.0,0.997,0.012,4260.0
848950.0,3.0,3.0,0.0,0.0,0.0,2700.0,31.0,2677.0,0.997,0.012,4261.0
848960.0,3.0,3.0,0.0,0.0,0.0,2701.0,30.0,2678.0,0.997,0.012,4261.0
848970.0,3.0,3.0,0.0,0.0,0.0,2701.0,31.0,2677.0,0.997,0.012,4261.0
848980.0,3.0,3.0,0.0,0.0,0.0,2700.0,31.0,2678.0,0.997,0.012,4261.0
848990.0,3.0,3.0,0.0,0.0,0.0,2701.0,31.0,2678.0,0.997,0.012,4261.0
849000.0,3.0,3.0,0.0,0.0,0.0,2700.0,31.0,2678.0,0.997,0.012,4252.0
849010.0,3.0,3.0,0.0,0.0,0.0,2700.0,31.0,2677.0,0.997,0.012,4252.0
849020.0,3.0,3.0,0.0,0.0,0.0,2700.0,31.0,2678.0,0.997,0.012,4252.0
849030.0,3.0,3.0,0.0,0.0,0.0,2700.0,33.0,2678.0,0.997,0.012,4252.0
849040.0,3.0,3.0,0.0,0.0,0.0,2701.0,31.0,2678.0,0.997,0.012,4252.0
849050.0,3.0,3.0,0.0,0.0,0.0,2701.0,31.0,2679.0,0.997,0.012,4262.0
849060.0,3.0,3.0,0.0,0.0,0.0,2701.0,31.0,2677.0,0.997,0.012,4262.0
849070.0,3.0,3.0,0.0,0.0,0.0,2700.0,31.0,2678.0,0.997,0.012,4262.0
849080.0,3.0,3.0,0.0,0.0,0.0,2701.0,30.0,2677.0,0.997,0.012,4262.0
849090.0,3.0,3.0,0.0,0.0,0.0,2700.0,30.0,2677.0,0.997,0.012,4262.0
849100.0,3.0,3.0,0.0,0.0,0.0,2701.0,31.0,2682.0,0.997,0.012,4261.0
849110.0,3.0,3.0,0.0,0.0,0.0,2701.0,31.0,2679.0,0.997,0.012,4261.0
849120.0,3.0,3.0,0.0,0.0,0.0,2701.0,30.0,2678.0,0.997,0.012,4261.0
849130.0,3.0,3.0,0.0,0.0,0.0,2700.0,31.0,2677.0,0.997,0.012,4261.0
849140.0,3.0,3.0,0.0,0.0,0.0,2701.0,30.0,2678.0,0.997,0.012,4261.0
849150.0,3.0,3.0,0.0,0.0,0.0,2701.0,31.0,2678.0,0.997,0.012,4251.0
849160.0,3.0,3.0,0.0,0.0,0.0,2700.0,31.0,2678.0,0.997,0.012,4251.0
849170.0,3.0,3.0,0.0,0.0,0.0,2700.0,30.0,2677.0,0.997,0.012,4251.0
849180.0,3.0,3.0,0.0,0.0,0.0,2699.0,31.0,2678.0,0.997,0.012,4251.0
849190.0,3.0,3.0,0.0,0.0,0.0,2700.0,31.0,2678.0,0.997,0.012,4251.0
849200.0,3.0,3.0,0.0,0.0,0.0,2701.0,31.0,2678.0,0.997,0.012,4260.0
849210.0,3.0,3.0,0.0,0.0,0.0,2701.0,31.0,2678.0,0.997,0.012,4260.0
849220.0,3.0,3.0,0.0,0.0,0.0,2700.0,30.0,2677.0,0.997,0.012,4260.0
849230.0,3.0,3.0,0.0,0.0,0.0,2700.0,30.0,2678.0,0.997,0.012,4260.0
849240.0,3.0,3.0,0.0,0.0,0.0,2702.0,31.0,2678.0,0.997,0.012,4260.0
849250.0,3.0,3.0,0.0,0.0,0.0,2701.0,31.0,2679.0,0.997,0.012,4261.0
849260.0,3.0,3.0,0.0,0.0,0.0,2700.0,31.0,2678.0,0.997,0.012,4261.0
849270.0,3.0,3.0,0.0,0.0,0.0,2700.0,32.0,2678.0,0.997,0.012,4261.0
849280.0,3.0,3.0,0.0,0.0,0.0,2701.0,31.0,2678.0,0.997,0.012,4261.0
849290.0,3.0,3.0,0.0,0.0,0.0,2701.0,31.0,2678.0,0.997,0.012,4261.0
849300.0,3.0,3.0,0.0,0.0,0.0,2701.0,31.0,2677.0,0.997,0.012,4262.0
849310.0,3.0,3.0,0.0,0.0,0.0,2701.0,31.0,2678.0,0.997,0.012,4262.0
849320.0,3.0,3.0,0.0,0.0,0.0,2700.0,31.0,2678.0,0.997,0.012,4262.0
849330.0,3.0,3.0,0.0,0.0,0.0,2700.0,31.0,2679.0,0.997,0.012,4262.0
849340.0,3.0,3.0,0.0,0.0,0.0,2701.0,30.0,2678.0,0.997,0.012,4262.0
849350.0,3.0,3.0,0.0,0.0,0.0,2701.0,31.0,2679.0,0.997,0.012,4252.0
849360.0,3.0,3.0,0.0,0.0,0.0,2700.0,31.0,2678.0,0.997,0.012,4252.0
849370.0,3.0,3.0,0.0,0.0,0.0,2700.0,32.0,2678.0,0.997,0.012,4252.0
849380.0,3.0,3.0,0.0,0.0,0.0,2700.0,31.0,2677.0,0.997,0.012,4252.0
849390.0,3.0,3.0,0.0,0.0,0.0,2701.0,31.0,2678.0,0.997,0.012,4252.0
849400.0,3.0,3.0,0.0,0.0,0.0,2702.0,31.0,2678.0,0.997,0.012,4260.0
849410.0,3.0,3.0,0.0,0.0,0.0,2700.0,30.0,2677.0,0.997,0.012,4260.0
849420.0,3.0,3.0,0.0,0.0,0.0,2701.0,31.0,2678.0,0.997,0.012,4260.0
849430.0,3.0,3.0,0.0,0.0,0.0,2701.0,31.0,2677.0,0.997,0.012,4260.0
849440.0,3.0,3.0,0.0,0.0,0.0,2700.0,31.0,2678.0,0.997,0.012,4260.0
849450.0,3.0,3.0,0.0,0.0,0.0,2700.0,31.0,2679.0,0.997,0.012,4252.0
849460.0,3.0,3.0,0.0,0.0,0.0,2699.0,30.0,2678.0,0.997,0.012,4252.0
849470.0,3.0,3.0,0.0,0.0,0.0,2699.0,31.0,2676.0,0.997,0.012,4252.0
849480.0,3.0,3.0,0.0,0.0,0.0,2701.0,31.0,2678.0,0.997,0.012,4252.0
849490.0,3.0,3.0,0.0,0.0,0.0,2700.0,31.0,2678.0,0.997,0.012,4252.0
849500.0,3.0,3.0,0.0,0.0,0.0,2700.0,31.0,2677.0,0.997,0.012,4252.0
849510.0,3.0,3.0,0.0,0.0,0.0,2700.0,31.0,2678.0,0.997,0.012,4252.0
849520.0,3.0,3.0,0.0,0.0,0.0,2701.0,31.0,2679.0,0.997,0.012,4252.0
849530.0,3.0,3.0,0.0,0.0,0.0,2700.0,31.0,2677.0,0.997,0.012,4252.0
849540.0,3.0,3.0,0.0,0.0,0.0,2701.0,31.0,2678.0,0.997,0.012,4252.0
849550.0,3.0,3.0,0.0,0.0,0.0,2700.0,31.0,2678.0,0.997,0.012,4261.0
849560.0,3.0,3.0,0.0,0.0,0.0,2701.0,31.0,2677.0,0.997,0.012,4261.0
849570.0,3.0,3.0,0.0,0.0,0.0,2700.0,31.0,2678.0,0.997,0.012,4261.0
849580.0,3.0,3.0,0.0,0.0,0.0,2701.0,31.0,2678.0,0.997,0.012,4261.0
849590.0,3.0,3.0,0.0,0.0,0.0,2700.0,32.0,2678.0,0.997,0.012,4261.0
849600.0,3.0,3.0,0.0,0.0,0.0,2701.0,32.0,2678.0,0.997,0.012,4261.0
849610.0,3.0,3.0,0.0,0.0,0.0,2701.0,31.0,2678.0,0.997,0.012,4261.0
849620.0,3.0,3.0,0.0,0.0,0.0,2700.0,31.0,2678.0,0.997,0.012,4261.0
849630.0,3.0,3.0,0.0,0.0,0.0,2700.0,31.0,2678.0,0.997,0.012,4261.0
849640.0,3.0,3.0,0.0,0.0,0.0,2700.0,31.0,2678.0,0.997,0.012,4261.0
849650.0,3.0,3.0,0.0,0.0,0.0,2700.0,31.0,2678.0,0.997,0.012,4261.0
849660.0,3.0,3.0,0.0,0.0,0.0,2700.0,31.0,2677.0,0.997,0.012,4261.0
849670.0,3.0,3.0,0.0,0.0,0.0,2700.0,31.0,2679.0,0.997,0.012,4261.0
849680.0,3.0,3.0,0.0,0.0,0.0,2701.0,31.0,2678.0,0.997,0.012,4261.0
849690.0,3.0,3.0,0.0,0.0,0.0,2701.0,31.0,2678.0,0.997,0.012,4261.0
849700.0,3.0,3.0,0.0,0.0,0.0,2701.0,30.0,2678.0,0.997,0.012,4251.0
849710.0,3.0,3.0,0.0,0.0,0.0,2701.0,30.0,2678.0,0.997,0.012,4251.0
849720.0,3.0,3.0,0.0,0.0,0.0,2701.0,34.0,2678.0,0.997,0.012,4251.0
849730.0,3.0,3.0,0.0,0.0,0.0,2700.0,31.0,2677.0,0.997,0.012,4251.0
849740.0,3.0,3.0,0.0,0.0,0.0,2701.0,30.0,2678.0,0.997,0.012,4251.0
849750.0,3.0,3.0,0.0,0.0,0.0,2700.0,30.0,2676.0,0.997,0.012,4260.0
849760.0,3.0,3.0,0.0,0.0,0.0,2700.0,31.0,2678.0,0.997,0.012,4260.0
849770.0,3.0,3.0,0.0,0.0,0.0,2701.0,31.0,2678.0,0.997,0.012,4260.0
849780.0,3.0,3.0,0.0,0.0,0.0,2700.0,31.0,2678.0,0.997,0.012,4260.0
849790.0,3.0,3.0,0.0,0.0,0.0,2701.0,30.0,2678.0,0.997,0.012,4260.0
849800.0,3.0,3.0,0.0,0.0,0.0,2700.0,31.0,2678.0,0.997,0.012,4261.0
849810.0,3.0,3.0,0.0,0.0,0.0,2699.0,30.0,2677.0,0.997,0.012,4261.0
849820.0,3.0,3.0,0.0,0.0,0.0,2701.0,31.0,2678.0,0.997,0.012,4261.0
849830.0,3.0,3.0,0.0,0.0,0.0,2700.0,31.0,2677.0,0.997,0.012,4261.0
849840.0,3.0,3.0,0.0,0.0,0.0,2701.0,31.0,2677.0,0.997,0.012,4261.0
849850.0,3.0,3.0,0.0,0.0,0.0,2700.0,31.0,2678.0,0.997,0.012,4261.0
849860.0,3.0,3.0,0.0,0.0,0.0,2700.0,30.0,2677.0,0.997,0.012,4261.0
849870.0,3.0,3.0,0.0,0.0,0.0,2701.0,32.0,2677.0,0.997,0.012,4261.0
849880.0,3.0,3.0,0.0,0.0,0.0,2700.0,31.0,2678.0,0.997,0.012,4261.0
849890.0,3.0,3.0,0.0,0.0,0.0,2700.0,31.0,2677.0,0.997,0.012,4261.0
849900.0,3.0,3.0,0.0,0.0,0.0,2700.0,31.0,2678.0,0.997,0.012,4251.0
849910.0,3.0,3.0,0.0,0.0,0.0,2700.0,31.0,2679.0,0.997,0.012,4251.0
849920.0,3.0,3.0,0.0,0.0,0.0,2700.0,31.0,2676.0,0.997,0.012,4251.0
849930.0,3.0,3.0,0.0,0.0,0.0,2700.0,31.0,2678.0,0.997,0.012,4251.0
849940.0,3.0,3.0,0.0,0.0,0.0,2700.0,31.0,2678.0,0.997,0.012,4251.0
849950.0,3.0,3.0,0.0,0.0,0.0,2701.0,31.0,2678.0,0.997,0.012,4261.0
849960.0,3.0,3.0,0.0,0.0,0.0,2700.0,31.0,2678.0,0.997,0.012,4261.0
849970.0,3.0,3.0,0.0,0.0,0.0,2700.0,31.0,2678.0,0.997,0.012,4261.0
849980.0,3.0,3.0,0.0,0.0,0.0,2700.0,31.0,2677.0,0.997,0.012,4261.0
849990.0,3.0,3.0,0.0,0.0,0.0,2701.0,31.0,2678.0,0.997,0.012,4261.0
850000.0,3.0,3.0,0.0,0.0,0.0,2700.0,31.0,2676.0,0.997,0.012,4261.0
850010.0,3.0,3.0,0.0,0.0,0.0,2701.0,31.0,2679.0,0.997,0.012,4261.0
850020.0,3.0,3.0,0.0,0.0,0.0,2701.0,30.0,2679.0,0.997,0.012,4261.0
850030.0,3.0,3.0,0.0,0.0,0.0,2700.0,30.0,2677.0,0.997,0.012,4261.0
850040.0,3.0,3.0,0.0,0.0,0.0,2701.0,31.0,2678.0,0.997,0.012,4261.0
850050.0,3.0,3.0,0.0,0.0,0.0,2700.0,32.0,2679.0,0.997,0.012,4253.0
850060.0,3.0,3.0,0.0,0.0,0.0,2701.0,30.0,2677.0,0.997,0.012,4253.0
850070.0,3.0,3.0,0.0,0.0,0.0,2701.0,31.0,2678.0,0.997,0.012,4253.0
850080.0,3.0,3.0,0.0,0.0,0.0,2700.0,31.0,2679.0,0.997,0.012,4253.0
850090.0,3.0,3.0,0.0,0.0,0.0,2701.0,31.0,2678.0,0.997,0.012,4253.0
850100.0,3.0,3.0,0.0,0.0,0.0,2701.0,31.0,2678.0,0.997,0.012,4261.0
850110.0,3.0,3.0,0.0,0.0,0.0,2701.0,31.0,2677.0,0.997,0.012,4261.0
850120.0,3.0,3.0,0.0,0.0,0.0,2700.0,31.0,2677.0,0.997,0.012,4261.0
850130.0,3.0,3.0,0.0,0.0,0.0,2701.0,31.0,2678.0,0.997,0.012,4261.0
850140.0,3.0,3.0,0.0,0.0,0.0,2701.0,30.0,2678.0,0.997,0.012,4261.0
850150.0,3.0,3.0,0.0,0.0,0.0,2703.0,31.0,2677.0,0.997,0.012,4260.0
850160.0,3.0,3.0,0.0,0.0,0.0,2700.0,31.0,2680.0,0.997,0.012,4260.0
850170.0,3.0,3.0,0.0,0.0,0.0,2700.0,31.0,2677.0,0.997,0.012,4260.0
850180.0,3.0,3.0,0.0,0.0,0.0,2700.0,30.0,2678.0,0.997,0.012,4260.0
850190.0,3.0,3.0,0.0,0.0,0.0,2700.0,31.0,2678.0,0.997,0.012,4260.0
850200.0,3.0,3.0,0.0,0.0,0.0,2700.0,32.0,2677.0,0.997,0.012,4260.0
850210.0,3.0,3.0,0.0,0.0,0.0,2700.0,31.0,2677.0,0.997,0.012,4260.0
850220.0,3.0,3.0,0.0,0.0,0.0,2701.0,30.0,2678.0,0.997,0.012,4260.0
850230.0,3.0,3.0,0.0,0.0,0.0,2701.0,31.0,2678.0,0.997,0.012,4260.0
850240.0,3.0,3.0,0.0,0.0,0.0,2700.0,31.0,2677.0,0.997,0.012,4260.0
850250.0,3.0,3.0,0.0,0.0,0.0,2700.0,29.0,2678.0,0.997,0.012,4260.0
850260.0,3.0,3.0,0.0,0.0,0.0,2701.0,31.0,2677.0,0.997,0.012,4260.0
850270.0,3.0,3.0,0.0,0.0,0.0,2702.0,31.0,2678.0,0.997,0.012,4260.0
850280.0,3.0,3.0,0.0,0.0,0.0,2701.0,31.0,2677.0,0.997,0.012,4260.0
850290.0,3.0,3.0,0.0,0.0,0.0,2700.0,31.0,2679.0,0.997,0.012,4260.0
850300.0,3.0,3.0,0.0,0.0,0.0,2700.0,32.0,2678.0,0.997,0.012,4261.0
850310.0,3.0,3.0,0.0,0.0,0.0,2701.0,31.0,2678.0,0.997,0.012,4261.0
850320.0,3.0,3.0,0.0,0.0,0.0,2701.0,30.0,2677.0,0.997,0.012,4261.0
850330.0,3.0,3.0,0.0,0.0,0.0,2700.0,31.0,2677.0,0.997,0.012,4261.0
850340.0,3.0,3.0,0.0,0.0,0.0,2701.0,31.0,2678.0,0.997,0.012,4261.0
850350.0,3.0,3.0,0.0,0.0,0.0,2700.0,31.0,2678.0,0.997,0.012,4261.0
850360.0,3.0,3.0,0.0,0.0,0.0,2700.0,31.0,2677.0,0.997,0.012,4261.0
850370.0,3.0,3.0,0.0,0.0,0.0,2700.0,31.0,2682.0,0.997,0.012,4261.0
850380.0,3.0,3.0,0.0,0.0,0.0,2700.0,30.0,2678.0,0.997,0.012,4261.0
850390.0,3.0,3.0,0.0,0.0,0.0,2701.0,31.0,2677.0,0.997,0.012,4261.0
850400.0,3.0,3.0,0.0,0.0,0.0,2700.0,31.0,2678.0,0.997,0.012,4261.0
850410.0,3.0,3.0,0.0,0.0,0.0,2702.0,31.0,2678.0,0.997,0.012,4261.0
850420.0,3.0,3.0,0.0,0.0,0.0,2701.0,31.0,2677.0,0.997,0.012,4261.0
850430.0,3.0,3.0,0.0,0.0,0.0,2701.0,31.0,2677.0,0.997,0.012,4261.0
850440.0,3.0,3.0,0.0,0.0,0.0,2701.0,32.0,2678.0,0.997,0.012,4261.0
850450.0,3.0,3.0,0.0,0.0,0.0,2701.0,31.0,2678.0,0.997,0.012,4252.0
850460.0,3.0,3.0,0.0,0.0,0.0,2701.0,30.0,2677.0,0.997,0.012,4252.0
850470.0,3.0,3.0,0.0,0.0,0.0,2701.0,31.0,2677.0,0.997,0.012,4252.0
850480.0,3.0,3.0,0.0,0.0,0.0,2700.0,31.0,2678.0,0.997,0.012,4252.0
850490.0,3.0,3.0,0.0,0.0,0.0,2701.0,30.0,2678.0,0.997,0.012,4252.0
850500.0,3.0,3.0,0.0,0.0,0.0,2701.0,31.0,2678.0,0.997,0.012,4261.0
850510.0,3.0,3.0,0.0,0.0,0.0,2700.0,31.0,2678.0,0.997,0.012,4261.0
850520.0,3.0,3.0,0.0,0.0,0.0,2700.0,31.0,2678.0,0.997,0.012,4261.0
850530.0,3.0,3.0,0.0,0.0,0.0,2701.0,31.0,2678.0,0.997,0.012,4261.0
850540.0,3.0,3.0,0.0,0.0,0.0,2700.0,31.0,2679.0,0.997,0.012,4261.0
850550.0,3.0,3.0,0.0,0.0,0.0,2701.0,31.0,2678.0,0.997,0.012,4261.0
850560.0,3.0,3.0,0.0,0.0,0.0,2700.0,31.0,2676.0,0.997,0.012,4261.0
850570.0,3.0,3.0,0.0,0.0,0.0,2700.0,31.0,2677.0,0.997,0.012,4261.0
850580.0,3.0,3.0,0.0,0.0,0.0,2700.0,31.0,2677.0,0.997,0.012,4261.0
850590.0,3.0,3.0,0.0,0.0,0.0,2699.0,31.0,2678.0,0.997,0.012,4261.0
850600.0,3.0,3.0,0.0,0.0,0.0,2701.0,27.0,2678.0,0.997,0.012,4261.0
850610.0,3.0,3.0,0.0,0.0,0.0,2701.0,31.0,2678.0,0.997,0.012,4261.0
850620.0,3.0,3.0,0.0,0.0,0.0,2701.0,31.0,2679.0,0.997,0.012,4261.0
850630.0,3.0,3.0,0.0,0.0,0.0,2700.0,31.0,2677.0,0.997,0.012,4261.0
850640.0,3.0,3.0,0.0,0.0,0.0,2700.0,31.0,2678.0,0.997,0.012,4261.0
850650.0,3.0,3.0,0.0,0.0,0.0,2700.0,31.0,2677.0,0.997,0.012,4261.0
850660.0,3.0,3.0,0.0,0.0,0.0,2700.0,33.0,2678.0,0.997,0.012,4261.0
850670.0,3.0,3.0,0.0,0.0,0.0,2701.0,31.0,2677.0,0.997,0.012,4261.0
850680.0,3.0,3.0,0.0,0.0,0.0,2702.0,30.0,2682.0,0.997,0.012,4261.0
850690.0,3.0,3.0,0.0,0.0,0.0,2700.0,32.0,2677.0,0.997,0.012,4261.0
850700.0,3.0,3.0,0.0,0.0,0.0,2699.0,31.0,2678.0,0.997,0.012,4261.0
850710.0,3.0,3.0,0.0,0.0,0.0,2700.0,31.0,2678.0,0.997,0.012,4261.0
850720.0,3.0,3.0,0.0,0.0,0.0,2700.0,31.0,2678.0,0.997,0.012,4261.0
850730.0,3.0,3.0,0.0,0.0,0.0,2701.0,31.0,2678.0,0.997,0.012,4261.0
850740.0,3.0,3.0,0.0,0.0,0.0,2700.0,31.0,2678.0,0.997,0.012,4261.0
850750.0,3.0,3.0,0.0,0.0,0.0,2700.0,30.0,2678.0,0.997,0.012,4260.0
850760.0,3.0,3.0,0.0,0.0,0.0,2701.0,31.0,2678.0,0.997,0.012,4260.0
850770.0,3.0,3.0,0.0,0.0,0.0,2699.0,31.0,2679.0,0.997,0.012,4260.0
850780.0,3.0,3.0,0.0,0.0,0.0,2700.0,31.0,2677.0,0.997,0.012,4260.0
850790.0,3.0,3.0,0.0,0.0,0.0,2701.0,31.0,2677.0,0.997,0.012,4260.0
850800.0,3.0,3.0,0.0,0.0,0.0,2701.0,31.0,2678.0,0.997,0.012,4251.0
850810.0,3.0,3.0,0.0,0.0,0.0,2701.0,31.0,2679.0,0.997,0.012,4251.0
850820.0,3.0,3.0,0.0,0.0,0.0,2701.0,31.0,2678.0,0.997,0.012,4251.0
850830.0,3.0,3.0,0.0,0.0,0.0,2701.0,31.0,2677.0,0.997,0.012,4251.0
850840.0,3.0,3.0,0.0,0.0,0.0,2700.0,31.0,2678.0,0.997,0.012,4251.0
850850.0,3.0,3.0,0.0,0.0,0.0,2701.0,31.0,2678.0,0.997,0.012,4262.0
850860.0,3.0,3.0,0.0,0.0,0.0,2701.0,31.0,2678.0,0.997,0.012,4262.0
850870.0,3.0,3.0,0.0,0.0,0.0,2701.0,30.0,2679.0,0.997,0.012,4262.0
850880.0,3.0,3.0,0.0,0.0,0.0,2700.0,30.0,2678.0,0.997,0.012,4262.0
850890.0,3.0,3.0,0.0,0.0,0.0,2701.0,30.0,2678.0,0.997,0.012,4262.0
850900.0,3.0,3.0,0.0,0.0,0.0,2701.0,31.0,2677.0,0.997,0.012,4262.0
850910.0,3.0,3.0,0.0,0.0,0.0,2701.0,31.0,2678.0,0.997,0.012,4262.0
850920.0,3.0,3.0,0.0,0.0,0.0,2701.0,31.0,2678.0,0.997,0.012,4262.0
850930.0,3.0,3.0,0.0,0.0,0.0,2700.0,30.0,2677.0,0.997,0.012,4262.0
850940.0,3.0,3.0,0.0,0.0,0.0,2700.0,31.0,2678.0,0.997,0.012,4262.0
850950.0,3.0,3.0,0.0,0.0,0.0,2701.0,31.0,2678.0,0.997,0.012,4262.0
850960.0,3.0,3.0,0.0,0.0,0.0,2701.0,31.0,2677.0,0.997,0.012,4262.0
850970.0,3.0,3.0,0.0,0.0,0.0,2700.0,31.0,2678.0,0.997,0.012,4262.0
850980.0,3.0,3.0,0.0,0.0,0.0,2701.0,31.0,2678.0,0.997,0.012,4262.0
850990.0,3.0,3.0,0.0,0.0,0.0,2700.0,31.0,2676.0,0.997,0.012,4262.0
851000.0,3.0,3.0,0.0,0.0,0.0,2701.0,31.0,2679.0,0.997,0.012,4261.0
851010.0,3.0,3.0,0.0,0.0,0.0,2702.0,34.0,2677.0,0.997,0.012,4261.0
851020.0,3.0,3.0,0.0,0.0,0.0,2700.0,30.0,2679.0,0.997,0.012,4261.0
851030.0,3.0,3.0,0.0,0.0,0.0,2701.0,31.0,2677.0,0.997,0.012,4261.0
851040.0,3.0,3.0,0.0,0.0,0.0,2701.0,31.0,2678.0,0.997,0.012,4261.0
851050.0,3.0,3.0,0.0,0.0,0.0,2700.0,30.0,2678.0,0.997,0.012,4253.0
851060.0,3.0,3.0,0.0,0.0,0.0,2701.0,30.0,2677.0,0.997,0.012,4253.0
851070.0,3.0,3.0,0.0,0.0,0.0,2700.0,31.0,2677.0,0.997,0.012,4253.0
851080.0,3.0,3.0,0.0,0.0,0.0,2700.0,31.0,2678.0,0.997,0.012,4253.0
851090.0,3.0,3.0,0.0,0.0,0.0,2700.0,31.0,2678.0,0.997,0.012,4253.0
851100.0,3.0,3.0,0.0,0.0,0.0,2700.0,31.0,2677.0,0.997,0.012,4261.0
851110.0,3.0,3.0,0.0,0.0,0.0,2700.0,30.0,2678.0,0.997,0.012,4261.0
851120.0,3.0,3.0,0.0,0.0,0.0,2700.0,30.0,2677.0,0.997,0.012,4261.0
851130.0,3.0,3.0,0.0,0.0,0.0,2700.0,31.0,2678.0,0.997,0.012,4261.0
851140.0,3.0,3.0,0.0,0.0,0.0,2700.0,31.0,2678.0,0.997,0.012,4261.0
851150.0,3.0,3.0,0.0,0.0,0.0,2700.0,31.0,2679.0,0.997,0.012,4252.0
851160.0,3.0,3.0,0.0,0.0,0.0,2700.0,31.0,2678.0,0.997,0.012,4252.0
851170.0,3.0,3.0,0.0,0.0,0.0,2700.0,31.0,2678.0,0.997,0.012,4252.0
851180.0,3.0,3.0,0.0,0.0,0.0,2700.0,30.0,2678.0,0.997,0.012,4252.0
851190.0,3.0,3.0,0.0,0.0,0.0,2700.0,31.0,2677.0,0.997,0.012,4252.0
851200.0,3.0,3.0,0.0,0.0,0.0,2701.0,31.0,2678.0,0.997,0.012,4252.0
851210.0,3.0,3.0,0.0,0.0,0.0,2701.0,31.0,2678.0,0.997,0.012,4252.0
851220.0,3.0,3.0,0.0,0.0,0.0,2701.0,31.0,2676.0,0.997,0.012,4252.0
851230.0,3.0,3.0,0.0,0.0,0.0,2700.0,30.0,2677.0,0.997,0.012,4252.0
851240.0,3.0,3.0,0.0,0.0,0.0,2702.0,30.0,2677.0,0.997,0.012,4252.0
851250.0,3.0,3.0,0.0,0.0,0.0,2700.0,30.0,2678.0,0.997,0.012,4261.0
851260.0,3.0,3.0,0.0,0.0,0.0,2701.0,30.0,2678.0,0.997,0.012,4261.0
851270.0,3.0,3.0,0.0,0.0,0.0,2700.0,30.0,2678.0,0.997,0.012,4261.0
851280.0,3.0,3.0,0.0,0.0,0.0,2700.0,30.0,2677.0,0.997,0.012,4261.0
851290.0,3.0,3.0,0.0,0.0,0.0,2700.0,30.0,2678.0,0.997,0.012,4261.0
851300.0,3.0,3.0,0.0,0.0,0.0,2701.0,30.0,2679.0,0.997,0.012,4261.0
851310.0,3.0,3.0,0.0,0.0,0.0,2700.0,32.0,2678.0,0.997,0.012,4261.0
851320.0,3.0,3.0,0.0,0.0,0.0,2700.0,31.0,2678.0,0.997,0.012,4261.0
851330.0,3.0,3.0,0.0,0.0,0.0,2700.0,31.0,2677.0,0.997,0.012,4261.0
851340.0,3.0,3.0,0.0,0.0,0.0,2701.0,31.0,2678.0,0.997,0.012,4261.0
851350.0,3.0,3.0,0.0,0.0,0.0,2701.0,30.0,2678.0,0.997,0.012,4262.0
851360.0,3.0,3.0,0.0,0.0,0.0,2700.0,31.0,2679.0,0.997,0.012,4262.0
851370.0,3.0,3.0,0.0,0.0,0.0,2701.0,31.0,2679.0,0.997,0.012,4262.0
851380.0,3.0,3.0,0.0,0.0,0.0,2700.0,31.0,2678.0,0.997,0.012,4262.0
851390.0,3.0,3.0,0.0,0.0,0.0,2701.0,30.0,2678.0,0.997,0.012,4262.0
851400.0,3.0,3.0,0.0,0.0,0.0,2701.0,31.0,2678.0,0.997,0.012,4261.0
851410.0,3.0,3.0,0.0,0.0,0.0,2700.0,31.0,2677.0,0.997,0.012,4261.0
851420.0,3.0,3.0,0.0,0.0,0.0,2700.0,31.0,2678.0,0.997,0.012,4261.0
851430.0,3.0,3.0,0.0,0.0,0.0,2700.0,31.0,2678.0,0.997,0.012,4261.0
851440.0,3.0,3.0,0.0,0.0,0.0,2700.0,30.0,2677.0,0.997,0.012,4261.0
851450.0,3.0,3.0,0.0,0.0,0.0,2701.0,30.0,2677.0,0.997,0.012,4261.0
851460.0,3.0,3.0,0.0,0.0,0.0,2701.0,30.0,2678.0,0.997,0.012,4261.0
851470.0,3.0,3.0,0.0,0.0,0.0,2701.0,31.0,2678.0,0.997,0.012,4261.0
851480.0,3.0,3.0,0.0,0.0,0.0,2701.0,30.0,2677.0,0.997,0.012,4261.0
851490.0,3.0,3.0,0.0,0.0,0.0,2701.0,31.0,2676.0,0.997,0.012,4261.0
851500.0,3.0,3.0,0.0,0.0,0.0,2700.0,31.0,2679.0,0.997,0.012,4261.0
851510.0,3.0,3.0,0.0,0.0,0.0,2702.0,31.0,2679.0,0.997,0.012,4261.0
851520.0,3.0,3.0,0.0,0.0,0.0,2700.0,31.0,2678.0,0.997,0.012,4261.0
851530.0,3.0,3.0,0.0,0.0,0.0,2701.0,31.0,2678.0,0.997,0.012,4261.0
851540.0,3.0,3.0,0.0,0.0,0.0,2701.0,31.0,2678.0,0.997,0.012,4261.0
851550.0,3.0,3.0,0.0,0.0,0.0,2700.0,30.0,2678.0,0.997,0.012,4252.0
851560.0,3.0,3.0,0.0,0.0,0.0,2699.0,31.0,2677.0,0.997,0.012,4252.0
851570.0,3.0,3.0,0.0,0.0,0.0,2700.0,30.0,2678.0,0.997,0.012,4252.0
851580.0,3.0,3.0,0.0,0.0,0.0,2701.0,32.0,2678.0,0.997,0.012,4252.0
851590.0,3.0,3.0,0.0,0.0,0.0,2700.0,31.0,2675.0,0.997,0.012,4252.0
851600.0,3.0,3.0,0.0,0.0,0.0,2700.0,31.0,2677.0,0.997,0.012,4262.0
851610.0,3.0,3.0,0.0,0.0,0.0,2700.0,31.0,2678.0,0.997,0.012,4262.0
851620.0,3.0,3.0,0.0,0.0,0.0,2700.0,31.0,2678.0,0.997,0.012,4262.0
851630.0,3.0,3.0,0.0,0.0,0.0,2700.0,30.0,2678.0,0.997,0.012,4262.0
851640.0,3.0,3.0,0.0,0.0,0.0,2700.0,31.0,2677.0,0.997,0.012,4262.0
851650.0,3.0,3.0,0.0,0.0,0.0,2701.0,30.0,2678.0,0.997,0.012,4261.0
851660.0,3.0,3.0,0.0,0.0,0.0,2702.0,31.0,2678.0,0.997,0.012,4261.0
851670.0,3.0,3.0,0.0,0.0,0.0,2701.0,31.0,2677.0,0.997,0.012,4261.0
851680.0,3.0,3.0,0.0,0.0,0.0,2701.0,31.0,2678.0,0.997,0.012,4261.0
851690.0,3.0,3.0,0.0,0.0,0.0,2701.0,31.0,2678.0,0.997,0.012,4261.0
851700.0,3.0,3.0,0.0,0.0,0.0,2700.0,31.0,2678.0,0.997,0.012,4261.0
851710.0,3.0,3.0,0.0,0.0,0.0,2700.0,31.0,2678.0,0.997,0.012,4261.0
851720.0,3.0,3.0,0.0,0.0,0.0,2701.0,30.0,2678.0,0.997,0.012,4261.0
851730.0,3.0,3.0,0.0,0.0,0.0,2700.0,30.0,2677.0,0.997,0.012,4261.0
851740.0,3.0,3.0,0.0,0.0,0.0,2701.0,31.0,2682.0,0.997,0.012,4261.0
851750.0,3.0,3.0,0.0,0.0,0.0,2701.0,25.0,2679.0,0.997,0.012,4261.0
851760.0,3.0,3.0,0.0,0.0,0.0,2700.0,31.0,2677.0,0.997,0.012,4261.0
851770.0,3.0,3.0,0.0,0.0,0.0,2701.0,30.0,2678.0,0.997,0.012,4261.0
851780.0,3.0,3.0,0.0,0.0,0.0,2701.0,31.0,2678.0,0.997,0.012,4261.0
851790.0,3.0,3.0,0.0,0.0,0.0,2702.0,31.0,2678.0,0.997,0.012,4261.0
851800.0,3.0,3.0,0.0,0.0,0.0,2700.0,31.0,2678.0,0.997,0.012,4261.0
851810.0,3.0,3.0,0.0,0.0,0.0,2700.0,31.0,2677.0,0.997,0.012,4261.0
851820.0,3.0,3.0,0.0,0.0,0.0,2701.0,31.0,2678.0,0.997,0.012,4261.0
851830.0,3.0,3.0,0.0,0.0,0.0,2702.0,31.0,2678.0,0.997,0.012,4261.0
851840.0,3.0,3.0,0.0,0.0,0.0,2701.0,30.0,2677.0,0.997,0.012,4261.0
851850.0,3.0,3.0,0.0,0.0,0.0,2701.0,31.0,2676.0,0.997,0.012,4251.0
851860.0,3.0,3.0,0.0,0.0,0.0,2701.0,34.0,2678.0,0.997,0.012,4251.0
851870.0,3.0,3.0,0.0,0.0,0.0,2701.0,31.0,2678.0,0.997,0.012,4251.0
851880.0,3.0,3.0,0.0,0.0,0.0,2700.0,32.0,2678.0,0.997,0.012,4251.0
851890.0,3.0,3.0,0.0,0.0,0.0,2702.0,34.0,2678.0,0.997,0.012,4251.0
851900.0,3.0,3.0,0.0,0.0,0.0,2700.0,34.0,2677.0,0.997,0.012,4260.0
851910.0,3.0,3.0,0.0,0.0,0.0,2700.0,30.0,2677.0,0.997,0.012,4260.0
851920.0,3.0,3.0,0.0,0.0,0.0,2701.0,32.0,2679.0,0.997,0.012,4260.0
851930.0,3.0,3.0,0.0,0.0,0.0,2701.0,31.0,2673.0,0.997,0.012,4260.0
851940.0,3.0,3.0,0.0,0.0,0.0,2701.0,31.0,2679.0,0.997,0.012,4260.0
851950.0,3.0,3.0,0.0,0.0,0.0,2699.0,34.0,2677.0,0.997,0.012,4252.0
851960.0,3.0,3.0,0.0,0.0,0.0,2701.0,30.0,2677.0,0.997,0.012,4252.0
851970.0,3.0,3.0,0.0,0.0,0.0,2700.0,31.0,2678.0,0.997,0.012,4252.0
851980.0,3.0,3.0,0.0,0.0,0.0,2701.0,31.0,2678.0,0.997,0.012,4252.0
851990.0,3.0,3.0,0.0,0.0,0.0,2701.0,32.0,2677.0,0.997,0.012,4252.0
852000.0,3.0,3.0,0.0,0.0,0.0,2701.0,30.0,2678.0,0.997,0.012,4261.0
852010.0,3.0,3.0,0.0,0.0,0.0,2700.0,31.0,2678.0,0.997,0.012,4261.0
852020.0,3.0,3.0,0.0,0.0,0.0,2701.0,28.0,2679.0,0.997,0.012,4261.0
852030.0,3.0,3.0,0.0,0.0,0.0,2703.0,30.0,2678.0,0.997,0.012,4261.0
852040.0,3.0,3.0,0.0,0.0,0.0,2701.0,31.0,2678.0,0.997,0.012,4261.0
852050.0,3.0,3.0,0.0,0.0,0.0,2702.0,31.0,2681.0,0.997,0.012,4260.0
852060.0,3.0,3.0,0.0,0.0,0.0,2702.0,31.0,2679.0,0.997,0.012,4260.0
852070.0,3.0,3.0,0.0,0.0,0.0,2701.0,31.0,2678.0,0.997,0.012,4260.0
852080.0,3.0,3.0,0.0,0.0,0.0,2700.0,31.0,2678.0,0.997,0.012,4260.0
852090.0,3.0,3.0,0.0,0.0,0.0,2700.0,31.0,2678.0,0.997,0.012,4260.0
852100.0,3.0,3.0,0.0,0.0,0.0,2701.0,31.0,2678.0,0.997,0.012,4261.0
852110.0,3.0,3.0,0.0,0.0,0.0,2701.0,30.0,2678.0,0.997,0.012,4261.0
852120.0,3.0,3.0,0.0,0.0,0.0,2701.0,30.0,2678.0,0.997,0.012,4261.0
852130.0,3.0,3.0,0.0,0.0,0.0,2700.0,30.0,2678.0,0.997,0.012,4261.0
852140.0,3.0,3.0,0.0,0.0,0.0,2699.0,30.0,2679.0,0.997,0.012,4261.0
852150.0,3.0,3.0,0.0,0.0,0.0,2700.0,31.0,2678.0,0.997,0.012,4261.0
852160.0,3.0,3.0,0.0,0.0,0.0,2701.0,31.0,2678.0,0.997,0.012,4261.0
852170.0,3.0,3.0,0.0,0.0,0.0,2701.0,31.0,2678.0,0.997,0.012,4261.0
852180.0,3.0,3.0,0.0,0.0,0.0,2701.0,31.0,2678.0,0.997,0.012,4261.0
852190.0,3.0,3.0,0.0,0.0,0.0,2701.0,30.0,2678.0,0.997,0.012,4261.0
852200.0,3.0,3.0,0.0,0.0,0.0,2701.0,31.0,2678.0,0.997,0.012,4253.0
852210.0,3.0,3.0,0.0,0.0,0.0,2700.0,31.0,2678.0,0.997,0.012,4253.0
852220.0,3.0,3.0,0.0,0.0,0.0,2700.0,31.0,2677.0,0.997,0.012,4253.0
852230.0,3.0,3.0,0.0,0.0,0.0,2700.0,31.0,2678.0,0.997,0.012,4253.0
852240.0,3.0,3.0,0.0,0.0,0.0,2700.0,30.0,2678.0,0.997,0.012,4253.0
852250.0,3.0,3.0,0.0,0.0,0.0,2700.0,30.0,2677.0,0.997,0.012,4261.0
852260.0,3.0,3.0,0.0,0.0,0.0,2701.0,31.0,2677.0,0.997,0.012,4261.0
852270.0,3.0,3.0,0.0,0.0,0.0,2701.0,31.0,2677.0,0.997,0.012,4261.0
852280.0,3.0,3.0,0.0,0.0,0.0,2701.0,31.0,2678.0,0.997,0.012,4261.0
