clase,nombre_clase,subtipo,nivel1,nivel2,nivel3,media1,media2,media3,desv1,desv2,desv3,max1,max2,max3
1,CW,HHL,0.8581,0.7803,0.1259,0.715231,0.560396,-0.747688,0.054690,0.043261,0.061529,0.718611,0.562870,-0.742685
0,Default,LHL,0.1735,0.9229,0.1464,-0.653640,0.844850,-0.707052,0.026673,0.028707,0.018610,-0.650463,0.846759,-0.705463
1,CW,HHL,0.9258,0.7566,0.2115,0.851374,0.512975,-0.576600,0.060850,0.042796,0.065828,0.854167,0.516296,-0.572130
1,CW,HHL,0.8703,0.8672,0.0168,0.738030,0.735136,-0.965854,0.183162,0.023321,0.067044,0.745463,0.737315,-0.960000
2,CCW,LHH,0.2050,0.9446,0.9630,-0.590781,0.889664,0.923927,0.027444,0.038560,0.055661,-0.588426,0.893056,0.927685
0,Default,medio,0.4548,0.7035,0.2724,-0.089633,0.404077,-0.457370,0.121143,0.088053,0.102149,-0.082500,0.410000,-0.453056
1,CW,HHL,0.7070,0.7568,0.1880,0.419780,0.514537,-0.622876,0.214646,0.059576,0.062674,0.437130,0.520463,-0.618148
2,CCW,LHH,0.1033,0.8075,0.8948,-0.793585,0.622995,0.794427,0.075397,0.238819,0.251833,-0.788796,0.642037,0.812222
3,Paro,HLH,0.8136,0.0053,0.8638,0.626374,-0.988571,0.728545,0.052853,0.079701,0.065996,0.631296,-0.982778,0.732963
0,Default,LHL,0.2816,0.8376,0.2568,-0.434745,0.677494,-0.486479,0.048793,0.050896,0.050302,-0.431019,0.682222,-0.482685
3,Paro,HLH,0.9525,0.2064,0.8333,0.904916,-0.584986,0.662271,0.098453,0.385568,0.181428,0.908796,-0.561389,0.667870
3,Paro,HLH,0.7037,0.0228,0.7878,0.407439,-0.955735,0.580906,0.019553,0.046989,0.241640,0.408981,-0.951944,0.598981
3,Paro,HLH,0.7150,0.2881,0.7920,0.431172,-0.422370,0.582807,0.066879,0.042221,0.054396,0.435741,-0.419630,0.586944
2,CCW,LHH,0.1961,0.7930,0.7533,-0.608785,0.586785,0.507471,0.101731,0.074967,0.051170,-0.602593,0.593241,0.511759
1,CW,HHL,0.9918,0.9176,0.0631,0.983857,0.835761,-0.873886,0.008094,0.008810,0.017395,0.984537,0.836296,-0.872500
0,Default,LLH,0.0433,0.1847,0.7188,-0.916302,-0.631840,0.438333,0.100410,0.037708,0.034514,-0.912222,-0.629537,0.440463
1,CW,HHL,0.8942,0.7030,0.1259,0.787711,0.401788,-0.749086,0.039827,0.219189,0.045467,0.790648,0.408519,-0.745278
0,Default,LLL,0.0451,0.1569,0.1541,-0.912052,-0.691470,-0.693831,0.095808,0.236181,0.215842,-0.908519,-0.683148,-0.680463
3,Paro,HLH,0.7586,0.1411,0.9295,0.516198,-0.718316,0.866155,0.046541,0.053818,0.191778,0.519630,-0.715185,0.875556
0,Default,HHH,0.9472,0.9288,0.7013,0.894919,0.858707,0.403657,0.045474,0.087429,0.120650,0.898704,0.863889,0.412130
3,Paro,HLH,0.9464,0.0313,0.8661,0.886979,-0.936791,0.732610,0.267026,0.028968,0.022002,0.895000,-0.934537,0.734722
3,Paro,HLH,0.9607,0.2695,0.9754,0.924334,-0.460341,0.949916,0.110513,0.017034,0.014826,0.932037,-0.458704,0.951019
0,Default,HLL,0.7825,0.2742,0.1540,0.557494,-0.459172,-0.691730,0.314397,0.432626,0.029545,0.566759,-0.430000,-0.689167
1,CW,HHL,0.9397,0.9145,0.1102,0.881178,0.828712,-0.778365,0.099820,0.026742,0.056407,0.890000,0.831296,-0.775185
1,CW,HHL,0.8911,0.7809,0.0123,0.784236,0.564716,-0.975718,0.083692,0.100638,0.011846,0.790556,0.571852,-0.974907
1,CW,HHL,0.9634,0.9505,0.1017,0.927416,0.902668,-0.796736,0.029007,0.043103,0.032059,0.929815,0.905093,-0.794352
3,Paro,HLH,0.8565,0.2214,0.8959,0.709861,-0.552254,0.792338,0.147492,0.221793,0.096510,0.715556,-0.533611,0.800648
1,CW,HHL,0.7822,0.9258,0.0393,0.562891,0.850828,-0.919974,0.053532,0.038760,0.117320,0.566389,0.853981,-0.907315
0,Default,LHL,0.1683,0.7353,0.1872,-0.660411,0.474233,-0.624855,0.295128,0.134062,0.114506,-0.640000,0.494815,-0.615648
2,CCW,LHH,0.0121,0.7387,0.7980,-0.977624,0.476345,0.595775,0.030756,0.042624,0.076522,-0.975093,0.478519,0.600741
0,Default,LLL,0.2082,0.2677,0.2467,-0.584485,-0.467237,-0.505599,0.051566,0.110378,0.083106,-0.579537,-0.460741,-0.501481
1,CW,HHL,0.9041,0.7855,0.0593,0.800200,0.569413,-0.882008,0.208992,0.330213,0.121359,0.810741,0.593796,-0.871852
2,CCW,LHH,0.0182,0.7013,0.7378,-0.963267,0.402185,0.475373,0.076903,0.036005,0.011909,-0.952407,0.403981,0.476389
1,CW,HHL,0.8619,0.8298,0.0123,0.723591,0.654847,-0.974473,0.017359,0.214474,0.014461,0.724722,0.662315,-0.973519
1,CW,HHL,0.9288,0.8324,0.0773,0.859722,0.663715,-0.844355,0.074639,0.023852,0.035685,0.869259,0.665833,-0.841667
1,CW,HHL,0.7012,0.7785,0.2849,0.403516,0.557150,-0.429609,0.059462,0.012859,0.022065,0.408241,0.558148,-0.428241
1,CW,HHL,0.7876,0.8136,0.1932,0.575475,0.627986,-0.613244,0.017028,0.019202,0.020521,0.576574,0.629444,-0.611481
1,CW,HHL,0.9883,0.8202,0.1074,0.976910,0.640417,-0.786577,0.030058,0.026696,0.020168,0.978704,0.642593,-0.785185
2,CCW,LHH,0.0857,0.7952,0.8397,-0.829271,0.590315,0.678368,0.035352,0.031970,0.101410,-0.827037,0.592593,0.680926
1,CW,HHL,0.8579,0.9155,0.1174,0.715596,0.830747,-0.765093,0.016439,0.012796,0.012797,0.716759,0.831759,-0.763981
0,Default,HLL,0.9215,0.1073,0.2633,0.843166,-0.786279,-0.473440,0.019908,0.063837,0.011805,0.844537,-0.783889,-0.472407
3,Paro,HLH,0.9281,0.1848,0.9380,0.854731,-0.631050,0.875816,0.034700,0.030854,0.035989,0.857407,-0.629074,0.878333
0,Default,HLL,0.7901,0.0812,0.1640,0.577613,-0.838264,-0.671574,0.105674,0.083624,0.025581,0.581944,-0.836389,-0.669815
0,Default,movimiento,0.9909,0.7607,0.2183,0.980017,0.522587,-0.078721,0.051723,0.062320,5.000000,0.984907,0.527963,0.320648
1,CW,HHL,0.9005,0.7920,0.0617,0.798183,0.582500,-0.874528,0.157801,0.072896,0.107633,0.807963,0.587500,-0.866111
0,Default,movimiento,0.9038,0.1782,0.7566,0.808440,-0.643516,-0.083238,0.042644,0.066557,5.000000,0.811944,-0.638981,0.401667
1,CW,HHL,0.9884,0.7801,0.2887,0.976623,0.560518,-0.424129,0.073886,0.046158,0.046267,0.980000,0.563889,-0.419815
0,Default,LHL,0.2929,0.7424,0.0516,-0.414774,0.483527,-0.896539,0.089152,0.088264,0.084907,-0.409815,0.488056,-0.889722
3,Paro,HLH,0.9122,0.0102,0.9895,0.824363,-0.980388,0.979277,0.013193,0.026064,0.019328,0.825556,-0.979259,0.981574
0,Default,LLL,0.0803,0.2367,0.2107,-0.843709,-0.527798,-0.579803,0.210199,0.061565,0.033574,-0.835556,-0.523981,-0.577222
2,CCW,LHH,0.2880,0.7552,0.8748,-0.425964,0.514277,0.749835,0.085989,0.187386,0.020425,-0.420833,0.529722,0.751667
3,Paro,HLH,0.7091,0.0687,0.9395,0.417358,-0.868437,0.880553,0.028848,0.167590,0.029065,0.419537,-0.862407,0.883426
0,Default,LLL,0.2232,0.2655,0.2554,-0.558394,-0.472532,-0.489766,0.259304,0.129017,0.088026,-0.551019,-0.467407,-0.483889
0,Default,LLL,0.2756,0.2556,0.2035,-0.448779,-0.489167,-0.593788,0.034087,0.033779,0.022009,-0.446019,-0.486574,-0.592315
0,Default,LHL,0.1194,0.8782,0.0301,-0.761994,0.755744,-0.940090,0.098083,0.210042,0.071045,-0.756389,0.765463,-0.933889
1,CW,HHL,0.9706,0.9433,0.2260,0.941175,0.886600,-0.547419,0.010456,0.021422,0.016263,0.942315,0.887778,-0.546574
3,Paro,HLH,0.9694,0.2071,0.8045,0.939019,-0.585654,0.608976,0.020369,0.028077,0.018725,0.940463,-0.583519,0.610093
3,Paro,HLH,0.9996,0.2539,0.7195,0.996195,-0.491696,0.441476,0.066763,0.048340,0.142801,0.999444,-0.487870,0.462407
3,Paro,HLH,0.9456,0.1701,0.9408,0.891467,-0.659491,0.884893,0.040572,0.020188,0.155308,0.894630,-0.657778,0.896944
1,CW,HHL,0.8453,0.8720,0.2695,0.691279,0.745266,-0.455596,0.045484,0.028899,0.186798,0.694907,0.747222,-0.440185
2,CCW,LHH,0.2084,0.8095,0.9802,-0.582697,0.620110,0.960330,0.024903,0.022698,0.014432,-0.580648,0.622315,0.962037
1,CW,HHL,0.7188,0.9520,0.2200,0.436554,0.906479,-0.559239,0.048960,0.077255,0.092601,0.440463,0.912500,-0.553889
2,CCW,LHH,0.0596,0.7821,0.8175,-0.881739,0.563712,0.636609,0.030931,0.098839,0.036448,-0.879167,0.567407,0.638889
2,CCW,LHH,0.1049,0.7172,0.9642,-0.792807,0.435911,0.925443,0.041519,0.029503,0.032509,-0.789537,0.438981,0.927500
2,CCW,LHH,0.2137,0.7567,0.9878,-0.573721,0.513273,0.976412,0.015598,0.035601,0.048025,-0.572685,0.515370,0.979815
2,CCW,LHH,0.1389,0.8203,0.7452,-0.723429,0.640784,0.489337,0.175942,0.075607,0.069604,-0.715741,0.644907,0.493981
0,Default,medio,0.4137,0.0192,0.8021,-0.171806,-0.959499,0.602326,0.031378,0.031147,0.093293,-0.169074,-0.957407,0.606389
3,Paro,HLH,0.8995,0.0837,0.9435,0.798825,-0.832193,0.887234,0.006955,0.063173,0.011351,0.799444,-0.824352,0.888148
3,Paro,HLH,0.7139,0.0671,0.9089,0.428730,-0.865775,0.816143,0.040991,0.052680,0.037108,0.431852,-0.862593,0.818796
0,Default,HHH,0.7458,0.7485,0.7077,0.491889,0.493206,0.415900,0.050797,0.161490,0.022910,0.495093,0.498241,0.417315
1,CW,HHL,0.9995,0.7876,0.0803,0.997969,0.575292,-0.834277,0.020873,0.021900,0.387548,0.999815,0.576944,-0.804722
3,Paro,HLH,0.8145,0.0006,0.7925,0.625885,-0.995926,0.583255,0.161762,0.054730,0.108849,0.631667,-0.991481,0.588333
0,Default,movimiento,0.1502,0.8484,0.7896,-0.701698,-0.056137,0.580457,0.067251,5.000000,0.044194,-0.698056,0.560926,0.583426
0,Default,LHL,0.0699,0.8231,0.0699,-0.859777,0.646215,-0.861305,0.024742,0.025270,0.039798,-0.857870,0.648056,-0.857500
0,Default,movimiento,0.7452,0.7995,0.0733,0.489939,-0.078215,-0.853397,0.013493,5.000000,0.009879,0.491296,0.472407,-0.852685
2,CCW,LHH,0.2506,0.7354,0.9827,-0.498681,0.472833,0.966580,0.052164,0.089131,0.032971,-0.495556,0.479074,0.969352
1,CW,HHL,0.8428,0.7184,0.1355,0.685046,0.436322,-0.730509,0.024367,0.037608,0.086973,0.686944,0.439444,-0.728241
2,CCW,LHH,0.2454,0.8155,0.7489,-0.509473,0.633406,0.499071,0.033677,0.049254,0.036138,-0.506296,0.637685,0.501574
0,Default,LHL,0.2369,0.8472,0.2830,-0.531233,0.690124,-0.432726,0.196275,0.237065,0.038504,-0.523611,0.699352,-0.429815
3,Paro,HLH,0.7238,0.2551,0.7129,0.447512,-0.487645,0.426059,0.010102,0.088145,0.014092,0.448426,-0.481111,0.427037
0,Default,HLL,0.8016,0.2195,0.0683,0.600729,-0.559907,-0.864812,0.143171,0.042206,0.113612,0.606389,-0.556667,-0.859537
3,Paro,HLH,0.7535,0.0170,0.9190,0.507639,-0.965700,0.838111,0.085795,0.008737,0.013959,0.521111,-0.964815,0.838981
3,Paro,HLH,0.7412,0.0425,0.9665,0.481797,-0.912989,0.932824,0.062682,0.074018,0.044953,0.486944,-0.907593,0.935370
1,CW,HHL,0.7074,0.8308,0.1759,0.413993,0.662046,-0.647387,0.091747,0.036100,0.049369,0.418148,0.665278,-0.643704
3,Paro,HLH,0.7171,0.1780,0.9907,0.434980,-0.644083,0.982335,0.019200,0.025014,0.028112,0.436204,-0.642037,0.984444
0,Default,LLL,0.0781,0.1167,0.0393,-0.844633,-0.765405,-0.919505,0.066335,0.030517,0.127212,-0.839907,-0.763519,-0.907685
0,Default,LLH,0.1711,0.0163,0.9313,-0.657665,-0.966438,0.861337,0.042418,0.036449,0.038404,-0.654352,-0.963889,0.864259
2,CCW,LHH,0.0629,0.8410,0.9080,-0.873843,0.683782,0.814757,0.027578,0.138483,0.074493,-0.872222,0.695000,0.817778
3,Paro,HLH,0.9242,0.0944,0.9092,0.850177,-0.811045,0.820897,0.059458,0.062353,0.049202,0.853704,-0.805278,0.824907
3,Paro,HLH,0.7158,0.0948,0.7237,0.429251,-0.812063,0.447098,0.063798,0.073050,0.050156,0.433611,-0.807037,0.450648
0,Default,medio,0.4789,0.5757,0.4211,-0.042500,0.150972,-0.156345,0.086730,0.066296,0.073875,-0.036944,0.155926,-0.151481
1,CW,HHL,0.8450,0.7100,0.2374,0.689962,0.420382,-0.525524,0.048421,0.050988,0.021588,0.692778,0.423704,-0.523796
3,Paro,HLH,0.8968,0.1314,0.9381,0.792619,-0.735940,0.876687,0.074510,0.088167,0.038018,0.798148,-0.728519,0.879630
1,CW,HHL,0.7883,0.8017,0.1398,0.574442,0.603385,-0.723822,0.106103,0.010559,0.146585,0.577593,0.604259,-0.720093
3,Paro,HLH,0.8081,0.1719,0.7098,0.616348,-0.651803,0.422306,0.072305,0.173911,0.129860,0.620926,-0.638056,0.434537
0,Default,HLL,0.9330,0.2952,0.0119,0.865547,-0.409864,-0.974381,0.059040,0.047464,0.049820,0.869907,-0.406574,-0.969630
0,Default,HLL,0.9307,0.0865,0.0552,0.861638,-0.826505,-0.888096,0.027889,0.032210,0.045124,0.864352,-0.824352,-0.884444
1,CW,HHL,0.8030,0.7954,0.0162,0.606898,0.590385,-0.966042,0.095216,0.048078,0.057446,0.613148,0.593426,-0.961481
2,CCW,LHH,0.2454,0.8017,0.9917,-0.507818,0.602815,0.984670,0.062156,0.067488,0.098461,-0.503241,0.607963,0.990741
1,CW,HHL,0.9571,0.7843,0.1895,0.914016,0.568626,-0.621458,0.017769,0.017903,0.020978,0.915370,0.570463,-0.619722
0,Default,LLL,0.0169,0.1629,0.2174,-0.965362,-0.672920,-0.564983,0.045274,0.051018,0.044992,-0.962315,-0.667778,-0.560741
1,CW,HHL,0.7988,0.7464,0.2119,0.597396,0.487187,-0.577101,0.022239,0.208425,0.031710,0.598889,0.494537,-0.574444
1,CW,HHL,0.7094,0.7978,0.2453,0.419939,0.594178,-0.508437,0.059422,0.052079,0.021047,0.424074,0.598333,-0.506667
2,CCW,LHH,0.2800,0.7891,0.7970,-0.439667,0.577755,0.593993,0.013668,0.015774,0.012300,-0.438426,0.579167,0.595000
1,CW,HHL,0.7772,0.7502,0.1228,0.557112,0.499896,-0.753420,0.153997,0.042623,0.055604,0.571574,0.503519,-0.750463
0,Default,HLL,0.7918,0.1893,0.2337,0.583874,-0.622361,-0.531817,0.029943,0.044058,0.017853,0.585833,-0.619815,-0.529907
3,Paro,HLH,0.8678,0.2086,0.8373,0.734054,-0.583446,0.673573,0.074867,0.074836,0.030192,0.737778,-0.568056,0.675833
0,Default,HLL,0.8785,0.0052,0.1365,0.756991,-0.989728,-0.726907,0.015355,0.016275,0.011587,0.757870,-0.988519,-0.725833
2,CCW,LHH,0.2531,0.7005,0.8140,-0.493481,0.400014,0.633351,0.183671,0.035922,0.126665,-0.479167,0.402778,0.644630
1,CW,HHL,0.8233,0.7537,0.0659,0.646264,0.507431,-0.867454,0.122676,0.042660,0.182384,0.655926,0.510463,-0.850093
2,CCW,LHH,0.1673,0.9915,0.8844,-0.665822,0.983125,0.768747,0.016149,0.009838,0.012836,-0.664630,0.983981,0.769815
3,Paro,HLH,0.8048,0.0359,0.7629,0.608562,-0.928220,0.528689,0.016931,0.025030,0.165378,0.610093,-0.926759,0.540463
2,CCW,LHH,0.2229,0.8496,0.8985,-0.554387,0.699606,0.795353,0.034049,0.057891,0.029374,-0.552407,0.705185,0.798148
2,CCW,LHH,0.2047,0.9018,0.8036,-0.591904,0.798947,0.605929,0.053426,0.224223,0.039175,-0.586296,0.809537,0.608611
3,Paro,HLH,0.9443,0.0404,0.7011,0.886372,-0.918177,0.402486,0.060746,0.028181,0.053276,0.889907,-0.916481,0.405370
3,Paro,HLH,0.9613,0.1259,0.7034,0.919161,-0.747567,0.406021,0.158464,0.036482,0.025235,0.923333,-0.744630,0.408519
3,Paro,HLH,0.8027,0.0571,0.9269,0.605191,-0.886351,0.853984,0.025685,0.029840,0.021695,0.607315,-0.883796,0.855370
1,CW,HHL,0.9570,0.8701,0.2245,0.913565,0.742830,-0.542636,0.021738,0.117909,0.233876,0.915185,0.751481,-0.520278
2,CCW,LHH,0.1549,0.8316,0.8955,-0.694618,0.668082,0.791716,0.248082,0.187986,0.053779,-0.684074,0.686481,0.796296
2,CCW,LHH,0.2200,0.9596,0.7789,-0.559013,0.919847,0.557691,0.040042,0.034347,0.028149,-0.557037,0.922315,0.560093
0,Default,movimiento,0.8544,0.9576,0.1050,0.710495,0.032940,-0.790697,0.240971,5.000000,0.036412,0.729815,0.754444,-0.788333
1,CW,HHL,0.7310,0.8360,0.0921,0.466395,0.666826,-0.815599,0.205179,0.148268,0.039737,0.481759,0.671574,-0.812593
3,Paro,HLH,0.9224,0.0822,0.8878,0.844334,-0.833843,0.774514,0.075877,0.049624,0.056441,0.850648,-0.830463,0.778426
3,Paro,HLH,0.9988,0.2618,0.7273,0.995220,-0.478021,0.453967,0.031222,0.104727,0.031981,0.997685,-0.472407,0.457315
3,Paro,HLH,0.9825,0.1318,0.7667,0.963495,-0.735501,0.533819,0.034417,0.042344,0.052582,0.966574,-0.732500,0.537222
0,Default,movimiento,0.7621,0.8848,0.2347,0.521334,-0.091114,-0.530000,0.103672,5.000000,0.061025,0.527870,0.611852,-0.526111
2,CCW,LHH,0.2868,0.8570,0.7596,-0.426435,0.718721,0.520168,0.026740,0.192011,0.043934,-0.424352,0.733056,0.523426
3,Paro,HLH,0.7807,0.2680,0.9154,0.560903,-0.463620,0.835020,0.013865,0.017784,0.200661,0.562037,-0.462130,0.849074
1,CW,HHL,0.7432,0.8606,0.1543,0.485639,0.720570,-0.691334,0.106600,0.058237,0.064116,0.491759,0.725648,-0.684537
1,CW,HHL,0.9340,0.9575,0.0555,0.863001,0.913715,-0.888973,0.175753,0.046688,0.031118,0.871204,0.916667,-0.886481
0,Default,LHL,0.2470,0.8808,0.2209,-0.506279,0.762407,-0.557824,0.025015,0.047917,0.031723,-0.504815,0.766759,-0.555185
1,CW,HHL,0.9309,0.9663,0.0717,0.863032,0.932859,-0.856852,0.024070,0.022530,0.024237,0.864815,0.934722,-0.855093
1,CW,HHL,0.9943,0.9028,0.0239,0.987992,0.807419,-0.946901,0.032373,0.090437,0.247901,0.990093,0.812130,-0.927315
2,CCW,LHH,0.2434,0.7665,0.8458,-0.514369,0.532633,0.690920,0.085273,0.050127,0.050945,-0.509815,0.535556,0.695278
3,Paro,HLH,0.7564,0.0655,0.8519,0.512211,-0.869265,0.703822,0.032391,0.022805,0.019856,0.515093,-0.867407,0.705185
2,CCW,LHH,0.0213,0.8339,0.7404,-0.957092,0.672966,0.481001,0.011942,0.240393,0.013378,-0.955926,0.690093,0.482222
3,Paro,HLH,0.7111,0.1726,0.8852,0.422856,-0.652665,0.772257,0.037173,0.069260,0.042819,0.425370,-0.646111,0.775278
1,CW,HHL,0.8563,0.9177,0.1269,0.711328,0.835330,-0.741403,0.052788,0.036389,0.197657,0.715000,0.838796,-0.726667
3,Paro,HLH,0.8843,0.2314,0.9959,0.768782,-0.536262,0.992277,0.020754,0.015750,0.040641,0.770741,-0.534907,0.995000
2,CCW,LHH,0.0719,0.7079,0.8863,-0.853880,0.415162,0.772002,0.131903,0.032833,0.030898,-0.842963,0.417685,0.775370
2,CCW,LHH,0.0072,0.9328,0.8500,-0.984225,0.867668,0.700958,0.064801,0.045207,0.034171,-0.979722,0.871019,0.703611
1,CW,HHL,0.8820,0.8266,0.0961,0.765258,0.651366,-0.809612,0.052798,0.068951,0.068033,0.769074,0.654074,-0.806759
1,CW,HHL,0.8220,0.8816,0.2202,0.645935,0.763096,-0.559063,0.286735,0.036536,0.032776,0.665648,0.765648,-0.556852
3,Paro,HLH,0.7354,0.2624,0.9010,0.466146,-0.474945,0.802656,0.211632,0.025098,0.029972,0.473241,-0.473241,0.805185
1,CW,HHL,0.9117,0.8007,0.0464,0.823791,0.599777,-0.908206,0.055631,0.067827,0.039694,0.827500,0.605185,-0.905556
3,Paro,HLH,0.9231,0.0608,0.9913,0.846892,-0.877917,0.982705,0.013196,0.034886,0.016118,0.847870,-0.875370,0.984444
1,CW,HHL,0.9640,0.7338,0.2203,0.927535,0.466814,-0.559792,0.050200,0.085915,0.047245,0.931667,0.469167,-0.556296
1,CW,HHL,0.9628,0.8785,0.2990,0.924887,0.759155,-0.403909,0.044167,0.049073,0.043309,0.927963,0.763426,-0.399815
0,Default,LHL,0.2396,0.9913,0.2351,-0.521027,0.981748,-0.531458,0.021702,0.020253,0.208984,-0.519815,0.983148,-0.521852
2,CCW,LHH,0.0364,0.8146,0.7179,-0.924349,0.626539,0.441027,0.176539,0.189289,0.165911,-0.905278,0.639537,0.452315
2,CCW,LHH,0.2373,0.9230,0.7702,-0.523313,0.845550,0.542199,0.132639,0.097208,0.059500,-0.512037,0.851574,0.546944
0,Default,LLH,0.0532,0.0921,0.9628,-0.895628,-0.815229,0.925243,0.067156,0.059705,0.039959,-0.890648,-0.809074,0.929444
1,CW,HHL,0.9880,0.8290,0.1388,0.976317,0.658947,-0.719193,0.011277,0.011512,0.151707,0.977222,0.659630,-0.706204
3,Paro,HLH,0.9338,0.2894,0.9604,0.868611,-0.421256,0.922054,0.049923,0.043518,0.067623,0.872593,-0.416481,0.926759
0,Default,HLL,0.8013,0.0445,0.0390,0.601753,-0.910119,-0.922679,0.036278,0.031486,0.016162,0.604259,-0.906574,-0.920556
0,Default,LLL,0.1059,0.0405,0.0710,-0.788082,-0.920955,-0.857419,0.011735,0.123293,0.038031,-0.787130,-0.916019,-0.852222
3,Paro,HLH,0.7212,0.1286,0.7708,0.452289,-0.742509,0.540755,0.417029,0.018621,0.016308,0.482685,-0.741389,0.542407
1,CW,HHL,0.7303,0.8235,0.1794,0.459514,0.646519,-0.641097,0.132473,0.034856,0.020914,0.463426,0.649259,-0.639074
3,Paro,HLH,0.7946,0.2646,0.7418,0.589919,-0.473950,0.483139,0.017310,0.097605,0.012617,0.591389,-0.468519,0.483981
1,CW,HHL,0.7770,0.7458,0.2351,0.554375,0.491930,-0.532792,0.021607,0.029802,0.105504,0.555556,0.493981,-0.528611
0,Default,movimiento,0.2426,0.7111,0.8266,0.011823,0.422387,0.651172,5.000000,0.055028,0.278057,0.443981,0.427685,0.671852
1,CW,HHL,0.8814,0.7279,0.2119,0.756131,0.460069,-0.577622,0.265578,0.081237,0.053556,0.764537,0.464352,-0.571759
3,Paro,HLH,0.9544,0.0878,0.7718,0.909048,-0.823834,0.544650,0.094004,0.061309,0.067102,0.915926,-0.820648,0.549352
3,Paro,HLH,0.8813,0.2186,0.9357,0.759259,-0.562763,0.869097,0.128813,0.044149,0.146872,0.764074,-0.557870,0.873611
1,CW,HHL,0.7923,0.9408,0.1169,0.585356,0.879407,-0.767008,0.055955,0.040854,0.039213,0.589444,0.883056,-0.764444
0,Default,HHH,0.8073,0.9722,0.7741,0.613701,0.944005,0.549685,0.046784,0.020130,0.027352,0.617130,0.945278,0.552130
2,CCW,LHH,0.0489,0.7801,0.7300,-0.902086,0.553927,0.459598,0.018859,0.225316,0.045870,-0.900185,0.560833,0.462778
3,Paro,HLH,0.9948,0.0362,0.7697,0.987917,-0.927436,0.540350,0.126950,0.021314,0.041071,0.994815,-0.925648,0.543148
3,Paro,HLH,0.8375,0.0125,0.9727,0.674951,-0.965674,0.945067,0.020664,0.344237,0.021585,0.676111,-0.933333,0.946389
3,Paro,HLH,0.9897,0.0032,0.9838,0.974508,-0.988649,0.967512,0.196731,0.176499,0.039504,0.980556,-0.975370,0.969907
0,Default,HLL,0.8215,0.1390,0.2589,0.644230,-0.722636,-0.481921,0.048922,0.048773,0.046696,0.647407,-0.719167,-0.480185
0,Default,LHL,0.0382,0.7565,0.2259,-0.924618,0.512052,-0.548403,0.028660,0.053235,0.065972,-0.922315,0.516481,-0.544815
3,Paro,HLH,0.7804,0.0061,0.8779,0.557937,-0.986105,0.755790,0.215163,0.126331,0.038652,0.564352,-0.976296,0.758796
0,Default,HHH,0.8956,0.9746,0.9252,0.789138,0.948440,0.848397,0.069508,0.050949,0.081106,0.795648,0.952315,0.851481
2,CCW,LHH,0.1870,0.9669,0.9869,-0.626291,0.935246,0.973116,0.110859,0.061918,0.079575,-0.619630,0.939815,0.978148
0,Default,HHH,0.8058,0.7048,0.9530,0.611840,0.407483,0.905816,0.032473,0.086097,0.030217,0.614907,0.411574,0.909074
2,CCW,LHH,0.0860,0.9746,0.9036,-0.832199,0.948932,0.808322,0.190839,0.065514,0.045168,-0.825556,0.952500,0.811019
1,CW,HHL,0.7277,0.8198,0.1998,0.455625,0.640761,-0.600622,0.028286,0.024469,0.040622,0.457870,0.642593,-0.597037
0,Default,movimiento,0.7434,0.9844,0.1609,0.038302,0.970935,-0.678200,5.000000,0.096123,0.064864,0.417315,0.976111,-0.672963
0,Default,medio,0.5110,0.1327,0.7442,0.021791,-0.733348,0.492703,0.013128,0.077736,0.174836,0.022593,-0.724907,0.505185
0,Default,HHH,0.8145,0.9333,0.7772,0.626797,0.862416,0.554890,0.204616,0.060052,0.101049,0.638426,0.866944,0.563333
0,Default,LLL,0.0371,0.0870,0.1660,-0.928507,-0.826244,-0.667364,0.105644,0.083035,0.041667,-0.922407,-0.822315,-0.664537
1,CW,HHL,0.9905,0.9367,0.1071,0.978411,0.872792,-0.790344,0.149648,0.036638,0.244000,0.982593,0.875463,-0.781667
2,CCW,LHH,0.2208,0.7577,0.7710,-0.559583,0.522277,0.540813,0.057989,0.238621,0.043123,-0.554630,0.541296,0.544907
1,CW,HHL,0.8891,0.7811,0.0959,0.777888,0.562459,-0.806667,0.031215,0.028597,0.025291,0.780093,0.564537,-0.804444
3,Paro,HLH,0.9176,0.2878,0.8667,0.834977,-0.422975,0.736021,0.034977,0.125557,0.081393,0.837870,-0.413241,0.740833
3,Paro,HLH,0.8303,0.2087,0.7149,0.659601,-0.582555,0.429115,0.035624,0.033684,0.048865,0.661852,-0.579815,0.432870
3,Paro,HLH,0.7017,0.0265,0.8795,0.404505,-0.946218,0.758608,0.041757,0.020039,0.035723,0.407778,-0.944815,0.761204
2,CCW,LHH,0.1393,0.7507,0.9300,-0.722951,0.500304,0.859465,0.027637,0.026766,0.033177,-0.720741,0.502222,0.861019
1,CW,HHL,0.8544,0.9720,0.0704,0.708380,0.947112,-0.859777,0.022569,0.081530,0.015067,0.710741,0.953333,-0.858704
2,CCW,LHH,0.0453,0.8335,0.7236,-0.908851,0.668148,0.447781,0.043398,0.093496,0.024928,-0.906111,0.682500,0.449907
1,CW,HHL,0.8333,0.8759,0.1428,0.664627,0.751554,-0.714583,0.065765,0.023096,0.024264,0.667037,0.753333,-0.712500
3,Paro,HLH,0.9311,0.2008,0.7983,0.862089,-0.598275,0.596745,0.018778,0.034904,0.041348,0.863241,-0.596204,0.599167
0,Default,HLL,0.7101,0.0269,0.1248,0.419847,-0.945608,-0.750133,0.039090,0.034119,0.024729,0.422870,-0.942870,-0.748056
0,Default,LHL,0.2183,0.9431,0.1951,-0.568388,0.886626,-0.610472,0.213250,0.045523,0.020447,-0.561389,0.889444,-0.608889
3,Paro,HLH,0.9849,0.1991,0.9447,0.968614,-0.598409,0.891670,0.076685,0.324433,0.064539,0.973796,-0.577130,0.895278
2,CCW,LHH,0.0066,0.8106,0.7166,-0.987471,0.621560,0.433093,0.018222,0.019821,0.014661,-0.986204,0.622778,0.434259
3,Paro,HLH,0.9224,0.2298,0.8664,0.843047,-0.541004,0.736215,0.142654,0.106885,0.093004,0.849815,-0.534630,0.744907
2,CCW,LHH,0.0574,0.8566,0.8015,-0.885692,0.711768,0.603481,0.043333,0.057011,0.051017,-0.882870,0.714815,0.607963
1,CW,HHL,0.8184,0.8736,0.0611,0.636007,0.745654,-0.881496,0.049305,0.059887,0.184789,0.638981,0.751204,-0.872685
3,Paro,HLH,0.8747,0.0928,0.8088,0.749661,-0.814667,0.615593,0.015230,0.008716,0.160569,0.750648,-0.813981,0.618796
2,CCW,LHH,0.1164,0.7015,0.9152,-0.766218,0.402384,0.831334,0.024485,0.028351,0.025782,-0.763981,0.404722,0.833241
2,CCW,LHH,0.1905,0.7662,0.7722,-0.618571,0.531227,0.546050,0.046169,0.144997,0.042509,-0.615278,0.536852,0.549444
1,CW,HHL,0.7226,0.8996,0.1555,0.442633,0.800914,-0.689010,0.112923,0.073729,0.008650,0.446296,0.806389,-0.688241
1,CW,HHL,0.8938,0.8137,0.1292,0.786858,0.627017,-0.740946,0.013522,0.019486,0.018132,0.787685,0.628704,-0.739352
3,Paro,HLH,0.7817,0.0762,0.9446,0.562306,-0.846991,0.890069,0.039213,0.067022,0.046986,0.565463,-0.842407,0.892778
3,Paro,HLH,0.9596,0.1203,0.9704,0.919604,-0.759520,0.940920,0.013021,0.023807,0.010748,0.920370,-0.758241,0.942037
1,CW,HHL,0.7568,0.7370,0.2859,0.514170,0.474430,-0.427743,0.027985,0.022391,0.025037,0.515648,0.476111,-0.425833
1,CW,HHL,0.9825,0.7763,0.2827,0.965133,0.553249,-0.433394,0.014990,0.018027,0.014509,0.966296,0.554352,-0.432037
1,CW,HHL,0.9798,0.7575,0.0873,0.959167,0.515240,-0.826100,0.034398,0.025204,0.022899,0.962222,0.516944,-0.824259
1,CW,HHL,0.8183,0.8735,0.0861,0.636525,0.746499,-0.835472,0.047528,0.040824,0.264686,0.639907,0.749537,-0.826204
3,Paro,HLH,0.8732,0.1435,0.8174,0.746319,-0.713817,0.633950,0.035655,0.032000,0.028454,0.749167,-0.711574,0.636019
0,Default,LHL,0.0018,0.8971,0.1999,-0.994942,0.794650,-0.604826,0.024482,0.048830,0.203831,-0.992500,0.797870,-0.596667
3,Paro,HLH,0.8072,0.0233,0.9627,0.613660,-0.952222,0.925587,0.032299,0.060360,0.046533,0.615741,-0.947778,0.929537
2,CCW,LHH,0.2736,0.7813,0.9123,-0.451441,0.559965,0.823582,0.073970,0.128613,0.032472,-0.445463,0.564722,0.827037
3,Paro,HLH,0.8311,0.2987,0.7675,0.661855,-0.409172,0.534832,0.019782,0.229103,0.013189,0.663426,-0.401389,0.536111
1,CW,HHL,0.8839,0.7901,0.2561,0.768391,0.580269,-0.487804,0.021890,0.009946,0.014107,0.769815,0.580926,-0.486852
3,Paro,HLH,0.9464,0.1442,0.7507,0.894462,-0.712109,0.508203,0.156886,0.038529,0.202473,0.907037,-0.708426,0.527870
2,CCW,LHH,0.1851,0.7104,0.8795,-0.628698,0.420619,0.753808,0.059016,0.042943,0.153190,-0.623981,0.424352,0.761759
0,Default,medio,0.5669,0.4702,0.5286,0.134928,-0.059789,0.055596,0.039639,0.038942,0.141893,0.138148,-0.056667,0.060278
0,Default,movimiento,0.7052,0.0929,0.8275,-0.145715,-0.812911,0.653348,5.000000,0.059073,0.049590,0.309537,-0.809537,0.658704
0,Default,LLH,0.0726,0.0742,0.8850,-0.855148,-0.850874,0.770668,0.027692,0.034558,0.048541,-0.852963,-0.848796,0.773148
0,Default,medio,0.5419,0.7559,0.1699,0.080480,0.518035,-0.661050,0.162660,0.272524,0.046501,0.086852,0.538704,-0.658333
1,CW,HHL,0.7324,0.9699,0.0252,0.466739,0.941930,-0.951337,0.021897,0.102326,0.048442,0.467963,0.950000,-0.947778
0,Default,LHL,0.2809,0.8517,0.2831,-0.439505,0.708096,-0.432419,0.057012,0.182694,0.032406,-0.435741,0.722778,-0.430185
0,Default,movimiento,0.7574,0.0034,0.7889,0.514609,-0.992830,-0.019771,0.016003,0.043194,5.000000,0.515833,-0.989815,0.467778
0,Default,HHH,0.7959,0.7807,0.7138,0.586484,0.564847,0.427040,0.229539,0.125264,0.015052,0.592315,0.573889,0.428148
3,Paro,HLH,0.8882,0.0695,0.9518,0.775139,-0.860396,0.901453,0.039390,0.033073,0.077075,0.777593,-0.857963,0.906944
1,CW,HHL,0.9421,0.7297,0.0575,0.883819,0.459823,-0.884262,0.007545,0.072554,0.162339,0.884444,0.471204,-0.863611
0,Default,movimiento,0.9591,0.1057,0.8221,0.915732,-0.791727,-0.019873,0.158005,0.051334,5.000000,0.924537,-0.787222,0.514537
1,CW,HHL,0.9621,0.9452,0.1311,0.924957,0.893226,-0.736780,0.028119,0.149846,0.031157,0.927130,0.904537,-0.734444
2,CCW,LHH,0.1376,0.7891,0.9062,-0.725350,0.578420,0.811759,0.017155,0.019132,0.016152,-0.724074,0.579907,0.813426
0,Default,HHH,0.9705,0.8159,0.8230,0.940761,0.637150,0.646930,0.037320,0.200070,0.073068,0.943981,0.652685,0.654259
0,Default,movimiento,0.8254,0.0593,0.7355,0.648877,-0.881296,-0.193160,0.114494,0.012492,5.000000,0.651852,-0.880278,0.348056
3,Paro,HLH,0.8463,0.0511,0.8620,0.692520,-0.897245,0.723628,0.056035,0.042906,0.028530,0.696667,-0.894537,0.726389
2,CCW,LHH,0.1499,0.7945,0.9975,-0.699401,0.589719,0.990347,0.046771,0.042931,0.130121,-0.695648,0.592870,0.997037
0,Default,HLL,0.7877,0.0282,0.2407,0.576458,-0.942798,-0.518209,0.033505,0.017560,0.029209,0.579167,-0.941481,-0.516389
3,Paro,HLH,0.7095,0.2444,0.9271,0.419482,-0.513345,0.854167,0.051198,0.041001,0.047517,0.423241,-0.508333,0.856759
0,Default,movimiento,0.2346,0.7228,0.8392,-0.530558,-0.275133,0.677691,0.044427,5.000000,0.030856,-0.528704,0.314352,0.680278
0,Default,LLL,0.2753,0.0345,0.1344,-0.449534,-0.931328,-0.726259,0.058385,0.050263,0.130533,-0.443889,-0.927130,-0.715185
1,CW,HHL,0.8572,0.8130,0.2754,0.713764,0.623909,-0.449482,0.044003,0.046584,0.029205,0.716667,0.628333,-0.446759
0,Default,LLH,0.0812,0.1971,0.7084,-0.839060,-0.607199,0.416733,0.033395,0.045150,0.033997,-0.836944,-0.602963,0.419444
0,Default,medio,0.5818,0.1158,0.2032,0.163877,-0.768374,-0.593533,0.063438,0.057300,0.324487,0.168241,-0.764444,-0.569537
0,Default,HLL,0.8043,0.2491,0.1378,0.607986,-0.501435,-0.725935,0.068941,0.044770,0.067741,0.612778,-0.498704,-0.720833
3,Paro,HLH,0.9243,0.0203,0.7811,0.847894,-0.958585,0.557807,0.025205,0.080746,0.188878,0.849722,-0.952315,0.564074
2,CCW,LHH,0.0047,0.7676,0.7179,-0.989314,0.534734,0.433044,0.043352,0.042623,0.065267,-0.984815,0.540093,0.438056
0,Default,HHH,0.7120,0.8197,0.7443,0.421343,0.639549,0.487405,0.062027,0.067594,0.041837,0.424722,0.645000,0.490648
3,Paro,HLH,0.8696,0.1505,0.8474,0.739485,-0.698050,0.695883,0.022746,0.022776,0.060474,0.740926,-0.696667,0.700093
3,Paro,HLH,0.7345,0.2621,0.7286,0.471392,-0.475535,0.457679,0.086094,0.026277,0.027438,0.477778,-0.473796,0.459907
2,CCW,LHH,0.0298,0.7175,0.7551,-0.944494,0.434615,0.504525,0.078776,0.036893,0.176236,-0.940370,0.437407,0.510648
1,CW,HHL,0.9393,0.7175,0.2202,0.879502,0.433741,-0.559459,0.043881,0.128591,0.029241,0.882500,0.440278,-0.556481
1,CW,HHL,0.8767,0.7500,0.1553,0.753623,0.498909,-0.689320,0.023704,0.019631,0.038728,0.755278,0.500556,-0.686944
3,Paro,HLH,0.9244,0.1337,0.7618,0.849022,-0.732784,0.523602,0.075120,0.039981,0.041341,0.853426,-0.729722,0.527037
2,CCW,LHH,0.2411,0.8937,0.7237,-0.514207,0.787925,0.448822,0.195311,0.069307,0.046290,-0.499167,0.792037,0.452407
0,Default,movimiento,0.2233,0.8082,0.7410,0.100987,0.616889,0.481534,5.000000,0.015122,0.023169,0.635278,0.617870,0.483426
2,CCW,LHH,0.1014,0.7532,0.7867,-0.799479,0.505590,0.573067,0.151926,0.011483,0.015121,-0.795278,0.506667,0.574630
1,CW,HHL,0.8719,0.8618,0.0401,0.746100,0.725006,-0.915229,0.125953,0.048601,0.153757,0.756759,0.727963,-0.904630
3,Paro,HLH,0.7207,0.1767,0.7043,0.441832,-0.646727,0.407060,0.029319,0.023433,0.025757,0.444444,-0.644630,0.408611
2,CCW,LHH,0.0314,0.7733,0.7321,-0.938006,0.547211,0.464621,0.042388,0.016929,0.020594,-0.935741,0.548519,0.466574
1,CW,HHL,0.8325,0.8747,0.0918,0.664795,0.748168,-0.816936,0.044427,0.064321,0.031519,0.667407,0.751667,-0.814722
0,Default,LHL,0.2297,0.9920,0.0858,-0.548872,0.984181,-0.828001,0.230738,0.015860,0.011024,-0.539167,0.985370,-0.827222
3,Paro,HLH,0.9887,0.2524,0.7373,0.976039,-0.495003,0.473539,0.054569,0.026743,0.053865,0.980278,-0.493333,0.477685
0,Default,medio,0.1634,0.5969,0.0072,-0.673166,0.193585,-0.985900,0.008823,0.014470,0.020314,-0.672315,0.194630,-0.984630
3,Paro,HLH,0.8439,0.2108,0.7100,0.687063,-0.578779,0.425848,0.118687,0.074150,0.190194,0.693148,-0.574074,0.441019
2,CCW,LHH,0.0779,0.8769,0.8897,-0.843999,0.754094,0.780098,0.031920,0.020384,0.028632,-0.841204,0.755833,0.782778
3,Paro,HLH,0.9797,0.1355,0.9919,0.957384,-0.729554,0.983672,0.100975,0.013688,0.018168,0.960000,-0.728426,0.984907
1,CW,HHL,0.9304,0.7937,0.0025,0.862295,0.587928,-0.994233,0.074450,0.007887,0.047246,0.868148,0.588704,-0.987222
3,Paro,HLH,0.9859,0.1234,0.8641,0.971866,-0.752920,0.731539,0.047907,0.035263,0.145894,0.973981,-0.750463,0.742130
3,Paro,HLH,0.8011,0.1257,0.8864,0.601843,-0.748727,0.773860,0.030117,0.052567,0.044573,0.604167,-0.746204,0.776667
3,Paro,HLH,0.9470,0.2683,0.9476,0.893715,-0.462295,0.900706,0.032063,0.030822,0.162601,0.895833,-0.459444,0.913241
0,Default,movimiento,0.7851,0.8554,0.1111,-0.041175,0.712002,-0.778084,5.000000,0.013142,0.050806,0.454722,0.713241,-0.774630
0,Default,medio,0.5884,0.0734,0.1249,0.176733,-0.853623,-0.758869,0.031819,0.038486,0.314314,0.178981,-0.849907,-0.746481
3,Paro,HLH,0.9117,0.2288,0.7090,0.819427,-0.542581,0.417552,0.205111,0.009557,0.058369,0.824352,-0.541667,0.418426
0,Default,HLL,0.8209,0.2977,0.0825,0.636994,-0.403628,-0.833481,0.194017,0.043777,0.051961,0.644630,-0.400093,-0.829815
0,Default,HLL,0.9607,0.1615,0.2922,0.921007,-0.676484,-0.415747,0.023398,0.016043,0.020752,0.923426,-0.675093,-0.414259
2,CCW,LHH,0.2867,0.7434,0.9095,-0.426753,0.485266,0.823032,0.088910,0.182214,0.114923,-0.423889,0.505370,0.832130
3,Paro,HLH,0.7414,0.2932,0.9211,0.473993,-0.413825,0.841924,0.233206,0.016475,0.011541,0.483148,-0.412870,0.842685
3,Paro,HLH,0.9316,0.2186,0.8883,0.859167,-0.562474,0.772827,0.233788,0.032180,0.159913,0.867222,-0.560463,0.778519
1,CW,HHL,0.9926,0.7315,0.0041,0.984497,0.462503,-0.992242,0.038911,0.043489,0.029974,0.986759,0.466944,-0.989352
0,Default,HHH,0.8196,0.8453,0.8048,0.638872,0.689158,0.611412,0.071975,0.064896,0.034587,0.644907,0.697593,0.614352
2,CCW,LHH,0.0077,0.8761,0.9340,-0.986047,0.746863,0.868168,0.032249,0.217137,0.020991,-0.984630,0.752685,0.869722
2,CCW,LHH,0.2226,0.9599,0.8944,-0.550845,0.917792,0.790503,0.153713,0.062167,0.226317,-0.538333,0.923426,0.807685
1,CW,HHL,0.8861,0.7354,0.1587,0.771247,0.472590,-0.682078,0.024028,0.039991,0.040982,0.773241,0.475833,-0.678333
1,CW,HHL,0.8735,0.7951,0.1469,0.748556,0.590576,-0.708678,0.036882,0.018380,0.190211,0.751019,0.592407,-0.703241
2,CCW,LHH,0.1740,0.8276,0.9910,-0.652159,0.655440,0.982135,0.015239,0.012731,0.011845,-0.651111,0.656481,0.982963
1,CW,HHL,0.7642,0.8510,0.0479,0.526487,0.702269,-0.904844,0.056366,0.063943,0.036382,0.529907,0.705926,-0.902037
0,Default,medio,0.0203,0.4724,0.1468,-0.959314,-0.054893,-0.705573,0.061443,0.057415,0.053474,-0.955000,-0.050093,-0.702963
0,Default,movimiento,0.2946,0.8670,0.7155,0.173903,0.736285,0.434523,5.000000,0.032822,0.125163,0.651759,0.738981,0.453333
0,Default,medio,0.4846,0.7754,0.5544,-0.031010,0.552355,0.106238,0.043044,0.040102,0.108733,-0.027963,0.556019,0.110185
2,CCW,LHH,0.1903,0.7985,0.8680,-0.614346,0.597196,0.735984,0.247539,0.010953,0.010218,-0.596852,0.597870,0.736944
2,CCW,LHH,0.1176,0.7473,0.8848,-0.765231,0.495153,0.770414,0.089387,0.037157,0.054815,-0.760926,0.497963,0.775556
0,Default,HLL,0.7963,0.2942,0.2946,0.596672,-0.412679,-0.409505,0.218805,0.026745,0.034759,0.613796,-0.410741,-0.406759
3,Paro,HLH,0.9917,0.2029,0.9841,0.983955,-0.592700,0.968727,0.029561,0.170900,0.009906,0.985926,-0.571204,0.969444
1,CW,HHL,0.7926,0.8204,0.1329,0.586227,0.641603,-0.733709,0.025285,0.027152,0.031260,0.587870,0.643796,-0.731852
0,Default,LLL,0.0710,0.2993,0.2277,-0.859450,-0.400611,-0.544563,0.039695,0.040731,0.035093,-0.856667,-0.397685,-0.541574
1,CW,HHL,0.9960,0.9874,0.0085,0.992373,0.974682,-0.983056,0.014774,0.014719,0.018850,0.993889,0.975648,-0.982315
3,Paro,HLH,0.9262,0.2855,0.7836,0.851429,-0.434578,0.566863,0.105057,0.238467,0.011800,0.871019,-0.428333,0.567778
1,CW,HHL,0.7153,0.8996,0.1678,0.431085,0.798400,-0.663851,0.060651,0.074611,0.049845,0.437130,0.804074,-0.659630
0,Default,LLL,0.1025,0.0662,0.1289,-0.794404,-0.865087,-0.742679,0.043829,0.129289,0.040244,-0.790833,-0.845278,-0.739907
0,Default,LLH,0.2426,0.2705,0.7808,-0.514592,-0.459586,0.561155,0.011353,0.008890,0.011860,-0.513889,-0.458981,0.562315
0,Default,medio,0.4025,0.4886,0.4473,-0.194878,-0.021212,-0.104725,0.024555,0.084958,0.026598,-0.193241,-0.010463,-0.102222
3,Paro,HLH,0.9130,0.1161,0.9185,0.825113,-0.767960,0.837578,0.047177,0.045003,0.023966,0.829259,-0.763704,0.840185
2,CCW,LHH,0.2121,0.7193,0.8858,-0.579983,0.438970,0.770943,0.201156,0.050033,0.040066,-0.571944,0.443056,0.773426
1,CW,HHL,0.7475,0.9282,0.2348,0.494922,0.855871,-0.530443,0.067758,0.077254,0.043433,0.498241,0.859537,-0.526204
0,Default,movimiento,0.1629,0.7402,0.8019,-0.674462,0.480046,0.001131,0.088775,0.033813,5.000000,-0.658796,0.482407,0.495833
2,CCW,LHH,0.2119,0.8514,0.9665,-0.576525,0.711233,0.934178,0.076084,0.147483,0.027613,-0.571389,0.721852,0.936111
2,CCW,LHH,0.2659,0.8639,0.7161,-0.468261,0.727581,0.433860,0.039563,0.031017,0.072040,-0.465833,0.729630,0.440278
2,CCW,LHH,0.2450,0.8086,0.8535,-0.510637,0.616033,0.705894,0.014909,0.114762,0.033207,-0.509167,0.618796,0.707963
2,CCW,LHH,0.1451,0.7939,0.7640,-0.711146,0.588333,0.528767,0.025840,0.033304,0.052860,-0.708241,0.590370,0.534537
3,Paro,HLH,0.8773,0.2774,0.8534,0.753626,-0.446238,0.708767,0.053203,0.080743,0.061338,0.757778,-0.441481,0.713241
3,Paro,HLH,0.7997,0.2752,0.7635,0.599071,-0.452020,0.525035,0.193881,0.218205,0.032380,0.614259,-0.442130,0.526852
2,CCW,LHH,0.0735,0.7859,0.8354,-0.852225,0.572159,0.671921,0.042857,0.134826,0.047858,-0.849074,0.591759,0.676019
2,CCW,LHH,0.1055,0.9199,0.9737,-0.787813,0.839800,0.948102,0.019374,0.028680,0.066317,-0.786296,0.841574,0.955370
2,CCW,LHH,0.2600,0.8984,0.8561,-0.475388,0.797642,0.710773,0.230182,0.042126,0.028182,-0.459074,0.800556,0.713148
1,CW,HHL,0.7582,0.9561,0.1931,0.513576,0.913177,-0.607141,0.227115,0.094370,0.235736,0.521759,0.920463,-0.589630
1,CW,HHL,0.8600,0.8913,0.2410,0.720171,0.782894,-0.518041,0.021413,0.020712,0.026934,0.721574,0.784722,-0.516667
2,CCW,LHH,0.1194,0.9857,0.9327,-0.761481,0.972292,0.863857,0.014979,0.026119,0.068981,-0.760278,0.974722,0.866481
0,Default,HHH,0.8981,0.8419,0.9088,0.796172,0.684482,0.817569,0.007905,0.058452,0.011803,0.796944,0.691759,0.818519
0,Default,medio,0.2336,0.1879,0.4385,-0.533044,-0.621189,-0.124164,0.057809,0.144568,0.073685,-0.529352,-0.603056,-0.118981
3,Paro,HLH,0.9181,0.1546,0.8584,0.836447,-0.690836,0.711808,0.059412,0.079658,0.193989,0.842222,-0.683981,0.719444
0,Default,movimiento,0.2908,0.7839,0.7312,-0.422352,0.567549,-0.246377,0.208883,0.022127,5.000000,-0.415648,0.569630,0.333241
1,CW,HHL,0.8704,0.9025,0.2397,0.740556,0.805339,-0.521065,0.022391,0.023844,0.025272,0.742407,0.807222,-0.519444
3,Paro,HLH,0.9864,0.1587,0.9105,0.972419,-0.682326,0.826777,0.135355,0.032919,0.164512,0.978056,-0.679259,0.838519
2,CCW,LHH,0.0338,0.7100,0.9928,-0.931837,0.419650,0.986782,0.051544,0.052543,0.037780,-0.928519,0.422870,0.989352
3,Paro,HLH,0.7421,0.1330,0.9076,0.483973,-0.732975,0.814389,0.039810,0.043270,0.026239,0.486296,-0.729630,0.817778
1,CW,HHL,0.8218,0.7476,0.2335,0.643605,0.497844,-0.533287,0.088663,0.036984,0.084403,0.650000,0.500463,-0.528148
3,Paro,HLH,0.7334,0.1076,0.7418,0.466348,-0.784896,0.483857,0.031035,0.022486,0.025761,0.468981,-0.782685,0.486389
2,CCW,LHH,0.2065,0.7587,0.9020,-0.583209,0.515752,0.805848,0.148571,0.043671,0.078132,-0.571667,0.519259,0.812500
0,Default,movimiento,0.7988,0.2586,0.8182,0.600657,0.122763,0.639647,0.059185,5.000000,0.118625,0.604722,0.616667,0.652130
0,Default,movimiento,0.1047,0.7901,0.9477,-0.080677,0.580272,0.895367,5.000000,0.012248,0.017860,0.498611,0.581389,0.896667
2,CCW,LHH,0.1052,0.8192,0.9496,-0.791201,0.639089,0.897743,0.048485,0.022666,0.030451,-0.787778,0.640926,0.900185
0,Default,LLL,0.2473,0.3000,0.1132,-0.514387,-0.400127,-0.774398,0.235315,0.008810,0.009150,-0.505093,-0.399630,-0.773333
0,Default,movimiento,0.9761,0.9728,0.2583,0.947179,0.088105,-0.482642,0.207675,5.000000,0.034601,0.954167,0.786019,-0.480370
3,Paro,HLH,0.9195,0.0206,0.9421,0.838145,-0.959711,0.880408,0.061581,0.047552,0.208262,0.842222,-0.955000,0.890370
3,Paro,HLH,0.9377,0.0316,0.8295,0.875859,-0.936855,0.658796,0.034032,0.017634,0.019854,0.878241,-0.935370,0.660000
1,CW,HHL,0.8900,0.9498,0.1734,0.780052,0.899343,-0.651641,0.012965,0.009320,0.070922,0.781111,0.900000,-0.646389
3,Paro,HLH,0.7745,0.1299,0.9889,0.547552,-0.740281,0.976175,0.053723,0.043873,0.032254,0.551111,-0.737778,0.978611
1,CW,HHL,0.8968,0.7480,0.1186,0.799045,0.495917,-0.762167,0.246207,0.078626,0.030660,0.817685,0.500833,-0.759815
0,Default,LHL,0.2766,0.8075,0.0652,-0.446534,0.616395,-0.865174,0.018743,0.077652,0.217291,-0.445093,0.622963,-0.848056
3,Paro,HLH,0.9575,0.0378,0.9024,0.915570,-0.924552,0.804699,0.045180,0.009789,0.020337,0.922407,-0.923796,0.806204
1,CW,HHL,0.7213,0.9238,0.1495,0.443247,0.847289,-0.699893,0.031575,0.023573,0.021382,0.445926,0.849259,-0.698519
3,Paro,HLH,0.9575,0.2848,0.9984,0.915689,-0.431088,0.996111,0.054207,0.280376,0.031394,0.920463,-0.410278,0.998704
0,Default,LLL,0.2360,0.1453,0.0275,-0.526780,-0.709167,-0.943718,0.043870,0.047559,0.061531,-0.523519,-0.705833,-0.939537
2,CCW,LHH,0.1302,0.9883,0.7539,-0.739592,0.975599,0.502237,0.142474,0.127845,0.173661,-0.726667,0.981111,0.508611
0,Default,LHL,0.0282,0.9889,0.2427,-0.943273,0.976956,-0.514201,0.053952,0.049778,0.070051,-0.938889,0.981574,-0.509630
2,CCW,LHH,0.0525,0.9236,0.8023,-0.895220,0.851751,0.604705,0.016355,0.208879,0.013138,-0.894074,0.866574,0.605556
0,Default,medio,0.7862,0.4973,0.5602,0.575741,-0.000981,0.121021,0.123337,0.197774,0.033791,0.585000,0.013796,0.123981
2,CCW,LHH,0.0522,0.8818,0.7005,-0.895990,0.763840,0.401091,0.011183,0.008642,0.013642,-0.895093,0.764630,0.402222
2,CCW,LHH,0.2749,0.7051,0.7496,-0.449343,0.410119,0.496377,0.064937,0.011877,0.328963,-0.443241,0.411296,0.520648
3,Paro,HLH,0.7964,0.0849,0.8957,0.594077,-0.835231,0.790868,0.066083,0.226958,0.031980,0.598519,-0.827593,0.794630
3,Paro,HLH,0.9379,0.1357,0.7257,0.876262,-0.728238,0.452451,0.045371,0.047473,0.053695,0.879352,-0.723519,0.457037
1,CW,HHL,0.7328,0.8829,0.0102,0.465205,0.768701,-0.976183,0.092168,0.182003,0.149748,0.468519,0.788333,-0.964722
1,CW,HHL,0.9212,0.8747,0.2015,0.844398,0.749094,-0.595897,0.128589,0.028555,0.030455,0.853889,0.751296,-0.593981
2,CCW,LHH,0.2694,0.9747,0.8006,-0.460825,0.949838,0.600671,0.012116,0.014033,0.013889,-0.459907,0.951019,0.602037
3,Paro,HLH,0.7597,0.1048,0.7276,0.522650,-0.789789,0.456021,0.109677,0.040597,0.068342,0.534630,-0.786481,0.460648
0,Default,movimiento,0.1038,0.7941,0.9507,-0.105558,0.588006,0.901837,5.000000,0.060374,0.050441,0.456667,0.590833,0.906111
2,CCW,LHH,0.0026,0.7199,0.7193,-0.994407,0.438220,0.438189,0.027589,0.058302,0.034280,-0.992778,0.443704,0.441389
0,Default,LHL,0.2769,0.8136,0.1374,-0.445599,0.627891,-0.726924,0.082351,0.027800,0.085868,-0.438889,0.630741,-0.722870
3,Paro,HLH,0.7950,0.1269,0.8770,0.586985,-0.746166,0.754091,0.125998,0.008981,0.017990,0.590833,-0.745463,0.755000
2,CCW,LHH,0.1904,0.9624,0.9594,-0.619630,0.923843,0.919497,0.033133,0.070862,0.038816,-0.616852,0.929167,0.921944
3,Paro,HLH,0.7791,0.2215,0.8834,0.558550,-0.556644,0.768082,0.063263,0.039943,0.053668,0.562685,-0.554167,0.772037
2,CCW,LHH,0.0193,0.7506,0.7922,-0.963111,0.502517,0.584442,0.044167,0.063582,0.047201,-0.960000,0.508796,0.587222
1,CW,HHL,0.7996,0.9516,0.0662,0.597567,0.904470,-0.867028,0.023665,0.039187,0.029197,0.600000,0.906944,-0.865000
3,Paro,HLH,0.9467,0.0745,0.8686,0.891424,-0.848545,0.738646,0.145171,0.063042,0.041766,0.897963,-0.845278,0.742315
3,Paro,HLH,0.9205,0.0208,0.9228,0.840726,-0.958015,0.846470,0.019660,0.012888,0.014054,0.842593,-0.956944,0.847500
1,CW,HHL,0.7849,0.9821,0.0480,0.575032,0.963649,-0.905020,0.280737,0.055425,0.043436,0.596111,0.967407,-0.901944
3,Paro,HLH,0.9682,0.0952,0.8542,0.937011,-0.812323,0.707844,0.010372,0.112870,0.019108,0.937870,-0.808796,0.709259
1,CW,HHL,0.9737,0.9387,0.1241,0.944696,0.877101,-0.750124,0.156263,0.022691,0.036589,0.950000,0.878704,-0.747963
3,Paro,HLH,0.7064,0.2618,0.9298,0.414421,-0.478058,0.860709,0.028492,0.055626,0.037694,0.416481,-0.473519,0.863519
2,CCW,LHH,0.1511,0.9979,0.8421,-0.696100,0.996131,0.684158,0.090405,0.009816,0.013390,-0.687500,0.997037,0.685185
2,CCW,LHH,0.2519,0.9887,0.9986,-0.496152,0.977376,0.997610,0.014056,0.014288,0.017152,-0.495000,0.978426,0.999167
2,CCW,LHH,0.1534,0.8281,0.9672,-0.692413,0.651415,0.934306,0.051699,0.228205,0.052745,-0.688056,0.660278,0.938519
1,CW,HHL,0.9032,0.9657,0.2557,0.809120,0.931522,-0.488206,0.121016,0.020969,0.019077,0.820741,0.933426,-0.487037
2,CCW,LHH,0.0603,0.9483,0.8904,-0.881128,0.896678,0.780547,0.067988,0.014614,0.012349,-0.877963,0.897685,0.781574
3,Paro,HLH,0.7074,0.2185,0.7628,0.416218,-0.560171,0.525122,0.035240,0.109815,0.073387,0.419074,-0.550556,0.530000
2,CCW,LHH,0.1823,0.8234,0.9907,-0.637283,0.643822,0.979850,0.048881,0.081271,0.051611,-0.632963,0.648426,0.985278
3,Paro,HLH,0.8298,0.0315,0.8709,0.660388,-0.938455,0.744216,0.062635,0.058551,0.048459,0.665000,-0.933889,0.747685
1,CW,HHL,0.9310,0.7673,0.1121,0.859589,0.533929,-0.772888,0.104646,0.048745,0.168296,0.863426,0.538148,-0.757685
3,Paro,HLH,0.7873,0.0640,0.7609,0.573808,-0.872046,0.521328,0.033589,0.017190,0.006355,0.575093,-0.870833,0.521852
1,CW,HHL,0.8539,0.9212,0.2081,0.706207,0.842405,-0.584586,0.137992,0.029191,0.038339,0.711944,0.847870,-0.581759
3,Paro,HLH,0.8194,0.0007,0.8444,0.637164,-0.996863,0.688527,0.077845,0.042643,0.054162,0.641481,-0.993796,0.692963
2,CCW,LHH,0.1509,0.8463,0.8661,-0.697645,0.693038,0.732231,0.044488,0.045825,0.026115,-0.693889,0.696481,0.734444
2,CCW,LHH,0.0753,0.8403,0.7274,-0.848779,0.680156,0.452240,0.086633,0.069566,0.066222,-0.843796,0.684907,0.458426
0,Default,HLL,0.7549,0.2753,0.2389,0.509942,-0.451551,-0.520110,0.097718,0.085582,0.137977,0.519907,-0.444815,-0.503148
3,Paro,HLH,0.9022,0.1876,0.8633,0.806195,-0.624589,0.727098,0.048557,0.060888,0.033055,0.810926,-0.619537,0.731296
2,CCW,LHH,0.1851,0.8864,0.7635,-0.629809,0.772839,0.527208,0.027934,0.027787,0.010875,-0.628241,0.774259,0.527870
0,Default,HHH,0.7424,0.7351,0.7294,0.483264,0.467899,0.460148,0.067100,0.069044,0.052722,0.488889,0.473981,0.464352
1,CW,HHL,0.7775,0.9172,0.1747,0.555448,0.834401,-0.650315,0.006421,0.008738,0.014396,0.555833,0.835000,-0.649074
3,Paro,HLH,0.9489,0.0622,0.8241,0.899919,-0.874363,0.648464,0.121380,0.029055,0.040368,0.909630,-0.871481,0.652315
1,CW,HHL,0.9455,0.7270,0.2841,0.891577,0.456100,-0.431988,0.088671,0.060700,0.050556,0.900463,0.460463,-0.428704
0,Default,movimiento,0.2495,0.8062,0.7208,-0.500124,-0.176710,0.441817,0.043663,5.000000,0.068294,-0.497315,0.468056,0.446296
0,Default,LLH,0.0297,0.1251,0.9840,-0.939557,-0.751374,0.967202,0.069224,0.203913,0.051983,-0.934722,-0.743704,0.971759
1,CW,HHL,0.8910,0.7369,0.1230,0.783024,0.469780,-0.753122,0.019604,0.185458,0.028861,0.784537,0.474907,-0.750648
2,CCW,LHH,0.0763,0.9973,0.8918,-0.844109,0.991490,0.785654,0.124762,0.157468,0.047429,-0.833148,0.998056,0.789630
2,CCW,LHH,0.2437,0.9547,0.8155,-0.514144,0.910486,0.628116,0.046588,0.031618,0.188795,-0.510741,0.913426,0.636111
1,CW,HHL,0.8836,0.8811,0.2239,0.769945,0.761001,-0.553675,0.137345,0.068842,0.030674,0.781019,0.766574,-0.551574
0,Default,LLH,0.2700,0.0769,0.7218,-0.458061,-0.854456,0.443330,0.037868,0.248324,0.026179,-0.455093,-0.838426,0.445926
1,CW,HHL,0.7402,0.8162,0.1168,0.480758,0.632743,-0.767118,0.033830,0.079867,0.041367,0.483148,0.638148,-0.763981
3,Paro,HLH,0.7181,0.0014,0.9058,0.435226,-0.997529,0.810098,0.052725,0.019206,0.090974,0.439167,-0.995741,0.815370
0,Default,medio,0.1609,0.5330,0.2566,-0.678851,0.066351,-0.484476,0.047668,0.071535,0.035095,-0.675741,0.071019,-0.481852
1,CW,HHL,0.9600,0.7478,0.1841,0.921036,0.499936,-0.629852,0.084751,0.222502,0.051725,0.927963,0.517870,-0.625648
3,Paro,HLH,0.9860,0.1858,0.7073,0.972526,-0.627729,0.414650,0.046582,0.020889,0.033101,0.975556,-0.625926,0.417407
2,CCW,LHH,0.1783,0.8186,0.9230,-0.644957,0.639144,0.847170,0.062210,0.039834,0.041963,-0.641204,0.642222,0.850648
2,CCW,LHH,0.0901,0.8040,0.8205,-0.810932,0.608249,0.640055,0.293415,0.033726,0.024048,-0.784630,0.610093,0.641944
2,CCW,LHH,0.0399,0.9083,0.8364,-0.919236,0.816606,0.673516,0.057717,0.047646,0.052165,-0.915093,0.819259,0.677778
3,Paro,HLH,0.9402,0.2435,0.7520,0.874971,-0.510272,0.502726,0.218890,0.152720,0.078589,0.883611,-0.488056,0.508426
0,Default,medio,0.5362,0.5661,0.4512,0.071698,0.132002,-0.100014,0.025262,0.024754,0.103334,0.075093,0.133981,-0.096852
2,CCW,LHH,0.0732,0.7781,0.9363,-0.851832,0.552972,0.872242,0.051669,0.084078,0.039992,-0.847870,0.557685,0.875370
0,Default,HHH,0.7246,0.7639,0.8066,0.455454,0.527526,0.607879,0.248382,0.014937,0.214732,0.472963,0.528704,0.613981
3,Paro,HLH,0.8829,0.0988,0.9741,0.765677,-0.803579,0.948791,0.021933,0.076786,0.030209,0.767407,-0.798056,0.951667
2,CCW,LHH,0.2558,0.7562,0.8938,-0.484818,0.512237,0.787005,0.043854,0.149174,0.046952,-0.482407,0.522685,0.791204
0,Default,movimiento,0.8183,0.8841,0.0753,0.636730,0.768617,0.019248,0.015403,0.032797,5.000000,0.638056,0.770556,0.727037
3,Paro,HLH,0.8984,0.0427,0.8023,0.793183,-0.914031,0.607538,0.128368,0.035096,0.179098,0.797870,-0.911481,0.622222
2,CCW,LHH,0.2720,0.7733,0.7115,-0.458678,0.546843,0.421655,0.114183,0.023524,0.025820,-0.455000,0.548333,0.423519
3,Paro,HLH,0.7761,0.0444,0.8572,0.556765,-0.912185,0.714505,0.151682,0.030698,0.042109,0.567963,-0.909630,0.717685
2,CCW,LHH,0.2451,0.9573,0.9626,-0.509372,0.914320,0.924974,0.021182,0.029597,0.021336,-0.507593,0.917500,0.926296
2,CCW,LHH,0.2897,0.9502,0.9217,-0.421100,0.902008,0.839230,0.077048,0.039945,0.174106,-0.415370,0.904815,0.847685
2,CCW,LHH,0.2280,0.7744,0.9048,-0.554126,0.543984,0.808973,0.246640,0.182729,0.018675,-0.542593,0.549815,0.810185
2,CCW,LHH,0.0818,0.9315,0.8717,-0.835874,0.861959,0.743452,0.048628,0.035646,0.032232,-0.832778,0.864722,0.745926
0,Default,HHH,0.8799,0.7704,0.7500,0.754867,0.540692,0.500087,0.227796,0.007742,0.007110,0.761481,0.541389,0.500556
3,Paro,HLH,0.7687,0.2818,0.9141,0.537419,-0.435914,0.826111,0.309419,0.036508,0.033460,0.557315,-0.433519,0.828519
2,CCW,LHH,0.2081,0.8473,0.7082,-0.584106,0.694517,0.416756,0.029934,0.029089,0.037756,-0.581019,0.697222,0.419537
2,CCW,LHH,0.0501,0.8805,0.8693,-0.900367,0.759109,0.738076,0.058739,0.078524,0.054827,-0.896574,0.764167,0.741852
1,CW,HHL,0.7480,0.8746,0.2014,0.494615,0.749172,-0.595573,0.062637,0.069062,0.048361,0.499352,0.754815,-0.592222
1,CW,HHL,0.7060,0.7250,0.0742,0.411424,0.452234,-0.851641,0.074191,0.164339,0.065586,0.415833,0.464722,-0.846019
2,CCW,LHH,0.2357,0.8333,0.7093,-0.529054,0.664751,0.416453,0.021277,0.137977,0.103715,-0.527500,0.666944,0.419907
3,Paro,HLH,0.9441,0.0878,0.8588,0.887946,-0.823950,0.718466,0.027979,0.025196,0.065562,0.889444,-0.822500,0.723704
3,Paro,HLH,0.9992,0.0812,0.8451,0.997002,-0.836800,0.690000,0.030247,0.053115,0.031019,0.999722,-0.832407,0.693148
0,Default,HHH,0.8309,0.9802,0.9983,0.661212,0.959838,0.996004,0.012604,0.012914,0.014515,0.662685,0.960833,0.997315
2,CCW,LHH,0.0298,0.9803,0.9208,-0.940966,0.962995,0.839734,0.056283,0.114632,0.127474,-0.936389,0.968981,0.845370
1,CW,HHL,0.7981,0.8493,0.0793,0.593157,0.697312,-0.841325,0.195336,0.051330,0.060453,0.600278,0.701389,-0.835648
1,CW,HHL,0.7900,0.8173,0.2374,0.578189,0.634369,-0.523394,0.093092,0.008315,0.068716,0.581111,0.634907,-0.518519
0,Default,HHH,0.8620,0.8641,0.7086,0.722888,0.729086,0.416273,0.038654,0.050217,0.083285,0.726574,0.731667,0.426111
3,Paro,HLH,0.7848,0.1439,0.9459,0.571010,-0.715755,0.893993,0.058924,0.137629,0.142924,0.576296,-0.711296,0.904630
2,CCW,LHH,0.1144,0.9052,0.8501,-0.771019,0.808359,0.698927,0.014765,0.136730,0.067901,-0.769722,0.812130,0.700926
3,Paro,HLH,0.7832,0.0632,0.7425,0.567292,-0.873767,0.480315,0.030265,0.041604,0.201303,0.569352,-0.870833,0.487130
3,Paro,HLH,0.7681,0.2961,0.9568,0.540634,-0.407080,0.913053,0.228677,0.035842,0.024185,0.556574,-0.404537,0.915000
2,CCW,LHH,0.1084,0.8677,0.9161,-0.783345,0.735249,0.833406,0.019296,0.051216,0.093542,-0.781019,0.738241,0.846574
0,Default,medio,0.5529,0.2819,0.5025,0.103536,-0.438556,0.005796,0.160226,0.162160,0.027044,0.110833,-0.432685,0.007593
1,CW,HHL,0.9950,0.9191,0.0012,0.990020,0.836806,-0.994190,0.031001,0.028000,0.143342,0.992130,0.838426,-0.983241
0,Default,LLL,0.0011,0.1129,0.0681,-0.994650,-0.774416,-0.864346,0.117646,0.023439,0.084900,-0.986111,-0.772685,-0.860648
3,Paro,HLH,0.7445,0.2169,0.7401,0.490819,-0.560897,0.479499,0.143355,0.133033,0.063536,0.502222,-0.548704,0.482593
3,Paro,HLH,0.9215,0.2605,0.8463,0.843015,-0.478695,0.691959,0.032950,0.075406,0.044229,0.845648,-0.467500,0.695741
1,CW,HHL,0.8431,0.7734,0.1168,0.687025,0.546247,-0.766924,0.028672,0.051410,0.057638,0.689167,0.549907,-0.763519
1,CW,HHL,0.8331,0.9727,0.2016,0.665732,0.946979,-0.595177,0.061311,0.035190,0.101921,0.669352,0.949444,-0.587222
2,CCW,LHH,0.1438,0.8548,0.7735,-0.712378,0.709821,0.544494,0.023716,0.009837,0.112580,-0.710926,0.710648,0.547778
3,Paro,HLH,0.8893,0.1136,0.9586,0.778683,-0.772752,0.917182,0.015676,0.012238,0.013706,0.779815,-0.771759,0.918148
3,Paro,HLH,0.9706,0.0601,0.9899,0.940888,-0.884829,0.980009,0.006093,0.156243,0.008668,0.941389,-0.879074,0.980741
2,CCW,LHH,0.1126,0.8280,0.7055,-0.775477,0.658050,0.408637,0.020313,0.076728,0.138515,-0.773704,0.666019,0.413426
0,Default,LHL,0.0303,0.9537,0.0214,-0.939172,0.908354,-0.958744,0.033793,0.031136,0.051563,-0.937222,0.910556,-0.956019
2,CCW,LHH,0.0256,0.7281,0.7231,-0.949204,0.456392,0.446033,0.012887,0.016250,0.017275,-0.947963,0.457685,0.447222
0,Default,LHL,0.1953,0.7297,0.2582,-0.609294,0.460084,-0.482468,0.027449,0.020908,0.028770,-0.607037,0.461667,-0.480741
2,CCW,LHH,0.1954,0.9956,0.9252,-0.618663,0.990732,0.854089,0.162593,0.036680,0.053455,-0.610185,0.994074,0.856759
3,Paro,HLH,0.8591,0.2790,0.8767,0.717708,-0.440663,0.754919,0.021622,0.108749,0.030860,0.719537,-0.432222,0.756852
1,CW,HHL,0.9672,0.8546,0.1974,0.935550,0.710090,-0.605197,0.083954,0.070172,0.077839,0.941296,0.715093,-0.599907
2,CCW,LHH,0.0152,0.7898,0.7653,-0.970174,0.577792,0.530770,0.031404,0.120355,0.055424,-0.967778,0.584444,0.534167
0,Default,medio,0.0110,0.1522,0.4737,-0.974129,-0.690605,-0.050550,0.173011,0.177423,0.046989,-0.954259,-0.674907,-0.046111
2,CCW,LHH,0.2382,0.7417,0.7436,-0.520055,0.476762,0.487723,0.167896,0.235093,0.031324,-0.507593,0.483333,0.490093
0,Default,medio,0.2520,0.4492,0.5671,-0.498686,-0.102422,0.135952,0.183882,0.033977,0.059145,-0.491111,-0.099907,0.142315
3,Paro,HLH,0.8158,0.2107,0.9147,0.633192,-0.578001,0.829858,0.039834,0.052849,0.047851,0.636944,-0.574352,0.833148
1,CW,HHL,0.7233,0.8087,0.2418,0.451467,0.617306,-0.516843,0.213765,0.030864,0.041406,0.467407,0.619444,-0.514537
3,Paro,HLH,0.8610,0.1581,0.7806,0.722659,-0.683996,0.560223,0.022242,0.035782,0.039099,0.724259,-0.681574,0.564074
2,CCW,LHH,0.2918,0.7409,0.8844,-0.416409,0.481782,0.768403,0.040690,0.049879,0.072180,-0.412130,0.486944,0.773148
2,CCW,LHH,0.0693,0.8530,0.9076,-0.859910,0.705943,0.813316,0.114322,0.054544,0.047908,-0.850278,0.709537,0.816481
1,CW,HHL,0.7372,0.9952,0.0278,0.474280,0.987370,-0.943981,0.010682,0.202944,0.006014,0.474907,0.991574,-0.943426
2,CCW,LHH,0.1329,0.7884,0.8238,-0.734453,0.576322,0.647086,0.024799,0.025359,0.023825,-0.732685,0.578519,0.649259
0,Default,movimiento,0.2965,0.7590,0.9599,0.085049,0.516577,0.917983,5.000000,0.038537,0.055401,0.501944,0.519722,0.921759
2,CCW,LHH,0.1482,0.8048,0.8774,-0.705434,0.613984,0.755029,0.027991,0.261596,0.022062,-0.703611,0.636019,0.757315
3,Paro,HLH,0.8671,0.0101,0.9464,0.734606,-0.979491,0.891276,0.088734,0.049512,0.049734,0.739444,-0.976574,0.894537
1,CW,HHL,0.7289,0.8874,0.2249,0.459343,0.768880,-0.551910,0.178658,0.200724,0.041290,0.475370,0.778796,-0.547778
3,Paro,HLH,0.9098,0.2200,0.7788,0.817749,-0.560122,0.557812,0.027973,0.051594,0.047237,0.819630,-0.556111,0.561019
0,Default,medio,0.4103,0.5292,0.5874,-0.179693,0.056149,0.174977,0.018595,0.107030,0.013298,-0.178056,0.060278,0.176111
0,Default,medio,0.4997,0.5200,0.4577,-0.000298,0.039274,-0.084291,0.034542,0.025693,0.050915,0.002037,0.040833,-0.080833
1,CW,HHL,0.9728,0.9059,0.2214,0.944737,0.811959,-0.556979,0.036829,0.021483,0.022745,0.947130,0.813426,-0.555278
3,Paro,HLH,0.7317,0.2273,0.7292,0.461441,-0.543212,0.458559,0.166370,0.044002,0.053420,0.470648,-0.540648,0.462315
0,Default,LLH,0.1074,0.0965,0.7515,-0.780764,-0.809792,0.502674,0.201336,0.037154,0.078202,-0.765926,-0.805648,0.507407
2,CCW,LHH,0.1118,0.7648,0.9782,-0.776363,0.529155,0.956319,0.013892,0.012300,0.009187,-0.775370,0.529907,0.956944
2,CCW,LHH,0.1674,0.8270,0.7790,-0.660318,0.653328,0.552882,0.220718,0.021799,0.238840,-0.643889,0.655185,0.560093
1,CW,HHL,0.7115,0.8236,0.2673,0.422072,0.646797,-0.465061,0.038290,0.035181,0.068546,0.424907,0.649167,-0.459722
3,Paro,HLH,0.9570,0.2866,0.8457,0.914016,-0.426855,0.686536,0.013244,0.008416,0.211387,0.914907,-0.426111,0.692037
2,CCW,LHH,0.1392,0.9210,0.9430,-0.721374,0.842323,0.885966,0.021584,0.032891,0.031501,-0.719444,0.844722,0.888426
3,Paro,HLH,0.7844,0.1298,0.9736,0.572607,-0.739832,0.948131,0.199629,0.017346,0.017690,0.587130,-0.738704,0.949722
0,Default,LLH,0.1982,0.0428,0.7045,-0.603160,-0.914991,0.414002,0.046121,0.053749,0.243535,-0.599259,-0.911667,0.431296
1,CW,HHL,0.7787,0.8202,0.2598,0.557436,0.639256,-0.480582,0.011894,0.049844,0.007280,0.558704,0.641481,-0.479907
3,Paro,HLH,0.8215,0.1067,0.7197,0.643061,-0.785749,0.440362,0.034890,0.034482,0.042048,0.646481,-0.782870,0.442593
1,CW,HHL,0.7568,0.9796,0.1371,0.514630,0.960029,-0.724236,0.025542,0.022941,0.223695,0.516852,0.962037,-0.712500
1,CW,HHL,0.9216,0.8777,0.0665,0.843139,0.757396,-0.867173,0.011823,0.077740,0.006339,0.844167,0.762963,-0.866667
2,CCW,LHH,0.0311,0.9603,0.8708,-0.937315,0.920865,0.741331,0.107461,0.031621,0.040829,-0.914815,0.923056,0.743889
2,CCW,LHH,0.0141,0.7634,0.7542,-0.972474,0.526288,0.507642,0.039624,0.046098,0.025783,-0.969815,0.530185,0.510093
0,Default,medio,0.9739,0.5121,0.4693,0.947598,0.027506,-0.061603,0.029457,0.074214,0.025980,0.949630,0.034167,-0.059537
2,CCW,LHH,0.1567,0.7472,0.8771,-0.685605,0.494653,0.752567,0.033011,0.040798,0.040191,-0.683519,0.498148,0.756389
3,Paro,HLH,0.9939,0.0107,0.7718,0.989410,-0.978793,0.546317,0.094778,0.054381,0.112144,0.994167,-0.974907,0.559815
2,CCW,LHH,0.1315,0.9789,0.8503,-0.737350,0.960871,0.700009,0.027698,0.079198,0.016504,-0.734722,0.967778,0.701111
0,Default,HLL,0.9896,0.0354,0.2833,0.978921,-0.927199,-0.432581,0.023160,0.087017,0.013294,0.980741,-0.920833,-0.431481
0,Default,HLL,0.7400,0.1949,0.1360,0.471849,-0.610023,-0.727376,0.230587,0.022021,0.026999,0.481667,-0.608426,-0.724815
3,Paro,HLH,0.8759,0.1291,0.7696,0.751797,-0.734876,0.538409,0.010558,0.193522,0.061215,0.752593,-0.724722,0.540741
0,Default,HHH,0.9014,0.8135,0.8573,0.802902,0.626768,0.717899,0.087474,0.072292,0.242722,0.808426,0.630463,0.735463
1,CW,HHL,0.7938,0.9399,0.0871,0.585139,0.876658,-0.828189,0.073235,0.065856,0.035777,0.592315,0.881667,-0.825648
3,Paro,HLH,0.9582,0.2295,0.7941,0.917141,-0.541505,0.588362,0.037912,0.048876,0.060120,0.920000,-0.538148,0.591389
2,CCW,LHH,0.0255,0.8019,0.7978,-0.947159,0.599161,0.597425,0.044581,0.167100,0.130169,-0.943796,0.605556,0.607037
1,CW,HHL,0.7859,0.8931,0.2398,0.576209,0.782561,-0.524473,0.195220,0.167175,0.199740,0.592500,0.789907,-0.516019
3,Paro,HLH,0.7520,0.0152,0.8866,0.508744,-0.969444,0.772975,0.221153,0.021089,0.039457,0.525463,-0.967500,0.775833
1,CW,HHL,0.7062,0.8447,0.2190,0.411438,0.690437,-0.562569,0.055044,0.101019,0.050271,0.416296,0.697407,-0.558426
3,Paro,HLH,0.7348,0.2750,0.8867,0.471192,-0.449974,0.773981,0.122435,0.079528,0.054062,0.481667,-0.444259,0.777778
3,Paro,HLH,0.8671,0.0128,0.9610,0.736956,-0.971826,0.921635,0.178325,0.151050,0.020910,0.758889,-0.952685,0.923704
1,CW,HHL,0.9977,0.9345,0.0787,0.992216,0.872173,-0.841837,0.038456,0.204566,0.042035,0.995000,0.890000,-0.837870
2,CCW,LHH,0.0887,0.8162,0.9715,-0.822454,0.631895,0.942911,0.017591,0.018698,0.024443,-0.821204,0.633333,0.944444
1,CW,HHL,0.9648,0.9613,0.0108,0.927494,0.921762,-0.978316,0.035617,0.053129,0.062790,0.930370,0.924815,-0.973241
0,Default,LHL,0.1813,0.8620,0.2869,-0.637028,0.725035,-0.426314,0.009498,0.062164,0.020845,-0.636019,0.730093,-0.425000
1,CW,HHL,0.9230,0.8072,0.0020,0.848440,0.613429,-0.994167,0.070305,0.055539,0.056122,0.855093,0.618148,-0.988704
0,Default,LHL,0.2675,0.8589,0.0542,-0.465602,0.717237,-0.890098,0.060141,0.050893,0.075445,-0.461019,0.720833,-0.884815
1,CW,HHL,0.7429,0.8901,0.0957,0.484974,0.777112,-0.808533,0.107282,0.073076,0.084151,0.491019,0.781204,-0.801667
2,CCW,LHH,0.0012,0.8165,0.7370,-0.996432,0.632830,0.472532,0.026009,0.027493,0.034527,-0.993981,0.634444,0.474722
0,Default,LLH,0.2860,0.2935,0.7491,-0.428469,-0.409823,0.498420,0.009456,0.178055,0.012875,-0.427407,-0.393241,0.499537
0,Default,movimiento,0.0078,0.9336,0.7739,-0.985770,0.127164,0.548918,0.026019,5.000000,0.057392,-0.983333,0.730926,0.552037
3,Paro,HLH,0.8783,0.1990,0.8634,0.760289,-0.601496,0.731979,0.193397,0.043121,0.250059,0.781111,-0.597963,0.750556
0,Default,LLL,0.2027,0.2885,0.2548,-0.594054,-0.420715,-0.489366,0.040813,0.067200,0.033505,-0.591204,-0.415370,-0.487500
0,Default,LLL,0.0186,0.1868,0.1365,-0.962124,-0.625564,-0.727986,0.030003,0.035378,0.033774,-0.959722,-0.623333,-0.724722
2,CCW,LHH,0.0093,0.9301,0.7245,-0.981218,0.860613,0.456019,0.021816,0.017881,0.227347,-0.979722,0.862130,0.470648
2,CCW,LHH,0.2121,0.8534,0.9839,-0.582292,0.706979,0.967318,0.184420,0.020662,0.028676,-0.576389,0.708333,0.969537
3,Paro,HLH,0.9013,0.1347,0.9071,0.801198,-0.732413,0.814873,0.054071,0.047721,0.040488,0.805370,-0.727963,0.817500
0,Default,HHH,0.9951,0.9701,0.7128,0.989115,0.940975,0.427378,0.050596,0.113606,0.065502,0.992500,0.948148,0.433241
3,Paro,HLH,0.7767,0.2645,0.8723,0.553545,-0.470052,0.750663,0.041138,0.042384,0.257914,0.556389,-0.467778,0.769444
2,CCW,LHH,0.2628,0.7075,0.8163,-0.472101,0.413660,0.633605,0.085461,0.047826,0.045944,-0.465741,0.418148,0.637222
3,Paro,HLH,0.8724,0.2343,0.9771,0.740587,-0.532801,0.955095,0.182206,0.059920,0.031594,0.748241,-0.528889,0.957778
1,CW,HHL,0.8144,0.9194,0.1897,0.626927,0.838718,-0.615964,0.105864,0.047408,0.120156,0.634444,0.842685,-0.603611
3,Paro,HLH,0.7314,0.2953,0.8868,0.466120,-0.405339,0.778273,0.158473,0.108936,0.163484,0.483148,-0.396204,0.787500
3,Paro,HLH,0.9331,0.1461,0.9768,0.867885,-0.703872,0.954797,0.056388,0.161829,0.037287,0.873148,-0.692222,0.957870
3,Paro,HLH,0.7937,0.2773,0.7400,0.588843,-0.445602,0.481270,0.173976,0.048876,0.043411,0.610833,-0.441944,0.484259
1,CW,HHL,0.9294,0.8520,0.2815,0.857277,0.703718,-0.436881,0.122930,0.023763,0.025551,0.860185,0.705463,-0.435185
2,CCW,LHH,0.1330,0.8746,0.9263,-0.734476,0.750266,0.852509,0.051105,0.035766,0.037025,-0.731019,0.753241,0.855463
3,Paro,HLH,0.7370,0.2841,0.9638,0.472905,-0.430379,0.929957,0.071527,0.030531,0.104472,0.476296,-0.428333,0.938796
0,Default,medio,0.5004,0.5248,0.5348,0.000035,0.048047,0.068805,0.027625,0.075696,0.011463,0.001852,0.051667,0.069630
1,CW,HHL,0.9207,0.8763,0.2598,0.843125,0.751334,-0.481589,0.030093,0.044224,0.043841,0.846296,0.754722,-0.478148
3,Paro,HLH,0.8689,0.0996,0.9174,0.737668,-0.801065,0.834745,0.042322,0.029417,0.082408,0.741019,-0.798981,0.841019
0,Default,LHL,0.0291,0.9119,0.2560,-0.942231,0.823403,-0.487593,0.009844,0.013695,0.019659,-0.941111,0.824630,-0.485556
0,Default,medio,0.5893,0.4616,0.4682,0.178351,-0.076782,-0.062419,0.045499,0.050074,0.026669,0.180278,-0.072685,-0.060278
2,CCW,LHH,0.2206,0.8117,0.9222,-0.558142,0.622196,0.844213,0.033123,0.022159,0.021807,-0.556204,0.623611,0.847037
0,Default,medio,0.1057,0.1574,0.5724,-0.789158,-0.684858,0.145292,0.036230,0.074644,0.028947,-0.786389,-0.680278,0.148519
3,Paro,HLH,0.8552,0.1383,0.7148,0.710448,-0.724520,0.426088,0.039152,0.042583,0.159467,0.713611,-0.722037,0.433704
0,Default,LHL,0.1277,0.7193,0.0885,-0.744005,0.438767,-0.822781,0.029627,0.023892,0.016455,-0.741111,0.440648,-0.821389
0,Default,movimiento,0.2434,0.8505,0.9279,-0.514178,-0.007948,0.860049,0.051870,5.000000,0.238088,-0.510463,0.568796,0.878333
3,Paro,HLH,0.9744,0.0751,0.7547,0.945677,-0.848857,0.509311,0.211625,0.043455,0.043321,0.953426,-0.845648,0.513148
2,CCW,LHH,0.0103,0.9523,0.9092,-0.979346,0.904771,0.818087,0.027432,0.018199,0.024054,-0.977407,0.906481,0.819444
1,CW,HHL,0.7087,0.9276,0.0254,0.412920,0.856262,-0.948053,0.172059,0.028940,0.032062,0.420000,0.858333,-0.945370
3,Paro,HLH,0.9714,0.1140,0.7911,0.940043,-0.777535,0.582037,0.107266,0.214858,0.015409,0.943889,-0.771759,0.583333
2,CCW,LHH,0.2805,0.8318,0.7580,-0.439586,0.661950,0.514971,0.052662,0.046757,0.022625,-0.435278,0.664722,0.516667
1,CW,HHL,0.8291,0.7290,0.2326,0.656956,0.462703,-0.538264,0.063715,0.156968,0.072885,0.661852,0.474444,-0.533796
2,CCW,LHH,0.1452,0.9694,0.7696,-0.710723,0.937196,0.534248,0.035695,0.033780,0.225672,-0.707593,0.940556,0.540648
0,Default,medio,0.4106,0.4608,0.5999,-0.179123,-0.077552,0.196924,0.097977,0.032746,0.172681,-0.175926,-0.073704,0.203241
0,Default,LLH,0.2358,0.2083,0.7525,-0.529609,-0.584601,0.503591,0.046313,0.152983,0.062201,-0.526759,-0.577593,0.508519
3,Paro,HLH,0.9802,0.1729,0.9127,0.959146,-0.653791,0.827431,0.029421,0.023762,0.055129,0.961944,-0.651204,0.831204
2,CCW,LHH,0.0077,0.9789,0.8779,-0.979644,0.961843,0.755674,0.152109,0.064154,0.046643,-0.967407,0.967037,0.759074
1,CW,HHL,0.9402,0.8670,0.2851,0.880081,0.735336,-0.427306,0.026091,0.026194,0.175099,0.882315,0.737593,-0.410370
3,Paro,HLH,0.9804,0.0099,0.9252,0.959957,-0.978490,0.847190,0.050665,0.089698,0.163151,0.964630,-0.969722,0.853796
0,Default,movimiento,0.7237,0.0087,0.7275,-0.106959,-0.982115,0.452711,5.000000,0.081809,0.062068,0.346481,-0.970000,0.457778
3,Paro,HLH,0.9219,0.1207,0.7061,0.841551,-0.758562,0.419751,0.082945,0.086844,0.332301,0.845185,-0.751111,0.449537
2,CCW,LHH,0.0397,0.8172,0.9429,-0.922028,0.639491,0.886259,0.032866,0.235319,0.028946,-0.919630,0.656944,0.888704
1,CW,HHL,0.7912,0.8605,0.1235,0.580848,0.720966,-0.749864,0.101088,0.037767,0.183755,0.585648,0.723889,-0.731667
1,CW,HHL,0.7049,0.9898,0.0040,0.409766,0.978953,-0.991727,0.088142,0.030891,0.034541,0.427870,0.981111,-0.989259
1,CW,HHL,0.8590,0.8641,0.2729,0.716004,0.727500,-0.454213,0.036038,0.034563,0.029847,0.718611,0.729815,-0.452593
3,Paro,HLH,0.7656,0.2362,0.8623,0.536927,-0.529491,0.719505,0.255361,0.084657,0.222084,0.555833,-0.524167,0.730185
1,CW,HHL,0.9173,0.8667,0.1405,0.833600,0.733478,-0.719358,0.039060,0.034645,0.041562,0.836574,0.736296,-0.716944
0,Default,LLH,0.2074,0.1105,0.8567,-0.584424,-0.776687,0.713446,0.025579,0.052429,0.030544,-0.581852,-0.773241,0.715463
2,CCW,LHH,0.2800,0.8446,0.9643,-0.437867,0.688157,0.928197,0.046877,0.071641,0.056535,-0.433889,0.692778,0.933056
2,CCW,LHH,0.2734,0.7647,0.7242,-0.453805,0.531615,0.448498,0.073028,0.220126,0.075046,-0.448148,0.547130,0.455000
1,CW,HHL,0.9508,0.9381,0.0119,0.901591,0.876236,-0.977338,0.018037,0.041709,0.030048,0.902963,0.885185,-0.975833
0,Default,movimiento,0.9649,0.9857,0.1607,0.925185,0.199667,-0.678111,0.191386,5.000000,0.012716,0.930556,0.828889,-0.677315
3,Paro,HLH,0.8843,0.2485,0.9212,0.767549,-0.503646,0.840590,0.054493,0.067673,0.068558,0.770556,-0.499444,0.845741
3,Paro,HLH,0.7821,0.1022,0.7978,0.564670,-0.794381,0.595130,0.094886,0.088769,0.057884,0.572593,-0.786944,0.599167
1,CW,HHL,0.8373,0.9233,0.1581,0.671224,0.845978,-0.683828,0.140297,0.009204,0.016466,0.675926,0.846852,-0.682778
0,Default,LLL,0.2147,0.1615,0.0811,-0.569236,-0.679852,-0.836667,0.053417,0.154029,0.068651,-0.564167,-0.673796,-0.831852
1,CW,HHL,0.9035,0.7919,0.0210,0.808435,0.583284,-0.958521,0.102704,0.030181,0.018305,0.817037,0.585556,-0.957037
0,Default,medio,0.9660,0.1425,0.5646,0.932352,-0.715249,0.130825,0.037459,0.052046,0.087385,0.935000,-0.711667,0.137222
3,Paro,HLH,0.9295,0.1618,0.7693,0.859022,-0.678015,0.537448,0.049573,0.048742,0.082918,0.862037,-0.673704,0.544259
2,CCW,LHH,0.2340,0.9820,0.7184,-0.531988,0.964054,0.437283,0.014398,0.006742,0.010459,-0.531204,0.964444,0.438056
1,CW,HHL,0.9457,0.9514,0.1471,0.891696,0.903848,-0.706780,0.026205,0.066952,0.264320,0.893796,0.912315,-0.688426
0,Default,LLH,0.0515,0.2042,0.9336,-0.892619,-0.590911,0.866360,0.153246,0.028322,0.111238,-0.881944,-0.587870,0.870556
2,CCW,LHH,0.2051,0.8799,0.7834,-0.585943,0.760906,0.568356,0.144369,0.046602,0.061864,-0.573981,0.764444,0.572870
3,Paro,HLH,0.9278,0.0328,0.8012,0.855625,-0.934534,0.602674,0.010123,0.011406,0.014511,0.856296,-0.933611,0.603796
0,Default,medio,0.5192,0.0827,0.5463,0.038521,-0.834887,0.092795,0.031610,0.018243,0.022161,0.041111,-0.833611,0.094259
0,Default,HLL,0.9762,0.1646,0.1242,0.952497,-0.670992,-0.753545,0.037489,0.104477,0.035050,0.955185,-0.661944,-0.750278
1,CW,HHL,0.7987,0.9933,0.2740,0.596241,0.985880,-0.452358,0.039690,0.105684,0.090884,0.598796,0.990093,-0.448241
2,CCW,LHH,0.2176,0.7981,0.7782,-0.559919,0.592442,0.556837,0.216212,0.207371,0.012250,-0.544537,0.596944,0.557685
1,CW,HHL,0.8056,0.8036,0.2046,0.610177,0.607219,-0.591019,0.047335,0.009012,0.010671,0.611481,0.607870,-0.590093
2,CCW,LHH,0.1303,0.8927,0.7243,-0.737240,0.786395,0.446898,0.139221,0.040612,0.032012,-0.720093,0.789537,0.449352
1,CW,HHL,0.9579,0.8949,0.1680,0.918478,0.788420,-0.664656,0.099975,0.070952,0.021170,0.925926,0.792222,-0.662870
0,Default,medio,0.4487,0.1927,0.5150,-0.104201,-0.614690,0.031690,0.080610,0.029444,0.068402,-0.101389,-0.612778,0.036852
2,CCW,LHH,0.0669,0.9523,0.7143,-0.862251,0.904635,0.428721,0.222002,0.052665,0.049951,-0.845556,0.907130,0.432222
1,CW,HHL,0.8114,0.7876,0.1013,0.622552,0.572619,-0.796994,0.033991,0.083215,0.139144,0.625185,0.579259,-0.785741
3,Paro,HLH,0.8660,0.0968,0.7852,0.730573,-0.804280,0.565278,0.111638,0.074921,0.234021,0.734722,-0.798333,0.571852
2,CCW,LHH,0.1709,0.9540,0.9231,-0.659447,0.908600,0.845391,0.112560,0.025547,0.146962,-0.649167,0.910648,0.865833
3,Paro,HLH,0.7474,0.0713,0.8141,0.498854,-0.851968,0.626811,0.277796,0.241847,0.050384,0.519907,-0.833611,0.630648
1,CW,HHL,0.7162,0.7588,0.1178,0.431600,0.518600,-0.764103,0.109144,0.052639,0.047232,0.438241,0.522870,-0.760370
2,CCW,LHH,0.2374,0.9391,0.9402,-0.524285,0.878079,0.879627,0.038873,0.020403,0.020684,-0.521574,0.880093,0.881667
0,Default,HHH,0.8775,0.7669,0.7143,0.755090,0.532245,0.427818,0.029630,0.029149,0.044990,0.757870,0.534074,0.431204
2,CCW,LHH,0.0533,0.7689,0.8356,-0.893536,0.538128,0.673183,0.023539,0.019801,0.029969,-0.892315,0.539815,0.676296
3,Paro,HLH,0.8139,0.2249,0.7167,0.629245,-0.550480,0.433223,0.129591,0.013712,0.007168,0.649537,-0.549167,0.433889
0,Default,LLH,0.1889,0.0051,0.8042,-0.621667,-0.987396,0.610793,0.116948,0.049895,0.099885,-0.615648,-0.983704,0.618519
2,CCW,LHH,0.0302,0.9223,0.7633,-0.939190,0.845243,0.527972,0.042162,0.039133,0.052584,-0.936296,0.848704,0.532870
2,CCW,LHH,0.0786,0.8457,0.9620,-0.842925,0.691528,0.924349,0.014091,0.022894,0.009322,-0.841944,0.693148,0.925000
3,Paro,HLH,0.8114,0.2379,0.8609,0.622931,-0.523458,0.721204,0.033886,0.061314,0.034001,0.625833,-0.520093,0.723796
1,CW,HHL,0.8633,0.8746,0.1920,0.726262,0.749155,-0.616345,0.021759,0.029422,0.033495,0.727963,0.750926,-0.614630
2,CCW,LHH,0.1313,0.7077,0.7771,-0.737457,0.412931,0.555174,0.033239,0.134589,0.101382,-0.734444,0.419074,0.565185
3,Paro,HLH,0.8055,0.2241,0.7371,0.611117,-0.551988,0.472998,0.038347,0.052266,0.054468,0.613704,-0.548148,0.476667
0,Default,medio,0.8592,0.5539,0.5918,0.716586,0.106615,0.183099,0.035626,0.028332,0.052799,0.719630,0.109444,0.186852
1,CW,HHL,0.8062,0.9535,0.1624,0.614262,0.905503,-0.675260,0.086901,0.085804,0.064806,0.620000,0.911204,-0.669722
3,Paro,HLH,0.8924,0.0624,0.9969,0.785851,-0.874520,0.993429,0.073197,0.103778,0.054896,0.790000,-0.868426,0.998241
2,CCW,LHH,0.1542,0.9745,0.8918,-0.691672,0.945359,0.783333,0.033208,0.137377,0.188464,-0.688889,0.952037,0.792037
0,Default,movimiento,0.8350,0.0017,0.9268,0.119595,-0.995634,0.854288,5.000000,0.036408,0.046037,0.567037,-0.992870,0.856852
2,CCW,LHH,0.2877,0.9923,0.8425,-0.422413,0.982373,0.686453,0.031554,0.186018,0.023122,-0.420648,0.990000,0.688241
0,Default,HLL,0.8460,0.0480,0.2379,0.691837,-0.905362,-0.523325,0.013720,0.013905,0.065394,0.692778,-0.903889,-0.516481
0,Default,LLH,0.2739,0.2920,0.9797,-0.452714,-0.411424,0.960738,0.079148,0.201137,0.069525,-0.446204,-0.395741,0.964907
2,CCW,LHH,0.0234,0.8962,0.8758,-0.952613,0.795657,0.750628,0.034411,0.160379,0.037445,-0.949537,0.807407,0.753519
2,CCW,LHH,0.1384,0.7123,0.7469,-0.722781,0.426487,0.492564,0.065094,0.060802,0.108469,-0.717407,0.430741,0.501111
2,CCW,LHH,0.0694,0.7867,0.9685,-0.860900,0.573383,0.931921,0.102356,0.075644,0.166777,-0.854815,0.577963,0.943056
1,CW,HHL,0.8034,0.8889,0.0323,0.600159,0.777645,-0.934375,0.223578,0.040169,0.045468,0.610833,0.781481,-0.931389
1,CW,HHL,0.8955,0.8258,0.0826,0.790917,0.651994,-0.833686,0.012430,0.011703,0.013164,0.792037,0.653241,-0.832407
2,CCW,LHH,0.2480,0.8960,0.8085,-0.503626,0.792457,0.615958,0.063113,0.051887,0.046945,-0.498333,0.797593,0.618519
2,CCW,LHH,0.1057,0.7676,0.8657,-0.791288,0.534925,0.728027,0.066507,0.090356,0.159967,-0.786574,0.541944,0.734722
3,Paro,HLH,0.9278,0.0341,0.9578,0.854731,-0.931820,0.916794,0.038497,0.044408,0.152914,0.857222,-0.927500,0.928148
3,Paro,HLH,0.7637,0.1630,0.8373,0.527309,-0.671947,0.669919,0.043108,0.188287,0.142470,0.530741,-0.655370,0.676852
0,Default,LLH,0.0434,0.1402,0.8378,-0.912905,-0.717101,0.675188,0.021206,0.163171,0.020382,-0.910741,-0.699722,0.676852
0,Default,medio,0.5181,0.5885,0.5303,0.036684,0.176412,0.060223,0.023367,0.030921,0.036047,0.038519,0.178704,0.063981
1,CW,HHL,0.9267,0.9205,0.2519,0.854783,0.840828,-0.490573,0.127302,0.045205,0.202227,0.864167,0.845741,-0.475741
2,CCW,LHH,0.2368,0.8676,0.8269,-0.527784,0.735657,0.657529,0.033689,0.030056,0.222914,-0.525278,0.737963,0.673704
0,Default,LHL,0.2053,0.7794,0.1500,-0.589297,0.558689,-0.700935,0.018990,0.017129,0.044655,-0.588148,0.560370,-0.697778
1,CW,HHL,0.8479,0.7960,0.0808,0.692957,0.594618,-0.838605,0.127975,0.088496,0.028059,0.697037,0.602037,-0.836204
0,Default,LHL,0.2103,0.9883,0.2168,-0.578009,0.977425,-0.566968,0.043221,0.027146,0.023677,-0.573981,0.978704,-0.565463
1,CW,HHL,0.7442,0.8742,0.1635,0.488345,0.746672,-0.673967,0.033559,0.028321,0.022872,0.490370,0.748889,-0.671019
0,Default,LLH,0.2334,0.0406,0.8519,-0.532917,-0.921918,0.703273,0.019582,0.108360,0.019968,-0.531296,-0.918426,0.704537
3,Paro,HLH,0.7380,0.0488,0.8449,0.475677,-0.902549,0.689795,0.025446,0.016902,0.021558,0.478056,-0.901111,0.691944
2,CCW,LHH,0.1658,0.7579,0.9197,-0.669508,0.514933,0.840148,0.031010,0.029854,0.025795,-0.667593,0.516481,0.842130
0,Default,HLL,0.9241,0.2179,0.1196,0.848912,-0.564008,-0.760246,0.024654,0.023757,0.032010,0.850648,-0.562222,-0.758241
3,Paro,HLH,0.7630,0.1089,0.8432,0.524945,-0.780150,0.688215,0.068712,0.071394,0.054559,0.530093,-0.773426,0.691852
0,Default,HHH,0.9153,0.7445,0.7906,0.831979,0.489366,0.579922,0.024741,0.056855,0.033600,0.833796,0.493333,0.582685
0,Default,LLL,0.0222,0.1994,0.2575,-0.957593,-0.601317,-0.482378,0.070919,0.070430,0.037080,-0.951852,-0.587963,-0.480278
0,Default,LLH,0.1842,0.0875,0.9825,-0.630807,-0.826687,0.965587,0.092027,0.063615,0.067628,-0.623796,-0.822593,0.972500
0,Default,movimiento,0.8221,0.0514,0.7717,0.094482,-0.893895,0.543261,5.000000,0.157654,0.020294,0.542037,-0.882407,0.545185
1,CW,HHL,0.9996,0.9093,0.0028,0.996713,0.817729,-0.993961,0.021669,0.066198,0.035663,0.998796,0.821296,-0.991667
2,CCW,LHH,0.1187,0.7887,0.7969,-0.763235,0.578805,0.592321,0.056277,0.063000,0.045198,-0.759815,0.583611,0.595093
3,Paro,HLH,0.7869,0.0487,0.8498,0.573588,-0.899233,0.699783,0.010384,0.179220,0.016779,0.574352,-0.885926,0.701204
3,Paro,HLH,0.7581,0.0949,0.7865,0.516863,-0.809667,0.573249,0.044382,0.022427,0.023388,0.520741,-0.808148,0.575000
0,Default,LLL,0.2600,0.1180,0.1822,-0.480388,-0.769609,-0.635006,0.016847,0.227363,0.016162,-0.479167,-0.763241,-0.633796
2,CCW,LHH,0.0252,0.7778,0.7928,-0.950752,0.560830,0.588519,0.024592,0.261897,0.196292,-0.948611,0.581574,0.601852
3,Paro,HLH,0.7246,0.2289,0.8749,0.447784,-0.542208,0.746453,0.051602,0.039352,0.181117,0.452037,-0.540000,0.754167
2,CCW,LHH,0.2233,0.8026,0.8250,-0.553527,0.603819,0.645608,0.216952,0.057382,0.172555,-0.525926,0.607870,0.653889
1,CW,HHL,0.7987,0.8699,0.2468,0.597318,0.740017,-0.505903,0.016011,0.013416,0.013719,0.598796,0.740833,-0.504537
0,Default,HHH,0.8587,0.7313,0.7019,0.713892,0.462237,0.403681,0.175729,0.009958,0.020172,0.718981,0.463056,0.405093
0,Default,movimiento,0.7712,0.2297,0.8531,0.541956,-0.051337,0.711100,0.033459,5.000000,0.186113,0.544259,0.348426,0.724444
1,CW,HHL,0.9270,0.9512,0.1165,0.853927,0.901953,-0.765758,0.037064,0.053072,0.097257,0.856481,0.905833,-0.745741
0,Default,LLL,0.2662,0.1763,0.1957,-0.468082,-0.647135,-0.609201,0.029943,0.054894,0.046867,-0.465000,-0.643333,-0.605833
2,CCW,LHH,0.2395,0.8720,0.7796,-0.521137,0.743602,0.557040,0.087247,0.070065,0.093140,-0.518148,0.753889,0.564537
3,Paro,HLH,0.7448,0.0295,0.8982,0.489482,-0.941250,0.798383,0.007631,0.010023,0.338643,0.490185,-0.940370,0.820278
0,Default,LLH,0.1524,0.0700,0.9806,-0.692199,-0.859575,0.961484,0.165665,0.019928,0.021603,-0.676574,-0.857963,0.962685
3,Paro,HLH,0.9417,0.1477,0.9950,0.883912,-0.703932,0.987688,0.082728,0.082300,0.037880,0.888796,-0.699074,0.990648
1,CW,HHL,0.8926,0.9558,0.1918,0.786719,0.911155,-0.615515,0.106103,0.061408,0.087923,0.795278,0.915741,-0.608889
3,Paro,HLH,0.9858,0.2219,0.8268,0.970660,-0.557552,0.652098,0.033494,0.029745,0.083599,0.973148,-0.554722,0.657315
3,Paro,HLH,0.7609,0.0386,0.9528,0.521973,-0.925058,0.905984,0.010849,0.106844,0.041416,0.523056,-0.921759,0.907315
2,CCW,LHH,0.1569,0.8780,0.8458,-0.685871,0.758805,0.696722,0.018616,0.151268,0.249027,-0.684722,0.770926,0.714815
1,CW,HHL,0.9826,0.9137,0.0527,0.965130,0.825932,-0.894543,0.025330,0.112691,0.009578,0.966574,0.828333,-0.893796
0,Default,LLH,0.1661,0.0306,0.9470,-0.668166,-0.938837,0.894280,0.011464,0.015752,0.009833,-0.667037,-0.937593,0.895000
2,CCW,LHH,0.0211,0.8519,0.9727,-0.957786,0.700240,0.945124,0.024691,0.201411,0.019050,-0.956481,0.705926,0.946574
2,CCW,LHH,0.0949,0.8428,0.7910,-0.811600,0.685747,0.576073,0.109857,0.011929,0.250836,-0.809074,0.686574,0.583148
2,CCW,LHH,0.1091,0.7840,0.9680,-0.785961,0.569366,0.936698,0.213986,0.060695,0.063801,-0.775648,0.573519,0.942222
1,CW,HHL,0.9254,0.8492,0.0263,0.851221,0.698359,-0.945324,0.054041,0.024245,0.088930,0.855000,0.700093,-0.938704
2,CCW,LHH,0.2208,0.7735,0.9903,-0.558472,0.545521,0.975990,0.041590,0.054924,0.189425,-0.555648,0.551759,0.982870
0,Default,movimiento,0.9198,0.9609,0.1015,-0.061493,0.921395,-0.797856,5.000000,0.035786,0.034222,0.673241,0.925093,-0.795185
1,CW,HHL,0.8555,0.8224,0.2403,0.711172,0.640619,-0.520367,0.024365,0.140046,0.017991,0.712685,0.646111,-0.518889
0,Default,medio,0.4454,0.0992,0.0996,-0.108840,-0.801577,-0.801536,0.017676,0.026096,0.017195,-0.107778,-0.799722,-0.799815
2,CCW,LHH,0.1921,0.9432,0.9359,-0.614303,0.889580,0.869931,0.101465,0.074745,0.060692,-0.594074,0.893333,0.875741
0,Default,medio,0.4304,0.4332,0.4647,-0.137497,-0.134034,-0.072034,0.052689,0.071364,0.043052,-0.133611,-0.130093,-0.069074
0,Default,medio,0.9648,0.0313,0.5510,0.929988,-0.938330,0.102161,0.039470,0.049089,0.090614,0.932407,-0.933981,0.107685
3,Paro,HLH,0.9394,0.2150,0.9076,0.881727,-0.569905,0.816756,0.148509,0.037139,0.058702,0.888981,-0.565370,0.821481
1,CW,HHL,0.7958,0.9531,0.0020,0.589957,0.905848,-0.995188,0.043105,0.050301,0.029641,0.592500,0.909259,-0.992963
1,CW,HHL,0.9874,0.9102,0.0437,0.974514,0.820969,-0.911088,0.036591,0.057373,0.030143,0.977500,0.824907,-0.908981
2,CCW,LHH,0.1412,0.9564,0.7990,-0.718562,0.911994,0.600625,0.041023,0.044258,0.067654,-0.715926,0.914630,0.607778
1,CW,HHL,0.9429,0.8238,0.0529,0.886400,0.646363,-0.895411,0.044777,0.032424,0.038842,0.888796,0.648426,-0.892778
2,CCW,LHH,0.0861,0.9562,0.7762,-0.827957,0.906606,0.552960,0.097083,0.223707,0.110642,-0.808889,0.915093,0.566296
1,CW,HHL,0.8717,0.8354,0.2008,0.744997,0.670081,-0.597523,0.081226,0.043045,0.047574,0.750648,0.672500,-0.594259
2,CCW,LHH,0.2508,0.8277,0.9494,-0.498142,0.655874,0.897827,0.029615,0.017438,0.023039,-0.495741,0.657037,0.899444
0,Default,movimiento,0.0041,0.9986,0.9795,-0.990451,0.245408,0.962306,0.031500,5.000000,0.060949,-0.987685,0.857778,0.966296
2,CCW,LHH,0.2984,0.7664,0.7813,-0.403258,0.532627,0.557740,0.011880,0.012149,0.220494,-0.402222,0.533611,0.563704
3,Paro,HLH,0.7191,0.1987,0.9683,0.437462,-0.602471,0.936108,0.044103,0.071788,0.034797,0.440926,-0.597870,0.939074
1,CW,HHL,0.7571,0.8018,0.2344,0.516589,0.602023,-0.532364,0.044961,0.045886,0.099655,0.520093,0.610185,-0.529167
2,CCW,LHH,0.2024,0.8099,0.7203,-0.600732,0.620564,0.439586,0.218290,0.112339,0.148393,-0.592500,0.624630,0.447222
1,CW,HHL,0.9950,0.9390,0.1719,0.990663,0.877917,-0.656360,0.021631,0.021057,0.024031,0.992315,0.879444,-0.655000
2,CCW,LHH,0.0376,0.9946,0.7872,-0.920003,0.988990,0.568767,0.226103,0.026767,0.245862,-0.903333,0.991667,0.577407
1,CW,HHL,0.9383,0.7455,0.1020,0.875272,0.490761,-0.795281,0.057315,0.017947,0.006932,0.877778,0.492130,-0.794630
2,CCW,LHH,0.1414,0.9855,0.8658,-0.717671,0.968721,0.728808,0.055946,0.114158,0.146853,-0.715278,0.971019,0.733241
0,Default,medio,0.5422,0.5850,0.4685,0.088935,0.170946,-0.064036,0.235204,0.126188,0.088223,0.107315,0.180463,-0.057593
3,Paro,HLH,0.9882,0.1189,0.7442,0.975509,-0.757037,0.486771,0.021568,0.216139,0.261988,0.977963,-0.741019,0.501019
3,Paro,HLH,0.8267,0.2518,0.7503,0.653996,-0.499858,0.500220,0.030403,0.157392,0.016599,0.655741,-0.488704,0.501204
0,Default,HHH,0.7974,0.8239,0.8469,0.593944,0.645663,0.693779,0.066099,0.059370,0.050445,0.599259,0.648981,0.696389
0,Default,HLL,0.9893,0.0639,0.2142,0.977630,-0.871725,-0.571314,0.044178,0.017213,0.010551,0.979352,-0.870093,-0.570648
3,Paro,HLH,0.9028,0.0810,0.7181,0.805339,-0.837775,0.437023,0.094981,0.061548,0.069805,0.812593,-0.830741,0.444259
3,Paro,HLH,0.7457,0.1212,0.9942,0.491820,-0.757876,0.986224,0.072063,0.054839,0.037409,0.495741,-0.754167,0.990000
0,Default,movimiento,0.0751,0.8541,0.7617,-0.850249,0.119181,0.522827,0.023216,5.000000,0.028668,-0.848333,0.599722,0.524907
3,Paro,HLH,0.9755,0.1775,0.8879,0.951866,-0.648600,0.775799,0.079897,0.139974,0.113405,0.956296,-0.643333,0.784537
1,CW,HHL,0.9669,0.7422,0.1222,0.935865,0.484062,-0.760984,0.087124,0.018389,0.215778,0.942315,0.485370,-0.754815
2,CCW,LHH,0.1251,0.9506,0.9236,-0.751094,0.906091,0.843507,0.029950,0.150199,0.098432,-0.748426,0.917407,0.847130
1,CW,HHL,0.7979,0.8639,0.2068,0.594763,0.729222,-0.582807,0.054711,0.082127,0.224829,0.597963,0.734259,-0.563148
3,Paro,HLH,0.7828,0.1215,0.8546,0.567109,-0.756944,0.709213,0.079389,0.021381,0.025132,0.572778,-0.754907,0.711944
0,Default,LHL,0.1546,0.7275,0.2679,-0.690579,0.456279,-0.461698,0.140958,0.082780,0.053921,-0.679907,0.462222,-0.456944
3,Paro,HLH,0.7018,0.1950,0.9464,0.402645,-0.610425,0.892052,0.031137,0.029677,0.025562,0.405463,-0.607407,0.894074
1,CW,HHL,0.9458,0.7212,0.1627,0.891629,0.440935,-0.672700,0.025198,0.121510,0.086975,0.893333,0.443889,-0.666296
3,Paro,HLH,0.8277,0.0895,0.7838,0.657674,-0.820616,0.569745,0.075420,0.082703,0.040310,0.663889,-0.813611,0.572870
0,Default,medio,0.9170,0.4762,0.5771,0.834034,-0.054117,0.153840,0.029897,0.202631,0.028480,0.836111,-0.045833,0.155926
3,Paro,HLH,0.7450,0.2544,0.8685,0.490995,-0.491536,0.735408,0.081568,0.055440,0.095222,0.495648,-0.487685,0.740000
1,CW,HHL,0.7996,0.7371,0.2262,0.598411,0.474089,-0.547089,0.092786,0.038448,0.039976,0.601667,0.476481,-0.544537
1,CW,HHL,0.7692,0.7599,0.1762,0.538006,0.518837,-0.646629,0.035187,0.053017,0.071227,0.539907,0.521574,-0.640648
1,CW,HHL,0.9868,0.8279,0.0137,0.973354,0.655949,-0.972526,0.051396,0.079742,0.060286,0.977500,0.664444,-0.966852
1,CW,HHL,0.9273,0.8103,0.1550,0.854586,0.621377,-0.689470,0.008465,0.209350,0.011417,0.855278,0.635000,-0.688519
1,CW,HHL,0.9991,0.7303,0.2769,0.995003,0.463076,-0.451687,0.065867,0.136106,0.188713,0.998241,0.474537,-0.445000
0,Default,LHL,0.0589,0.8522,0.0890,-0.884268,0.703950,-0.820269,0.035605,0.035798,0.131398,-0.880463,0.706667,-0.811759
3,Paro,HLH,0.8048,0.2769,0.8779,0.611181,-0.445935,0.756377,0.054983,0.039204,0.043954,0.614630,-0.443148,0.760093
0,Default,medio,0.5346,0.5787,0.5311,0.069149,0.157662,0.061918,0.015619,0.220714,0.014813,0.070093,0.176759,0.062870
1,CW,HHL,0.8996,0.8688,0.0635,0.798542,0.737740,-0.869525,0.049983,0.037864,0.186870,0.803704,0.740556,-0.851852
1,CW,HHL,0.8552,0.9845,0.2796,0.709604,0.969566,-0.440301,0.066224,0.063271,0.099323,0.713241,0.976204,-0.434630
1,CW,HHL,0.8528,0.7550,0.1008,0.710802,0.510139,-0.797402,0.215819,0.035945,0.033639,0.727778,0.513241,-0.795000
1,CW,HHL,0.9237,0.7164,0.0119,0.846270,0.432839,-0.976884,0.134180,0.013944,0.018011,0.848704,0.433704,-0.975741
0,Default,movimiento,0.9965,0.8184,0.2983,0.993299,0.015035,-0.403602,0.019226,5.000000,0.016806,0.994630,0.521481,-0.402315
0,Default,medio,0.5169,0.5425,0.4182,0.033082,0.085697,-0.162384,0.065420,0.042844,0.038365,0.036759,0.088704,-0.159352
1,CW,HHL,0.9149,0.7425,0.1814,0.830307,0.484951,-0.637784,0.031306,0.031384,0.021009,0.832500,0.487870,-0.636111
0,Default,movimiento,0.9509,0.1042,0.8812,0.897734,-0.793397,-0.092951,0.161152,0.110401,5.000000,0.902500,-0.790648,0.604167
0,Default,HHH,0.9899,0.9217,0.9932,0.980315,0.839939,0.987005,0.014291,0.164121,0.023440,0.981759,0.844352,0.988796
1,CW,HHL,0.7252,0.7927,0.2425,0.450457,0.583409,-0.515231,0.014810,0.245194,0.008852,0.451667,0.595370,-0.514630
1,CW,HHL,0.7158,0.7824,0.1430,0.431325,0.563964,-0.714193,0.097577,0.103094,0.060571,0.437500,0.570926,-0.709352
2,CCW,LHH,0.0385,0.9739,0.9900,-0.923455,0.949508,0.978730,0.056997,0.088325,0.038305,-0.918611,0.956944,0.981389
3,Paro,HLH,0.8799,0.2112,0.7828,0.758429,-0.576762,0.569219,0.081164,0.014415,0.177843,0.762130,-0.575648,0.582500
1,CW,HHL,0.8198,0.7027,0.1518,0.640150,0.407112,-0.696649,0.052034,0.064736,0.098681,0.644352,0.412037,-0.689907
1,CW,HHL,0.8194,0.9661,0.2206,0.638955,0.927737,-0.558620,0.019481,0.214435,0.033870,0.640463,0.934630,-0.556389
0,Default,LLH,0.0459,0.1955,0.8140,-0.908628,-0.605651,0.627795,0.022199,0.195942,0.019457,-0.907130,-0.590556,0.629259
2,CCW,LHH,0.2542,0.7826,0.9627,-0.491406,0.565327,0.925428,0.017822,0.026983,0.018435,-0.489537,0.567037,0.926852
1,CW,HHL,0.9545,0.9509,0.0200,0.908854,0.895914,-0.959968,0.020548,0.201041,0.009125,0.910556,0.903241,-0.959167
1,CW,HHL,0.7337,0.9908,0.1802,0.469146,0.982578,-0.635457,0.093623,0.026139,0.220763,0.476852,0.984444,-0.616204
0,Default,LLH,0.2164,0.1492,0.8453,-0.567373,-0.702743,0.689549,0.042878,0.064524,0.068880,-0.563426,-0.698889,0.696389
2,CCW,LHH,0.0365,0.8743,0.8292,-0.928866,0.752034,0.657488,0.097169,0.197416,0.053547,-0.923611,0.770648,0.661204
0,Default,medio,0.4915,0.8443,0.4945,-0.016163,0.693406,-0.011696,0.015452,0.241090,0.026692,-0.015000,0.711296,-0.008796
2,CCW,LHH,0.0227,0.7355,0.9334,-0.952824,0.473325,0.868053,0.065075,0.048301,0.051347,-0.947593,0.476759,0.872407
0,Default,movimiento,0.7941,0.1003,0.8036,0.588330,-0.799497,0.066128,0.019680,0.007110,5.000000,0.589722,-0.798981,0.506019
2,CCW,LHH,0.1832,0.8826,0.8751,-0.635587,0.769786,0.751736,0.068311,0.253104,0.090029,-0.629167,0.788704,0.757500
2,CCW,LHH,0.2209,0.9134,0.8726,-0.557286,0.827222,0.745231,0.021243,0.040484,0.024021,-0.555556,0.830185,0.747130
0,Default,movimiento,0.2660,0.8330,0.7833,0.226021,0.665486,0.566988,5.000000,0.046296,0.046137,0.791852,0.669537,0.570741
1,CW,HHL,0.7723,0.9689,0.1976,0.544878,0.938200,-0.604259,0.067739,0.042663,0.030633,0.549352,0.942130,-0.601852
1,CW,HHL,0.9856,0.7421,0.1147,0.972543,0.484546,-0.769815,0.029519,0.014402,0.019633,0.974259,0.485556,-0.767963
1,CW,HHL,0.7319,0.9544,0.1915,0.463423,0.909164,-0.618984,0.011003,0.010647,0.086691,0.464074,0.909815,-0.616111
3,Paro,HLH,0.8896,0.1691,0.9905,0.779346,-0.660645,0.976693,0.043775,0.038710,0.135924,0.782593,-0.658611,0.983981
1,CW,HHL,0.9303,0.8177,0.2678,0.860706,0.635107,-0.470017,0.045819,0.155037,0.214463,0.864074,0.647778,-0.463056
1,CW,HHL,0.8928,0.7420,0.0997,0.785246,0.478640,-0.799641,0.066809,0.268287,0.042343,0.789722,0.487315,-0.796296
0,Default,HHH,0.9690,0.7677,0.9453,0.937633,0.535781,0.890405,0.009682,0.005984,0.010976,0.938611,0.536389,0.891204
1,CW,HHL,0.8691,0.9888,0.0007,0.737569,0.978134,-0.997870,0.065550,0.031025,0.015289,0.743148,0.980556,-0.996481
1,CW,HHL,0.7326,0.9002,0.1224,0.468814,0.801753,-0.753145,0.133498,0.076771,0.088673,0.481296,0.809167,-0.743519
3,Paro,HLH,0.9370,0.1019,0.7009,0.876516,-0.803623,0.402309,0.125334,0.253202,0.057603,0.887407,-0.780185,0.405833
2,CCW,LHH,0.2578,0.9127,0.8680,-0.485043,0.824262,0.735842,0.051303,0.021742,0.031672,-0.481852,0.825648,0.737870
1,CW,HHL,0.9229,0.8699,0.0701,0.845761,0.742986,-0.857928,0.065482,0.157722,0.082819,0.851296,0.756019,-0.852500
2,CCW,LHH,0.2015,0.9128,0.9142,-0.600460,0.825194,0.828805,0.106771,0.039502,0.032861,-0.596667,0.828333,0.831296
2,CCW,LHH,0.2134,0.9836,0.7579,-0.573322,0.966591,0.516635,0.018570,0.030815,0.022343,-0.571204,0.968981,0.518056
0,Default,HHH,0.7923,0.7257,0.9338,0.583507,0.450709,0.869818,0.046368,0.050416,0.040853,0.585741,0.454907,0.872130
0,Default,HHH,0.9091,0.9608,0.9877,0.818394,0.924505,0.974957,0.033473,0.066265,0.035211,0.821204,0.932037,0.977593
1,CW,HHL,0.7267,0.7813,0.0059,0.454372,0.562309,-0.988093,0.055280,0.023556,0.044019,0.458148,0.564074,-0.983333
1,CW,HHL,0.8867,0.8251,0.2137,0.773082,0.650955,-0.566808,0.081023,0.057672,0.138409,0.780926,0.655370,-0.556019
2,CCW,LHH,0.2759,0.7899,0.9624,-0.442028,0.577653,0.920084,0.218842,0.085090,0.195719,-0.425926,0.580741,0.926574
3,Paro,HLH,0.7322,0.0759,0.8263,0.463984,-0.848490,0.652917,0.065464,0.073535,0.060830,0.468796,-0.842685,0.657222
1,CW,HHL,0.8481,0.9305,0.0021,0.691580,0.862127,-0.994346,0.157557,0.039604,0.041674,0.698241,0.865926,-0.991481
1,CW,HHL,0.9884,0.7097,0.2227,0.976131,0.419120,-0.554774,0.036517,0.024756,0.021807,0.979074,0.421481,-0.553426
0,Default,HLL,0.8650,0.1050,0.0364,0.732135,-0.789826,-0.927572,0.104110,0.031478,0.128085,0.745093,-0.787685,-0.920000
1,CW,HHL,0.9527,0.9948,0.1020,0.905949,0.990185,-0.795807,0.042154,0.034217,0.062213,0.909352,0.992685,-0.789722
0,Default,medio,0.5551,0.8776,0.8988,0.111713,0.754742,0.795339,0.053108,0.058908,0.172776,0.118426,0.759630,0.810093
1,CW,HHL,0.9820,0.9153,0.2429,0.964462,0.831782,-0.516108,0.033662,0.055023,0.028892,0.968056,0.837685,-0.513889
1,CW,HHL,0.9268,0.8587,0.2486,0.862193,0.717431,-0.502321,0.195470,0.030556,0.028912,0.872407,0.720000,-0.500185
0,Default,movimiento,0.9722,0.1279,0.8233,0.013721,-0.745448,0.647509,5.000000,0.043287,0.053106,0.772222,-0.741481,0.651481
0,Default,HLL,0.9473,0.1922,0.2056,0.896233,-0.615058,-0.586820,0.101719,0.028736,0.136299,0.907130,-0.613241,-0.575093
3,Paro,HLH,0.8146,0.2754,0.8155,0.628657,-0.447688,0.632512,0.028415,0.046334,0.047685,0.631204,-0.443704,0.635741
2,CCW,LHH,0.1519,0.7871,0.7070,-0.696979,0.574034,0.413594,0.056449,0.035800,0.048381,-0.692685,0.577130,0.417778
0,Default,LHL,0.1025,0.8290,0.2141,-0.795981,0.658895,-0.572321,0.064110,0.026839,0.035982,-0.792593,0.660278,-0.568426
3,Paro,HLH,0.7847,0.2585,0.9427,0.571250,-0.481484,0.881834,0.061886,0.065816,0.123137,0.576296,-0.476204,0.887130
3,Paro,HLH,0.7864,0.0360,0.9063,0.577014,-0.928310,0.812225,0.165420,0.047344,0.052284,0.589537,-0.925556,0.815648
3,Paro,HLH,0.7683,0.0892,0.7212,0.535883,-0.821745,0.445726,0.078842,0.041145,0.176857,0.542870,-0.817870,0.460000
2,CCW,LHH,0.1922,0.7837,0.7994,-0.610509,0.568979,0.598967,0.260660,0.029522,0.059331,-0.591667,0.571481,0.602963
2,CCW,LHH,0.2059,0.8394,0.9672,-0.587283,0.677977,0.933866,0.056395,0.065212,0.036168,-0.584537,0.682593,0.936111
3,Paro,HLH,0.8505,0.2034,0.8192,0.702876,-0.592025,0.639311,0.078508,0.058717,0.051253,0.708519,-0.587037,0.642778
2,CCW,LHH,0.0689,0.9703,0.7474,-0.861962,0.941927,0.494552,0.033095,0.026886,0.056179,-0.859167,0.943981,0.499074
2,CCW,LHH,0.2332,0.9642,0.9922,-0.533111,0.928012,0.984939,0.019026,0.028339,0.021197,-0.531759,0.930370,0.985926
0,Default,HLL,0.7806,0.0226,0.0216,0.560816,-0.954285,-0.957471,0.064331,0.058165,0.092760,0.565648,-0.949630,-0.951296
0,Default,movimiento,0.1803,0.9378,0.9617,-0.003837,0.878235,0.924942,5.000000,0.130072,0.082483,0.518519,0.890741,0.934537
3,Paro,HLH,0.8224,0.0762,0.9513,0.645605,-0.846059,0.900639,0.093218,0.218333,0.078585,0.651296,-0.831389,0.906852
0,Default,HHH,0.9134,0.9759,0.9308,0.826638,0.951725,0.859103,0.024439,0.021063,0.137087,0.828889,0.952870,0.863519
3,Paro,HLH,0.8170,0.1865,0.8392,0.634786,-0.625773,0.679187,0.047575,0.038974,0.044563,0.638704,-0.622963,0.683148
3,Paro,HLH,0.9656,0.2123,0.8220,0.932928,-0.573319,0.639187,0.065123,0.097281,0.207153,0.939259,-0.566667,0.649167
1,CW,HHL,0.9563,0.8179,0.0473,0.912532,0.636953,-0.904948,0.085642,0.047122,0.107664,0.918981,0.639907,-0.888241
1,CW,HHL,0.7284,0.9696,0.2938,0.457364,0.939878,-0.415434,0.039309,0.026224,0.135860,0.459167,0.941759,-0.409907
1,CW,HHL,0.8589,0.9516,0.0422,0.716988,0.902818,-0.912743,0.036518,0.073680,0.102114,0.720185,0.908611,-0.903889
1,CW,HHL,0.7125,0.8585,0.1508,0.426675,0.714303,-0.697740,0.029271,0.047626,0.049210,0.428981,0.718519,-0.693889
2,CCW,LHH,0.2761,0.8037,0.9140,-0.450156,0.603148,0.827705,0.085141,0.222120,0.033563,-0.446667,0.611296,0.830463
3,Paro,HLH,0.9529,0.0755,0.9729,0.908275,-0.849823,0.947025,0.127690,0.039489,0.035813,0.918426,-0.846667,0.950278
0,Default,medio,0.5352,0.9924,0.0224,0.071146,0.985446,-0.952896,0.063303,0.085239,0.069947,0.076111,0.991944,-0.948889
2,CCW,LHH,0.1969,0.9484,0.9053,-0.606207,0.899303,0.809447,0.026711,0.141944,0.068660,-0.603796,0.909815,0.813056
1,CW,HHL,0.9200,0.7195,0.2109,0.847685,0.438947,-0.578380,0.269266,0.027516,0.016521,0.871296,0.441389,-0.577407
2,CCW,LHH,0.1161,0.7684,0.7537,-0.767813,0.541545,0.500680,0.082371,0.217296,0.274671,-0.757500,0.557500,0.512315
2,CCW,LHH,0.0671,0.8502,0.8981,-0.863900,0.701667,0.797685,0.061268,0.036933,0.039416,-0.859537,0.704352,0.801019
3,Paro,HLH,0.8956,0.1427,0.9878,0.791241,-0.716690,0.975356,0.034962,0.066327,0.034306,0.793241,-0.714444,0.977963
0,Default,medio,0.5744,0.4641,0.4462,0.148683,-0.067902,-0.108166,0.014337,0.132496,0.014050,0.149537,-0.058148,-0.107130
3,Paro,HLH,0.7222,0.0801,0.9788,0.445321,-0.839450,0.957208,0.025848,0.086324,0.021976,0.446667,-0.836852,0.959444
2,CCW,LHH,0.1796,0.9137,0.8896,-0.640495,0.827425,0.779601,0.039736,0.042845,0.040167,-0.637685,0.830741,0.784259
2,CCW,LHH,0.1047,0.8641,0.7431,-0.790506,0.728194,0.486531,0.019088,0.014991,0.019106,-0.789444,0.729722,0.487963
3,Paro,HLH,0.9171,0.0671,0.7767,0.831079,-0.863006,0.557627,0.119228,0.113544,0.185651,0.835278,-0.854907,0.571852
2,CCW,LHH,0.2656,0.7473,0.7051,-0.468614,0.495654,0.411571,0.031194,0.056179,0.040955,-0.465833,0.499630,0.414907
3,Paro,HLH,0.9414,0.0514,0.8274,0.881687,-0.897766,0.654997,0.050086,0.051253,0.081376,0.886759,-0.893519,0.662685
1,CW,HHL,0.7470,0.8072,0.1467,0.494896,0.611065,-0.706056,0.098553,0.202356,0.045717,0.502685,0.618611,-0.702593
3,Paro,HLH,0.9741,0.1658,0.7928,0.948510,-0.667303,0.584051,0.022160,0.073586,0.062454,0.950648,-0.660926,0.589352
0,Default,LLH,0.0191,0.0509,0.9270,-0.959702,-0.897920,0.855313,0.137364,0.039411,0.067164,-0.949259,-0.894722,0.859907
2,CCW,LHH,0.2634,0.9760,0.7167,-0.473576,0.953553,0.433770,0.027746,0.058080,0.022829,-0.471019,0.957778,0.435463
1,CW,HHL,0.9131,0.8039,0.0987,0.827323,0.608452,-0.802642,0.017122,0.017707,0.023428,0.829167,0.609815,-0.800926
2,CCW,LHH,0.1964,0.8642,0.8344,-0.607454,0.727697,0.668970,0.022930,0.016457,0.019183,-0.605648,0.729074,0.670370
1,CW,HHL,0.7222,0.9924,0.1267,0.444635,0.984621,-0.747506,0.027211,0.036971,0.037064,0.446852,0.987407,-0.745185
1,CW,HHL,0.8203,0.9659,0.1863,0.640885,0.931267,-0.629523,0.036637,0.014939,0.247047,0.643148,0.932778,-0.613056
2,CCW,LHH,0.2182,0.8464,0.9921,-0.562587,0.692656,0.984372,0.034310,0.056439,0.044208,-0.560370,0.695833,0.987870
0,Default,movimiento,0.2753,0.8383,0.8061,-0.451143,0.676389,-0.003113,0.071177,0.050573,5.000000,-0.447870,0.681019,0.498056
1,CW,HHL,0.8171,0.7234,0.0620,0.633238,0.446823,-0.876820,0.041725,0.040083,0.070570,0.636759,0.450000,-0.873056
1,CW,HHL,0.7869,0.8689,0.0483,0.575255,0.739036,-0.899560,0.076075,0.061568,0.101050,0.580833,0.742870,-0.891944
3,Paro,HLH,0.9284,0.2555,0.7079,0.857321,-0.490090,0.418909,0.022966,0.105997,0.186340,0.858889,-0.485556,0.432963
0,Default,LLH,0.0816,0.2680,0.7565,-0.833087,-0.465437,0.512752,0.166379,0.043883,0.059111,-0.819722,-0.461481,0.517593
1,CW,HHL,0.9333,0.9785,0.0786,0.865509,0.955637,-0.846082,0.091402,0.085012,0.082366,0.873241,0.964630,-0.841296
3,Paro,HLH,0.7659,0.1395,0.9004,0.536756,-0.720735,0.806160,0.150125,0.063922,0.233825,0.546852,-0.715556,0.825000
3,Paro,HLH,0.9272,0.2203,0.8827,0.854682,-0.558929,0.765683,0.017864,0.022805,0.055061,0.855926,-0.556944,0.777037
3,Paro,HLH,0.9578,0.0565,0.9879,0.915454,-0.887106,0.976837,0.019585,0.014468,0.036523,0.917222,-0.886111,0.980093
0,Default,LHL,0.1006,0.9991,0.0049,-0.798990,0.998345,-0.986661,0.014916,0.011203,0.170300,-0.798056,0.999259,-0.974074
1,CW,HHL,0.9898,0.7659,0.0483,0.979789,0.532133,-0.900616,0.014937,0.014027,0.127306,0.981019,0.533333,-0.891296
1,CW,HHL,0.8708,0.9120,0.2106,0.744372,0.819363,-0.583209,0.128750,0.192299,0.100364,0.754630,0.825185,-0.578889
1,CW,HHL,0.9612,0.9457,0.0944,0.920900,0.894158,-0.812028,0.063154,0.127024,0.070884,0.931019,0.906574,-0.806296
1,CW,HHL,0.8274,0.9408,0.2816,0.652743,0.881366,-0.434080,0.108830,0.010023,0.167181,0.656481,0.882407,-0.422870
1,CW,HHL,0.9906,0.8511,0.1598,0.980833,0.701765,-0.680191,0.026176,0.036591,0.022695,0.982778,0.704630,-0.678241
2,CCW,LHH,0.0868,0.7008,0.9200,-0.824902,0.407190,0.838791,0.052605,0.129197,0.067319,-0.821019,0.419907,0.844630
2,CCW,LHH,0.1416,0.7357,0.9700,-0.712254,0.471583,0.943941,0.221207,0.018657,0.081542,-0.696111,0.472870,0.947778
1,CW,HHL,0.8812,0.8357,0.0323,0.761047,0.671617,-0.934534,0.053899,0.026939,0.066658,0.766389,0.674537,-0.929167
2,CCW,LHH,0.0573,0.7727,0.8400,-0.886308,0.545883,0.681094,0.110664,0.022036,0.027066,-0.882963,0.547315,0.684259
3,Paro,HLH,0.8540,0.0502,0.9915,0.708380,-0.896123,0.983160,0.131310,0.100010,0.022103,0.722593,-0.888426,0.985185
1,CW,HHL,0.7046,0.8465,0.0837,0.409722,0.693736,-0.826418,0.022074,0.025408,0.245069,0.411296,0.696111,-0.807963
2,CCW,LHH,0.0099,0.8800,0.9593,-0.980038,0.760179,0.918510,0.012951,0.011544,0.011463,-0.978796,0.761296,0.919352
1,CW,HHL,0.8155,0.7723,0.1848,0.626183,0.544751,-0.631094,0.227171,0.025128,0.031815,0.631944,0.546389,-0.628981
2,CCW,LHH,0.1549,0.9496,0.8886,-0.691317,0.899537,0.773707,0.034923,0.022695,0.178927,-0.688704,0.901296,0.780463
2,CCW,LHH,0.1275,0.8726,0.9137,-0.741626,0.745830,0.826490,0.182741,0.022252,0.032113,-0.727037,0.747407,0.828426
1,CW,HHL,0.8088,0.9620,0.1369,0.617653,0.919410,-0.724479,0.140849,0.182080,0.045698,0.624259,0.927407,-0.721111
0,Default,HLL,0.8704,0.0734,0.1441,0.740466,-0.854149,-0.712425,0.020773,0.027702,0.035478,0.741759,-0.852222,-0.705926
1,CW,HHL,0.8735,0.8665,0.1383,0.745286,0.730871,-0.722740,0.100683,0.094819,0.086306,0.752222,0.736574,-0.713981
0,Default,LLH,0.1383,0.1370,0.9733,-0.722784,-0.729103,0.946302,0.019358,0.156151,0.038282,-0.721296,-0.723611,0.948704
1,CW,HHL,0.7347,0.8199,0.1063,0.468941,0.640460,-0.787645,0.045438,0.059698,0.068639,0.472963,0.644630,-0.782593
2,CCW,LHH,0.1768,0.7954,0.8610,-0.642523,0.584740,0.715674,0.177579,0.229515,0.192709,-0.625370,0.593796,0.724444
1,CW,HHL,0.8254,0.7647,0.0512,0.650992,0.528721,-0.902338,0.055878,0.065826,0.152044,0.654815,0.533981,-0.894907
1,CW,HHL,0.9672,0.9758,0.2782,0.934039,0.947376,-0.443313,0.028608,0.168176,0.036713,0.936296,0.953241,-0.440000
2,CCW,LHH,0.2504,0.7025,0.7391,-0.500382,0.407280,0.478406,0.061875,0.042042,0.026956,-0.495185,0.409907,0.480833
2,CCW,LHH,0.0456,0.7415,0.8583,-0.908660,0.483449,0.716785,0.043871,0.035039,0.039768,-0.906019,0.486204,0.718889
3,Paro,HLH,0.9077,0.1478,0.7157,0.813880,-0.704887,0.434627,0.030256,0.064599,0.212057,0.816852,-0.699259,0.451019
3,Paro,HLH,0.8118,0.0695,0.7875,0.623443,-0.860926,0.571149,0.020845,0.023235,0.150593,0.625093,-0.859630,0.576389
2,CCW,LHH,0.0913,0.8797,0.8535,-0.817873,0.758400,0.708466,0.038702,0.037169,0.031986,-0.814907,0.760648,0.710833
0,Default,LLL,0.0775,0.1090,0.2165,-0.842659,-0.789803,-0.566942,0.155840,0.215209,0.056829,-0.823704,-0.782037,-0.562963
0,Default,HLL,0.8431,0.2728,0.2520,0.685903,-0.454693,-0.495749,0.011661,0.019705,0.020651,0.686852,-0.453611,-0.494259
2,CCW,LHH,0.0864,0.9712,0.7338,-0.827159,0.942717,0.467361,0.020200,0.028869,0.021529,-0.826111,0.945370,0.469259
2,CCW,LHH,0.2039,0.7726,0.7006,-0.587888,0.541019,0.400984,0.216268,0.174957,0.035152,-0.571852,0.547778,0.403241
3,Paro,HLH,0.7783,0.2594,0.7871,0.556632,-0.478516,0.573194,0.064480,0.091707,0.042628,0.561759,-0.469630,0.576296
3,Paro,HLH,0.9165,0.0702,0.7339,0.832054,-0.861580,0.467072,0.032938,0.318340,0.044299,0.834722,-0.840185,0.470833
3,Paro,HLH,0.8088,0.2700,0.9143,0.617150,-0.455483,0.829077,0.015951,0.190031,0.025974,0.618519,-0.439537,0.830185
2,CCW,LHH,0.2695,0.9831,0.7107,-0.460524,0.963620,0.416016,0.064721,0.063442,0.231262,-0.456574,0.969259,0.427037
1,CW,HHL,0.9733,0.9368,0.0774,0.947650,0.875648,-0.845773,0.031622,0.097360,0.054655,0.950093,0.885185,-0.841296
0,Default,HLL,0.7711,0.0654,0.0777,0.541849,-0.869210,-0.850266,0.078135,0.052173,0.221378,0.547963,-0.863796,-0.842130
3,Paro,HLH,0.8178,0.0695,0.9751,0.636189,-0.856942,0.948096,0.100725,0.193061,0.068009,0.644259,-0.841296,0.953796
2,CCW,LHH,0.2745,0.9750,0.8028,-0.450862,0.949959,0.604031,0.033095,0.051806,0.022886,-0.448889,0.953241,0.606111
2,CCW,LHH,0.2070,0.9645,0.7840,-0.589899,0.927106,0.562063,0.259921,0.062893,0.189204,-0.577870,0.932593,0.568241
3,Paro,HLH,0.7588,0.2174,0.9741,0.517703,-0.564731,0.950058,0.013749,0.015894,0.103680,0.518611,-0.563611,0.961111
0,Default,movimiento,0.7821,0.8428,0.0909,0.572590,0.049080,-0.816742,0.243720,5.000000,0.049730,0.585000,0.567315,-0.813519
3,Paro,HLH,0.8356,0.0869,0.9959,0.671534,-0.826982,0.988565,0.033574,0.023874,0.144167,0.673796,-0.825093,0.993056
2,CCW,LHH,0.2763,0.8075,0.9030,-0.448131,0.615674,0.803585,0.039196,0.055414,0.138353,-0.444444,0.621481,0.810926
2,CCW,LHH,0.0222,0.7100,0.8167,-0.955666,0.421898,0.630090,0.065696,0.086034,0.132016,-0.952870,0.427685,0.641389
0,Default,LLH,0.0354,0.0028,0.9820,-0.930220,-0.993979,0.963666,0.035413,0.031530,0.027137,-0.927407,-0.991944,0.965741
0,Default,LLL,0.1016,0.0113,0.1530,-0.796134,-0.976305,-0.693154,0.047945,0.058056,0.031250,-0.792593,-0.971852,-0.690370
2,CCW,LHH,0.0446,0.8775,0.8638,-0.908154,0.754332,0.727190,0.123004,0.033020,0.043212,-0.898519,0.756296,0.729630
1,CW,HHL,0.7246,0.7300,0.1035,0.448356,0.460035,-0.793417,0.052385,0.085432,0.065754,0.451574,0.465185,-0.788704
2,CCW,LHH,0.2665,0.8082,0.7771,-0.468576,0.617378,0.550041,0.044280,0.059972,0.074955,-0.465648,0.622222,0.556296
1,CW,HHL,0.8539,0.8730,0.1065,0.706308,0.745564,-0.780527,0.072739,0.017297,0.244342,0.709167,0.746944,-0.762222
1,CW,HHL,0.9188,0.8337,0.0129,0.838267,0.668817,-0.973559,0.077655,0.041966,0.041303,0.844259,0.672407,-0.971296
0,Default,medio,0.4741,0.4662,0.5491,-0.056710,-0.067636,0.100214,0.188133,0.043791,0.043153,-0.048241,-0.062870,0.103426
2,CCW,LHH,0.2559,0.9302,0.9383,-0.486638,0.859988,0.877535,0.021219,0.025943,0.012989,-0.485278,0.862222,0.878611
1,CW,HHL,0.9770,0.8285,0.0873,0.949769,0.660784,-0.825631,0.187610,0.170517,0.021439,0.955741,0.673241,-0.823611
0,Default,medio,0.0449,0.7630,0.4668,-0.910113,0.527080,-0.067630,0.019226,0.031522,0.059651,-0.908704,0.529630,-0.065278
2,CCW,LHH,0.1677,0.8460,0.7570,-0.662674,0.688701,0.512650,0.037512,0.141560,0.066296,-0.659444,0.693796,0.517685
1,CW,HHL,0.7106,0.9596,0.1153,0.420203,0.919459,-0.768119,0.038827,0.026583,0.052434,0.422222,0.921481,-0.764907
0,Default,LHL,0.1014,0.8432,0.0949,-0.792245,0.684601,-0.814647,0.155149,0.042877,0.283909,-0.780741,0.687500,-0.793889
2,CCW,LHH,0.2503,0.9315,0.7045,-0.501302,0.862297,0.406421,0.121337,0.022491,0.129359,-0.497315,0.864630,0.410648
1,CW,HHL,0.7857,0.8034,0.2300,0.572355,0.607911,-0.540203,0.047064,0.044874,0.063595,0.576759,0.611111,-0.535833
1,CW,HHL,0.9603,0.9008,0.2127,0.918958,0.800168,-0.575205,0.021807,0.044241,0.045896,0.921019,0.802870,-0.572037
2,CCW,LHH,0.0152,0.9801,0.8272,-0.968197,0.960205,0.648669,0.080602,0.054909,0.139407,-0.962685,0.965093,0.658519
3,Paro,HLH,0.7972,0.0757,0.7983,0.594164,-0.847786,0.596392,0.014051,0.072012,0.021541,0.595185,-0.833426,0.597593
1,CW,HHL,0.8401,0.7723,0.1453,0.676308,0.544959,-0.709444,0.181479,0.049278,0.022864,0.682870,0.551019,-0.707778
0,Default,movimiento,0.8923,0.1497,0.9942,0.785191,-0.058527,0.988446,0.037899,5.000000,0.045581,0.788333,0.461389,0.991389
3,Paro,HLH,0.9119,0.0230,0.9704,0.822873,-0.952138,0.941207,0.074488,0.109959,0.062322,0.826944,-0.943056,0.945000
2,CCW,LHH,0.2730,0.8173,0.9721,-0.455738,0.634201,0.939129,0.064638,0.075198,0.180368,-0.453241,0.636296,0.944074
0,Default,medio,0.8863,0.0735,0.5457,0.771979,-0.854025,0.091748,0.038746,0.023307,0.041838,0.775556,-0.851389,0.095093
3,Paro,HLH,0.9140,0.2196,0.7486,0.828018,-0.560596,0.493125,0.041839,0.093430,0.177681,0.830741,-0.541296,0.501204
2,CCW,LHH,0.0376,0.8814,0.9508,-0.924945,0.762677,0.901467,0.009887,0.012524,0.014619,-0.924352,0.763796,0.902593
2,CCW,LHH,0.0140,0.8970,0.9204,-0.971293,0.793142,0.839988,0.056658,0.077945,0.069615,-0.967407,0.799815,0.846852
0,Default,medio,0.8211,0.4979,0.4115,0.638964,-0.003591,-0.176137,0.159952,0.019069,0.025875,0.643519,-0.002130,-0.173796
3,Paro,HLH,0.8955,0.1769,0.9167,0.790553,-0.645845,0.832922,0.055701,0.164468,0.021396,0.792037,-0.629074,0.834259
2,CCW,LHH,0.2322,0.7624,0.7278,-0.533669,0.526843,0.450596,0.079791,0.087101,0.171382,-0.527963,0.533889,0.458519
1,CW,HHL,0.7315,0.9018,0.1659,0.462141,0.804913,-0.669065,0.062596,0.041658,0.032394,0.466574,0.809259,-0.666204
0,Default,LLL,0.0459,0.0019,0.2873,-0.908435,-0.993556,-0.426256,0.036359,0.106409,0.040102,-0.905000,-0.980093,-0.423333
1,CW,HHL,0.9875,0.7368,0.0653,0.975006,0.475298,-0.870663,0.042273,0.063464,0.123557,0.978056,0.479259,-0.852870
3,Paro,HLH,0.9371,0.0047,0.8256,0.870871,-0.992002,0.655350,0.138623,0.083321,0.171524,0.878519,-0.987407,0.667963
0,Default,LLL,0.0735,0.0085,0.1563,-0.853571,-0.981875,-0.687208,0.082117,0.034329,0.069068,-0.849444,-0.979907,-0.683241
3,Paro,HLH,0.8762,0.1912,0.9058,0.752948,-0.618096,0.811334,0.035211,0.039224,0.029812,0.754815,-0.615648,0.813611
2,CCW,LHH,0.2994,0.8856,0.8013,-0.407419,0.771270,0.600703,0.252051,0.028855,0.117568,-0.398704,0.773519,0.607685
3,Paro,HLH,0.8501,0.2639,0.8238,0.700599,-0.467034,0.647740,0.011574,0.254386,0.019870,0.701944,-0.448796,0.648889
1,CW,HHL,0.7278,0.9964,0.0585,0.454861,0.992766,-0.883111,0.032803,0.045881,0.046401,0.458333,0.995926,-0.878889
0,Default,movimiento,0.1950,0.7344,0.7218,-0.609959,0.468579,-0.067804,0.029576,0.019977,5.000000,-0.607037,0.470093,0.349074
1,CW,HHL,0.7944,0.8614,0.2707,0.588032,0.723530,-0.458981,0.063802,0.066184,0.042980,0.591944,0.728056,-0.456111
0,Default,LHL,0.0215,0.8787,0.0478,-0.957104,0.757630,-0.904624,0.090759,0.033579,0.028871,-0.950463,0.760278,-0.902685
0,Default,LLH,0.2595,0.2944,0.7782,-0.480506,-0.412161,0.557506,0.052579,0.042208,0.034866,-0.476389,-0.408796,0.560000
1,CW,HHL,0.8783,0.8174,0.1525,0.757170,0.635955,-0.690668,0.033882,0.136833,0.230685,0.760370,0.656944,-0.673981
2,CCW,LHH,0.1978,0.7184,0.8424,-0.608119,0.436762,0.683498,0.230206,0.067472,0.064451,-0.601204,0.441944,0.688519
2,CCW,LHH,0.2685,0.9165,0.9201,-0.463281,0.832786,0.844251,0.009167,0.009568,0.175923,-0.462685,0.833704,0.857130
1,CW,HHL,0.9088,0.9368,0.1616,0.819881,0.873747,-0.672734,0.106145,0.022702,0.157530,0.827685,0.875278,-0.659444
3,Paro,HLH,0.7606,0.0017,0.7646,0.521742,-0.992827,0.533070,0.042877,0.053704,0.076277,0.525278,-0.987500,0.539352
3,Paro,HLH,0.9846,0.0421,0.7025,0.969172,-0.915689,0.409274,0.007827,0.014536,0.191000,0.969722,-0.914630,0.422963
1,CW,HHL,0.7842,0.7160,0.2084,0.568579,0.433322,-0.582691,0.028916,0.104603,0.034640,0.570741,0.449722,-0.579630
3,Paro,HLH,0.8502,0.1701,0.9656,0.695935,-0.655880,0.929566,0.186917,0.128951,0.064578,0.702870,-0.642685,0.935648
2,CCW,LHH,0.1910,0.7484,0.9914,-0.618012,0.496875,0.982685,0.022044,0.036380,0.031180,-0.616481,0.499167,0.985833
2,CCW,LHH,0.0194,0.8080,0.9495,-0.960666,0.615399,0.899042,0.012048,0.036313,0.030307,-0.959630,0.618148,0.901296
3,Paro,HLH,0.9110,0.2697,0.7396,0.821181,-0.460136,0.475781,0.035660,0.035973,0.200076,0.824074,-0.457500,0.482685
0,Default,medio,0.1073,0.4579,0.5283,-0.785110,-0.081664,0.057607,0.070844,0.154510,0.136297,-0.779167,-0.069259,0.068056
1,CW,HHL,0.9842,0.9318,0.0691,0.967135,0.862488,-0.864667,0.030589,0.051132,0.072841,0.969537,0.867222,-0.859815
3,Paro,HLH,0.8293,0.1603,0.8543,0.658843,-0.678354,0.710061,0.033808,0.030013,0.121599,0.661852,-0.675741,0.719352
0,Default,HHH,0.9369,0.7824,0.7222,0.870599,0.561325,0.443909,0.123972,0.156498,0.028390,0.875093,0.565463,0.445648
3,Paro,HLH,0.8250,0.1422,0.9044,0.648788,-0.713652,0.814358,0.035131,0.075726,0.176226,0.651111,-0.708426,0.828889
1,CW,HHL,0.7173,0.8278,0.2093,0.434566,0.655657,-0.577824,0.066163,0.037963,0.139074,0.439537,0.658889,-0.566204
2,CCW,LHH,0.2207,0.8681,0.7200,-0.558724,0.735639,0.440231,0.010267,0.023736,0.016991,-0.557778,0.737130,0.441296
1,CW,HHL,0.8377,0.9021,0.1093,0.678310,0.804277,-0.781658,0.133877,0.014951,0.006269,0.687870,0.805648,-0.780833
2,CCW,LHH,0.2693,0.8524,0.9407,-0.458860,0.705651,0.878770,0.261676,0.067367,0.069503,-0.438889,0.710278,0.882963
2,CCW,LHH,0.1024,0.8463,0.9150,-0.795119,0.691030,0.829291,0.049702,0.051630,0.040155,-0.790741,0.696111,0.832130
1,CW,HHL,0.7315,0.7194,0.2215,0.463591,0.439531,-0.555530,0.045423,0.084781,0.074004,0.467130,0.444167,-0.548981
3,Paro,HLH,0.8700,0.2982,0.9226,0.739381,-0.403779,0.845694,0.053621,0.045048,0.038295,0.742130,-0.400556,0.848519
2,CCW,LHH,0.2252,0.7537,0.8905,-0.549439,0.507112,0.780935,0.183881,0.068908,0.023758,-0.527963,0.511296,0.782685
1,CW,HHL,0.7579,0.7961,0.1648,0.512086,0.596693,-0.670613,0.188565,0.141209,0.048105,0.518056,0.608241,-0.666852
0,Default,LLL,0.2174,0.0360,0.1265,-0.565278,-0.928510,-0.746369,0.028143,0.027960,0.036134,-0.563056,-0.925926,-0.743889
3,Paro,HLH,0.8146,0.2563,0.9867,0.629511,-0.487928,0.973834,0.024465,0.014876,0.019844,0.631111,-0.486944,0.975185
3,Paro,HLH,0.9598,0.1251,0.9135,0.919638,-0.750810,0.826693,0.022363,0.039775,0.036025,0.921574,-0.747037,0.829167
2,CCW,LHH,0.0541,0.9793,0.9282,-0.887703,0.958860,0.857781,0.186859,0.045748,0.025413,-0.867315,0.962870,0.860093
2,CCW,LHH,0.2960,0.9369,0.7590,-0.407740,0.872416,0.518403,0.022464,0.101358,0.045641,-0.405833,0.875463,0.521574
2,CCW,LHH,0.0122,0.7111,0.8764,-0.974271,0.421455,0.752541,0.071805,0.078312,0.103468,-0.968704,0.426944,0.760741
1,CW,HHL,0.9362,0.8293,0.2672,0.872052,0.658516,-0.464051,0.017401,0.010647,0.077282,0.873426,0.659444,-0.458333
3,Paro,HLH,0.9905,0.1890,0.9482,0.981157,-0.622017,0.894797,0.013196,0.017655,0.089700,0.982222,-0.620833,0.897963
3,Paro,HLH,0.7581,0.0142,0.7379,0.512659,-0.973090,0.475003,0.218616,0.071192,0.025367,0.525370,-0.966944,0.477500
0,Default,medio,0.5615,0.5813,0.4377,0.122824,0.163519,-0.125975,0.039602,0.042455,0.118367,0.125556,0.165648,-0.120093
2,CCW,LHH,0.2453,0.9280,0.8388,-0.509447,0.851777,0.677841,0.044166,0.221545,0.073501,-0.505741,0.859167,0.682315
1,CW,HHL,0.9319,0.7046,0.1692,0.863157,0.409552,-0.661490,0.018495,0.021646,0.021602,0.864444,0.411481,-0.660185
1,CW,HHL,0.9328,0.7965,0.2856,0.863657,0.588426,-0.427017,0.049698,0.167853,0.193392,0.868241,0.596759,-0.412407
0,Default,LLL,0.1931,0.0541,0.0776,-0.614690,-0.891950,-0.840382,0.051624,0.042726,0.192825,-0.611574,-0.888056,-0.825556
3,Paro,HLH,0.7346,0.1591,0.7555,0.469300,-0.682483,0.511345,0.031410,0.022342,0.024918,0.472500,-0.680093,0.513426
2,CCW,LHH,0.1355,0.8265,0.7529,-0.731450,0.651071,0.509245,0.055282,0.041485,0.167684,-0.727963,0.655370,0.525000
3,Paro,HLH,0.9381,0.1036,0.7353,0.876516,-0.790651,0.470177,0.050276,0.085657,0.054596,0.880278,-0.783519,0.474907
0,Default,medio,0.5917,0.4079,0.2168,0.183764,-0.188944,-0.567564,0.080047,0.103563,0.061619,0.189907,-0.181667,-0.562315
3,Paro,HLH,0.7454,0.0715,0.8309,0.490457,-0.851030,0.661531,0.037602,0.205453,0.058326,0.492963,-0.834722,0.666389
0,Default,LLL,0.0518,0.0504,0.0986,-0.896256,-0.898134,-0.803440,0.036223,0.089975,0.045468,-0.893796,-0.891667,-0.799907
0,Default,medio,0.9365,0.5155,0.0255,0.869899,0.031427,-0.948018,0.068769,0.030921,0.115913,0.874907,0.034537,-0.939537
3,Paro,HLH,0.9338,0.1225,0.9658,0.867795,-0.756493,0.929190,0.014984,0.026751,0.113958,0.869167,-0.754630,0.932963
2,CCW,LHH,0.0402,0.7705,0.9171,-0.922266,0.541175,0.832104,0.091446,0.033171,0.097760,-0.918704,0.543426,0.835741
0,Default,LLL,0.0286,0.0299,0.0502,-0.942581,-0.940671,-0.899291,0.037823,0.038834,0.018242,-0.939630,-0.937315,-0.897130
3,Paro,HLH,0.8348,0.0359,0.9444,0.668388,-0.925825,0.892326,0.101453,0.108234,0.115324,0.673241,-0.914074,0.903241
2,CCW,LHH,0.2287,0.7379,0.8206,-0.539954,0.471829,0.640263,0.099710,0.140317,0.029909,-0.524722,0.476574,0.642593
3,Paro,HLH,0.9946,0.0203,0.9925,0.987433,-0.956959,0.984008,0.053075,0.211725,0.041199,0.991296,-0.940185,0.987222
0,Default,LLL,0.1080,0.2312,0.0340,-0.784884,-0.537743,-0.930975,0.083297,0.087267,0.061003,-0.773241,-0.533241,-0.925926
3,Paro,HLH,0.9718,0.1143,0.8877,0.942431,-0.774627,0.775313,0.141551,0.220771,0.032750,0.946944,-0.766111,0.778056
0,Default,LLL,0.1231,0.0355,0.1579,-0.758825,-0.928941,-0.683383,0.153952,0.024305,0.092221,-0.752500,-0.927037,-0.673519
0,Default,HLL,0.9537,0.1139,0.0983,0.908261,-0.771319,-0.803009,0.037743,0.031960,0.045776,0.911111,-0.768333,-0.798889
1,CW,HHL,0.9277,0.8687,0.0486,0.854936,0.737442,-0.905260,0.023751,0.026085,0.146678,0.857037,0.739259,-0.899444
2,CCW,LHH,0.2577,0.9078,0.8896,-0.484540,0.815689,0.778652,0.028477,0.048265,0.037647,-0.482130,0.819907,0.781389
2,CCW,LHH,0.0123,0.7486,0.9287,-0.976421,0.497182,0.857506,0.061271,0.058046,0.052118,-0.972222,0.500185,0.861019
0,Default,medio,0.4129,0.0618,0.5214,-0.171493,-0.875668,0.041646,0.122295,0.048994,0.104575,-0.161019,-0.871204,0.047778
0,Default,medio,0.4731,0.4680,0.0790,-0.051111,-0.061745,-0.841273,0.099320,0.074374,0.117230,-0.043519,-0.055741,-0.832130
0,Default,HLL,0.9307,0.0935,0.1752,0.861256,-0.814207,-0.649951,0.063823,0.080327,0.073027,0.865000,-0.808056,-0.642130
2,CCW,LHH,0.1532,0.9107,0.9441,-0.695900,0.823001,0.888973,0.055779,0.052858,0.057756,-0.691481,0.826019,0.893796
2,CCW,LHH,0.0196,0.8094,0.7706,-0.959589,0.618660,0.541047,0.074704,0.024763,0.017356,-0.953611,0.620741,0.542315
3,Paro,HLH,0.7175,0.0888,0.9604,0.433979,-0.821991,0.920356,0.071414,0.054595,0.087239,0.438519,-0.817500,0.926296
3,Paro,HLH,0.9811,0.2899,0.8027,0.962792,-0.420179,0.605810,0.034452,0.033624,0.045805,0.965463,-0.418148,0.610093
1,CW,HHL,0.9340,0.8666,0.0648,0.863145,0.733079,-0.873597,0.192120,0.080841,0.213551,0.870556,0.738519,-0.861296
0,Default,HHH,0.8131,0.8887,0.8998,0.624332,0.778041,0.800020,0.089764,0.008042,0.010052,0.627222,0.778519,0.800833
1,CW,HHL,0.8571,0.9904,0.2085,0.715642,0.981270,-0.582532,0.031442,0.031406,0.037529,0.717778,0.984167,-0.579444
3,Paro,HLH,0.9340,0.0458,0.7677,0.868727,-0.909149,0.534580,0.034217,0.068947,0.057338,0.871296,-0.897593,0.540185
3,Paro,HLH,0.8127,0.2086,0.7153,0.624806,-0.581516,0.431068,0.105864,0.186769,0.026658,0.629722,-0.560741,0.433148
1,CW,HHL,0.9278,0.9836,0.2617,0.851360,0.968024,-0.481843,0.189192,0.043957,0.183306,0.858704,0.971389,-0.472963
0,Default,medio,0.7650,0.5945,0.4701,0.529682,0.184910,-0.060130,0.015974,0.169407,0.032038,0.531019,0.190833,-0.058333
2,CCW,LHH,0.1240,0.7823,0.7766,-0.751777,0.568293,0.552853,0.055827,0.178528,0.014622,-0.742870,0.580926,0.553981
1,CW,HHL,0.8780,0.9786,0.0935,0.752060,0.958851,-0.813137,0.190368,0.086975,0.060215,0.761389,0.965833,-0.806574
1,CW,HHL,0.7979,0.7381,0.0308,0.596450,0.475448,-0.938860,0.025768,0.035721,0.040775,0.598704,0.478333,-0.935833
3,Paro,HLH,0.8378,0.0096,0.9325,0.674861,-0.981146,0.863345,0.122954,0.053098,0.063990,0.679630,-0.977593,0.868056
2,CCW,LHH,0.2545,0.9769,0.7645,-0.489277,0.953707,0.528027,0.068721,0.055711,0.035492,-0.483704,0.958519,0.530463
1,CW,HHL,0.9947,0.8904,0.1312,0.990929,0.780697,-0.738333,0.078720,0.047443,0.037961,0.994630,0.783704,-0.735741
3,Paro,HLH,0.8785,0.1226,0.7404,0.757031,-0.751583,0.480856,0.026405,0.105973,0.099645,0.758981,-0.743519,0.486204
3,Paro,HLH,0.8213,0.2695,0.8290,0.642775,-0.461678,0.657578,0.025062,0.018714,0.016153,0.644259,-0.460370,0.658519
3,Paro,HLH,0.7232,0.2545,0.8164,0.446644,-0.491655,0.632922,0.025575,0.019261,0.031191,0.448148,-0.489815,0.635463
3,Paro,HLH,0.7004,0.1214,0.8676,0.400648,-0.760842,0.733082,0.023578,0.102777,0.066130,0.402130,-0.756574,0.737593
0,Default,medio,0.4649,0.4718,0.4266,-0.070179,-0.054974,-0.146823,0.040596,0.039165,0.037884,-0.067407,-0.051944,-0.143704
0,Default,HHH,0.9161,0.7127,0.7465,0.832402,0.430226,0.492182,0.026456,0.267563,0.022165,0.833889,0.463333,0.493611
2,CCW,LHH,0.2666,0.9446,0.7943,-0.470014,0.884838,0.588209,0.091329,0.214935,0.055222,-0.464815,0.891574,0.593241
3,Paro,HLH,0.7858,0.0203,0.9958,0.570958,-0.959285,0.988860,0.013860,0.020617,0.096700,0.572037,-0.958241,0.992407
2,CCW,LHH,0.2347,0.8600,0.8825,-0.530532,0.719306,0.764216,0.029768,0.036545,0.029587,-0.528241,0.722778,0.766574
2,CCW,LHH,0.2788,0.8014,0.8820,-0.442410,0.602352,0.764543,0.051062,0.048507,0.038220,-0.439722,0.605185,0.767870
1,CW,HHL,0.8256,0.7265,0.2886,0.656557,0.454716,-0.422297,0.156124,0.029790,0.279240,0.668981,0.456667,-0.403889
3,Paro,HLH,0.9195,0.2358,0.7223,0.838895,-0.527763,0.444809,0.023306,0.024279,0.017892,0.840278,-0.525926,0.446204
0,Default,movimiento,0.7225,0.7112,0.1180,0.439363,-0.228811,-0.763087,0.240926,5.000000,0.014218,0.446481,0.302870,-0.761944
3,Paro,HLH,0.9862,0.0316,0.7189,0.972995,-0.937593,0.438929,0.044227,0.025757,0.037249,0.976111,-0.935648,0.441574
3,Paro,HLH,0.9720,0.2047,0.7077,0.942413,-0.592922,0.416178,0.134757,0.041340,0.028564,0.948056,-0.590185,0.417500
1,CW,HHL,0.9901,0.9549,0.0730,0.980570,0.910347,-0.853756,0.047465,0.043202,0.054879,0.983704,0.915000,-0.850741
0,Default,movimiento,0.0590,0.9849,0.9264,-0.882214,0.970298,-0.033385,0.015315,0.024700,5.000000,-0.880648,0.972222,0.690648
3,Paro,HLH,0.7572,0.1289,0.7557,0.513108,-0.744780,0.510752,0.061077,0.051770,0.035190,0.517685,-0.740185,0.515000
0,Default,LLH,0.1945,0.2111,0.7956,-0.609986,-0.576609,0.590269,0.040658,0.048538,0.042900,-0.607037,-0.571019,0.593148
0,Default,LLL,0.0130,0.2219,0.2083,-0.975284,-0.556227,-0.581751,0.067470,0.052128,0.057143,-0.969907,-0.552037,-0.577963
2,CCW,LHH,0.2322,0.7026,0.7455,-0.536632,0.400749,0.492902,0.056068,0.153908,0.042709,-0.531944,0.405926,0.496389
2,CCW,LHH,0.0796,0.9915,0.7803,-0.838142,0.984638,0.563261,0.182621,0.045225,0.153083,-0.825000,0.988241,0.574907
1,CW,HHL,0.9136,0.7371,0.2081,0.826215,0.472963,-0.579439,0.049704,0.056006,0.270440,0.828426,0.479815,-0.559352
2,CCW,LHH,0.2761,0.7406,0.7881,-0.447856,0.479936,0.576432,0.034046,0.089513,0.074040,-0.445185,0.484444,0.590648
1,CW,HHL,0.7814,0.8374,0.0449,0.563235,0.672714,-0.911366,0.069829,0.077703,0.084229,0.568981,0.680278,-0.905741
1,CW,HHL,0.9655,0.9472,0.1625,0.930639,0.897671,-0.673501,0.029899,0.130718,0.040096,0.932407,0.907407,-0.670370
0,Default,movimiento,0.9974,0.8810,0.0048,0.992159,0.093128,-0.987876,0.047526,5.000000,0.208827,0.996574,0.640093,-0.972315
1,CW,HHL,0.9766,0.7372,0.0027,0.955205,0.473576,-0.994288,0.064894,0.031147,0.026522,0.960185,0.475833,-0.992315
3,Paro,HLH,0.7665,0.1466,0.9620,0.531826,-0.705310,0.924578,0.030574,0.015383,0.049431,0.535463,-0.704167,0.928241
1,CW,HHL,0.8454,0.9352,0.0005,0.691027,0.867567,-0.998759,0.022580,0.182044,0.012040,0.692500,0.871667,-0.997778
2,CCW,LHH,0.2261,0.7111,0.7533,-0.548174,0.422885,0.504913,0.070969,0.051593,0.058520,-0.543611,0.427685,0.510741
2,CCW,LHH,0.0635,0.7287,0.7766,-0.873481,0.455434,0.554271,0.044844,0.061684,0.061622,-0.869630,0.460093,0.557407
2,CCW,LHH,0.1055,0.9721,0.9644,-0.794760,0.945133,0.925321,0.194911,0.092430,0.176126,-0.786296,0.952315,0.935185
0,Default,movimiento,0.0140,0.7555,0.7673,-0.972694,-0.099690,0.529592,0.038744,5.000000,0.254368,-0.970463,0.398148,0.536852
1,CW,HHL,0.9754,0.9864,0.0396,0.952685,0.971855,-0.920475,0.138673,0.067454,0.084880,0.960370,0.977778,-0.914537
2,CCW,LHH,0.1879,0.7723,0.7610,-0.624905,0.545871,0.527254,0.063785,0.091831,0.239888,-0.618519,0.554259,0.545926
1,CW,HHL,0.8233,0.8629,0.1804,0.646487,0.726892,-0.639586,0.021152,0.028315,0.032823,0.648704,0.728704,-0.637407
3,Paro,HLH,0.9850,0.0081,0.8373,0.970900,-0.983302,0.675295,0.049577,0.047087,0.037336,0.974074,-0.980370,0.677500
2,CCW,LHH,0.1743,0.9554,0.7113,-0.651441,0.910324,0.422483,0.020785,0.021435,0.033317,-0.649815,0.912037,0.425093
0,Default,LLH,0.0719,0.0131,0.7627,-0.857104,-0.973660,0.527726,0.058410,0.053707,0.120064,-0.853426,-0.968981,0.538241
0,Default,HHH,0.8667,0.7619,0.8444,0.733284,0.523438,0.692326,0.065119,0.075708,0.101591,0.736944,0.528796,0.701111
1,CW,HHL,0.9171,0.9158,0.1836,0.834042,0.828356,-0.634968,0.067816,0.170505,0.057716,0.837963,0.836204,-0.629907
0,Default,HLL,0.9831,0.0921,0.0787,0.967083,-0.815917,-0.843145,0.092399,0.021360,0.066823,0.974722,-0.814352,-0.838796
1,CW,HHL,0.9201,0.8718,0.1800,0.842133,0.743669,-0.636586,0.026592,0.022914,0.185210,0.844167,0.745093,-0.622222
3,Paro,HLH,0.8334,0.2959,0.8764,0.665558,-0.407491,0.752477,0.023899,0.029219,0.023097,0.666944,-0.405278,0.753796
1,CW,HHL,0.7362,0.9192,0.0251,0.472468,0.838073,-0.949760,0.023675,0.012364,0.021048,0.474815,0.839074,-0.948148
2,CCW,LHH,0.0545,0.8754,0.9301,-0.891201,0.748079,0.861675,0.062130,0.033077,0.093287,-0.886667,0.751944,0.866574
3,Paro,HLH,0.7927,0.1553,0.9465,0.585871,-0.690558,0.893718,0.008678,0.062622,0.023756,0.586667,-0.688611,0.895463
2,CCW,LHH,0.0824,0.9565,0.9780,-0.840101,0.915793,0.955738,0.242752,0.122002,0.008534,-0.823796,0.924630,0.956481
0,Default,movimiento,0.1347,0.7984,0.7729,-0.061794,0.596635,0.545165,5.000000,0.041407,0.159126,0.488426,0.599907,0.565556
3,Paro,HLH,0.8097,0.2954,0.7877,0.618600,-0.408186,0.576780,0.029739,0.056425,0.031732,0.620741,-0.402870,0.578796
0,Default,HLL,0.9352,0.1424,0.1337,0.872170,-0.716354,-0.734080,0.073884,0.051308,0.050774,0.876481,-0.713056,-0.730185
2,CCW,LHH,0.1564,0.9220,0.7810,-0.686881,0.844716,0.562295,0.011002,0.007933,0.011771,-0.686111,0.845370,0.563148
2,CCW,LHH,0.0609,0.8973,0.7772,-0.878409,0.796010,0.555231,0.042251,0.043427,0.033585,-0.875833,0.799074,0.558148
2,CCW,LHH,0.0825,0.7015,0.8175,-0.835104,0.406458,0.632274,0.045804,0.177883,0.120595,-0.831481,0.419259,0.638611
1,CW,HHL,0.9484,0.8926,0.0046,0.896123,0.786617,-0.989913,0.062561,0.052394,0.055724,0.901204,0.790463,-0.986296
3,Paro,HLH,0.9721,0.0360,0.8857,0.943961,-0.927798,0.772167,0.034416,0.057864,0.017418,0.947963,-0.920741,0.773241
0,Default,LLH,0.2973,0.0015,0.7318,-0.405784,-0.992028,0.465527,0.047924,0.186789,0.031252,-0.402685,-0.978333,0.467315
0,Default,movimiento,0.7604,0.7488,0.0095,0.522520,-0.028484,-0.981644,0.015253,5.000000,0.037303,0.523796,0.400000,-0.979537
2,CCW,LHH,0.2556,0.9583,0.8307,-0.489485,0.917546,0.663475,0.029085,0.029103,0.295063,-0.487778,0.919722,0.685093
3,Paro,HLH,0.7828,0.1306,0.7953,0.566632,-0.735339,0.587940,0.084109,0.187588,0.088445,0.572870,-0.721574,0.595185
2,CCW,LHH,0.2899,0.9565,0.7209,-0.422538,0.912928,0.436722,0.085909,0.021628,0.200772,-0.419444,0.914815,0.442685
3,Paro,HLH,0.7739,0.0388,0.9084,0.547578,-0.921641,0.816470,0.027983,0.036164,0.026707,0.549907,-0.918981,0.818519
0,Default,LLH,0.1964,0.2540,0.8778,-0.606710,-0.499329,0.754442,0.063996,0.238188,0.040569,-0.601111,-0.485741,0.758241
3,Paro,HLH,0.7129,0.2660,0.9166,0.425810,-0.468009,0.833050,0.007850,0.011675,0.047830,0.426296,-0.466852,0.834352
2,CCW,LHH,0.0094,0.9883,0.7279,-0.981409,0.976319,0.461505,0.021166,0.010560,0.226813,-0.980000,0.977315,0.477870
2,CCW,LHH,0.2248,0.7781,0.7186,-0.550237,0.556777,0.437752,0.029102,0.027605,0.036141,-0.548796,0.559259,0.440278
2,CCW,LHH,0.1188,0.8194,0.9459,-0.757462,0.640211,0.894751,0.193873,0.059784,0.139931,-0.741852,0.644630,0.905370
3,Paro,HLH,0.9844,0.0112,0.7570,0.967865,-0.977037,0.513255,0.087453,0.016991,0.015944,0.970093,-0.976019,0.514352
1,CW,HHL,0.7469,0.8814,0.2098,0.494766,0.764036,-0.579427,0.072333,0.109690,0.124940,0.499167,0.771481,-0.564352
3,Paro,HLH,0.8702,0.0189,0.8868,0.740625,-0.962315,0.772500,0.046383,0.068478,0.097611,0.743333,-0.956759,0.776759
0,Default,LLL,0.1044,0.1018,0.2966,-0.790700,-0.796380,-0.405550,0.029050,0.025564,0.026982,-0.788519,-0.795000,-0.403611
1,CW,HHL,0.7184,0.8129,0.0548,0.432225,0.625802,-0.888516,0.161160,0.026180,0.189033,0.437500,0.627778,-0.874259
1,CW,HHL,0.7721,0.7251,0.2252,0.543012,0.456062,-0.552141,0.032242,0.232990,0.039934,0.546019,0.473611,-0.549722
2,CCW,LHH,0.1066,0.8802,0.8433,-0.786832,0.759977,0.687786,0.073693,0.048793,0.071132,-0.782778,0.762870,0.692037
1,CW,HHL,0.8301,0.9290,0.2938,0.659644,0.858707,-0.403744,0.011876,0.022528,0.254944,0.660833,0.860741,-0.389630
0,Default,movimiento,0.0718,0.9658,0.8739,-0.854916,0.244028,0.748316,0.064502,5.000000,0.056670,-0.851019,0.802963,0.752407
1,CW,HHL,0.7330,0.8035,0.0709,0.465275,0.607341,-0.861036,0.029799,0.042044,0.173191,0.466944,0.610185,-0.853426
2,CCW,LHH,0.0667,0.8622,0.7396,-0.866846,0.724294,0.478571,0.012744,0.009714,0.021983,-0.866204,0.725000,0.479722
2,CCW,LHH,0.0516,0.8214,0.9465,-0.900295,0.641322,0.894861,0.168228,0.065785,0.075078,-0.890278,0.646204,0.900093
1,CW,HHL,0.9335,0.9665,0.1894,0.869722,0.933226,-0.623380,0.093982,0.036136,0.110713,0.878981,0.935741,-0.618796
3,Paro,HLH,0.7456,0.1300,0.7586,0.490611,-0.740506,0.523310,0.059772,0.044489,0.227135,0.493796,-0.738056,0.541111
0,Default,LLH,0.0694,0.2367,0.7690,-0.861968,-0.531887,0.538409,0.049169,0.193394,0.045040,-0.856019,-0.524259,0.541111
0,Default,HHH,0.7577,0.9221,0.8429,0.515715,0.843550,0.684890,0.047768,0.053252,0.028032,0.518426,0.846759,0.687685
0,Default,medio,0.7166,0.9542,0.5089,0.433461,0.908148,0.018001,0.026875,0.033067,0.034933,0.435278,0.913519,0.020370
0,Default,movimiento,0.8436,0.1130,0.7522,0.691597,-0.777332,0.026843,0.048780,0.082085,5.000000,0.694815,-0.771759,0.410741
0,Default,medio,0.4399,0.5658,0.4875,-0.122370,0.131111,-0.026016,0.138931,0.012506,0.050839,-0.119444,0.132315,-0.023981
1,CW,HHL,0.7265,0.8757,0.0522,0.454957,0.756956,-0.895153,0.111272,0.218579,0.042252,0.466852,0.773333,-0.892222
3,Paro,HLH,0.9236,0.1729,0.7719,0.847161,-0.653990,0.537572,0.013884,0.021795,0.248326,0.848148,-0.652222,0.544167
2,CCW,LHH,0.0567,0.8433,0.9029,-0.886513,0.686756,0.805943,0.020110,0.008456,0.014298,-0.885648,0.687593,0.807407
0,Default,movimiento,0.7968,0.1662,0.8989,0.594427,-0.667234,-0.037980,0.051294,0.037534,5.000000,0.598981,-0.664352,0.643611
2,CCW,LHH,0.2794,0.7151,0.7990,-0.440558,0.433657,0.598374,0.119778,0.105053,0.045984,-0.431852,0.444630,0.602778
2,CCW,LHH,0.1193,0.7617,0.8461,-0.760937,0.523681,0.692876,0.064938,0.060593,0.029615,-0.755648,0.527870,0.695741
0,Default,LLL,0.0487,0.1434,0.2341,-0.902815,-0.708345,-0.533009,0.035748,0.235835,0.038278,-0.899907,-0.689815,-0.529815
1,CW,HHL,0.7279,0.8457,0.2411,0.458466,0.694366,-0.517685,0.184221,0.046829,0.039091,0.474167,0.697870,-0.514537
0,Default,medio,0.5877,0.8341,0.0852,0.176626,0.667202,-0.827653,0.125933,0.026825,0.059468,0.187315,0.670093,-0.823056
0,Default,LLH,0.2313,0.1896,0.8683,-0.538594,-0.617135,0.736305,0.059495,0.106773,0.054685,-0.535556,-0.608796,0.739537
2,CCW,LHH,0.0496,0.7872,0.7214,-0.900012,0.575434,0.446522,0.045441,0.070005,0.193238,-0.896574,0.580000,0.467130
3,Paro,HLH,0.7259,0.2725,0.9643,0.451354,-0.458591,0.928293,0.030632,0.206020,0.044718,0.453611,-0.450833,0.932130
3,Paro,HLH,0.8367,0.2985,0.7579,0.673342,-0.402998,0.514280,0.018755,0.013193,0.082228,0.674537,-0.402222,0.517222
3,Paro,HLH,0.9186,0.2441,0.7644,0.836756,-0.512445,0.529198,0.011333,0.016540,0.015131,0.837500,-0.511296,0.530278
3,Paro,HLH,0.9710,0.0877,0.9670,0.942457,-0.827847,0.933116,0.100371,0.161323,0.056821,0.949907,-0.821296,0.938519
0,Default,LLL,0.0012,0.0884,0.2168,-0.997196,-0.827164,-0.561568,0.016144,0.198534,0.217817,-0.995833,-0.820741,-0.545741
1,CW,HHL,0.8972,0.7862,0.1137,0.797509,0.572135,-0.773134,0.165144,0.020817,0.160400,0.816296,0.573056,-0.755648
1,CW,HHL,0.8392,0.7989,0.1292,0.677960,0.598359,-0.744433,0.049632,0.043841,0.041826,0.680926,0.601204,-0.741389
1,CW,HHL,0.9564,0.8573,0.1248,0.912896,0.715136,-0.750949,0.036150,0.058982,0.047404,0.916296,0.718519,-0.746481
0,Default,LHL,0.1644,0.9874,0.2185,-0.666878,0.974465,-0.566065,0.177685,0.050569,0.178994,-0.653704,0.978333,-0.558796
3,Paro,HLH,0.9603,0.2586,0.7591,0.920165,-0.480949,0.518872,0.053057,0.130305,0.046280,0.924167,-0.471019,0.521667
2,CCW,LHH,0.2565,0.7325,0.8833,-0.487017,0.464873,0.767205,0.090383,0.049643,0.101024,-0.480741,0.468889,0.772778
3,Paro,HLH,0.7514,0.0595,0.8268,0.500561,-0.883484,0.654416,0.042308,0.064342,0.068845,0.504444,-0.878889,0.658796
1,CW,HHL,0.8038,0.8137,0.1152,0.607185,0.627095,-0.774627,0.010824,0.017617,0.187993,0.608148,0.628704,-0.768889
2,CCW,LHH,0.0339,0.7629,0.8681,-0.931863,0.525804,0.737465,0.033243,0.023166,0.047255,-0.929444,0.527593,0.740370
0,Default,HLL,0.7373,0.0042,0.0865,0.473391,-0.987014,-0.827454,0.217387,0.223932,0.010007,0.487963,-0.971204,-0.826574
3,Paro,HLH,0.7107,0.0437,0.9240,0.421944,-0.912977,0.847471,0.039488,0.030814,0.031466,0.425000,-0.910370,0.850648
3,Paro,HLH,0.8648,0.0253,0.7210,0.729968,-0.949896,0.442078,0.018740,0.047590,0.034625,0.731481,-0.946481,0.444537
2,CCW,LHH,0.1494,0.9991,0.7146,-0.700240,0.996782,0.430515,0.026348,0.048913,0.054907,-0.697870,1.000000,0.433704
3,Paro,HLH,0.7336,0.1226,0.9514,0.470437,-0.756207,0.903909,0.175571,0.052213,0.047839,0.484259,-0.753056,0.907500
1,CW,HHL,0.7925,0.7498,0.2475,0.587228,0.499931,-0.500694,0.106002,0.035744,0.277221,0.597500,0.502593,-0.466296
0,Default,movimiento,0.9423,0.1275,0.8002,0.884797,0.025645,0.600101,0.035610,5.000000,0.039067,0.887500,0.638519,0.602407
3,Paro,HLH,0.8953,0.0957,0.8481,0.791638,-0.809366,0.698322,0.038676,0.048893,0.052269,0.794352,-0.805556,0.701574
3,Paro,HLH,0.8409,0.2424,0.7469,0.680032,-0.516299,0.497292,0.058391,0.058181,0.180324,0.683426,-0.512593,0.511481
2,CCW,LHH,0.0626,0.9208,0.8809,-0.873550,0.842402,0.761583,0.040952,0.050074,0.056566,-0.869259,0.846111,0.766111
2,CCW,LHH,0.0312,0.9014,0.9490,-0.937428,0.800350,0.896999,0.048538,0.101464,0.039022,-0.932685,0.804722,0.899444
0,Default,HHH,0.7556,0.8377,0.7016,0.510885,0.676927,0.402711,0.019786,0.071639,0.022793,0.512593,0.686481,0.404907
1,CW,HHL,0.8242,0.9007,0.1453,0.648449,0.801525,-0.709604,0.008346,0.007913,0.012059,0.649167,0.802130,-0.708889
2,CCW,LHH,0.0286,0.7582,0.9381,-0.942567,0.515891,0.873626,0.012279,0.023746,0.114931,-0.941481,0.517593,0.877963
3,Paro,HLH,0.8404,0.0740,0.9317,0.679809,-0.853009,0.862578,0.043890,0.040260,0.017100,0.683981,-0.850093,0.864259
2,CCW,LHH,0.0097,0.8897,0.9052,-0.980637,0.779002,0.810188,0.049349,0.067361,0.065857,-0.976481,0.784352,0.813519
2,CCW,LHH,0.1898,0.7753,0.8392,-0.620475,0.551279,0.677769,0.047829,0.059219,0.156718,-0.617500,0.554907,0.686574
3,Paro,HLH,0.7937,0.0345,0.7815,0.586525,-0.927075,0.562176,0.037401,0.066440,0.063983,0.590833,-0.921019,0.567037
0,Default,HLL,0.7477,0.2595,0.2410,0.491771,-0.478354,-0.517734,0.236097,0.221796,0.062532,0.501389,-0.459444,-0.512870
2,CCW,LHH,0.1579,0.8019,0.9240,-0.689308,0.602786,0.848738,0.160896,0.048058,0.043406,-0.683426,0.605556,0.851389
0,Default,medio,0.5920,0.5372,0.8159,0.184459,0.074077,0.633793,0.069252,0.043509,0.060323,0.190000,0.077500,0.637870
2,CCW,LHH,0.2085,0.7625,0.9174,-0.583328,0.525367,0.836933,0.072786,0.018359,0.065072,-0.580556,0.527037,0.843148
1,CW,HHL,0.7338,0.7095,0.0309,0.462807,0.419274,-0.938180,0.227387,0.016461,0.010265,0.469259,0.420370,-0.937407
0,Default,movimiento,0.8095,0.2080,0.8564,0.618461,-0.583733,0.061155,0.014442,0.022860,5.000000,0.619537,-0.581389,0.591667
2,CCW,LHH,0.0560,0.7528,0.7525,-0.888848,0.505998,0.504899,0.035537,0.195566,0.059057,-0.885648,0.524352,0.508796
2,CCW,LHH,0.1722,0.7159,0.9095,-0.651461,0.431522,0.818024,0.164392,0.024174,0.045650,-0.635278,0.432963,0.820556
3,Paro,HLH,0.8209,0.2237,0.7586,0.644841,-0.548657,0.518151,0.121908,0.149088,0.021140,0.653981,-0.536759,0.519722
2,CCW,LHH,0.2845,0.7961,0.8492,-0.432980,0.590923,0.699523,0.082844,0.040771,0.132089,-0.427315,0.594167,0.710000
3,Paro,HLH,0.8099,0.0624,0.7187,0.620558,-0.872289,0.436027,0.062031,0.089000,0.060239,0.624352,-0.865648,0.441296
1,CW,HHL,0.8250,0.8017,0.0475,0.650353,0.597743,-0.904719,0.018756,0.241282,0.015163,0.651296,0.604444,-0.903611
2,CCW,LHH,0.0004,0.9641,0.8530,-0.997506,0.932092,0.704878,0.024470,0.081892,0.068082,-0.995093,0.939537,0.708148
2,CCW,LHH,0.0176,0.9996,0.7447,-0.963738,0.996126,0.486207,0.042280,0.028185,0.225042,-0.959722,0.998704,0.496111
1,CW,HHL,0.7188,0.8821,0.1047,0.435865,0.763678,-0.789664,0.225132,0.037790,0.019348,0.442500,0.766481,-0.788148
2,CCW,LHH,0.1285,0.9059,0.7239,-0.741939,0.810292,0.445726,0.071074,0.102175,0.072102,-0.737222,0.816852,0.450648
1,CW,HHL,0.7673,0.8812,0.0038,0.535752,0.758293,-0.992749,0.268256,0.153956,0.012764,0.552593,0.763148,-0.991759
3,Paro,HLH,0.9773,0.0444,0.9305,0.954936,-0.903611,0.860770,0.063887,0.192847,0.051610,0.959907,-0.887963,0.865000
0,Default,HLL,0.7056,0.1019,0.2371,0.411036,-0.795440,-0.525466,0.047303,0.046491,0.045752,0.415000,-0.792037,-0.520741
0,Default,movimiento,0.9227,0.9167,0.0938,0.845208,0.833996,-0.152335,0.008525,0.020461,5.000000,0.845926,0.835463,0.391944
3,Paro,HLH,0.7798,0.1115,0.9192,0.559100,-0.781508,0.837723,0.037065,0.105084,0.043595,0.561759,-0.775093,0.840278
0,Default,LHL,0.0018,0.9862,0.2646,-0.995124,0.971600,-0.471291,0.039461,0.038370,0.045622,-0.991204,0.974352,-0.467130
1,CW,HHL,0.9887,0.9521,0.2814,0.977891,0.902433,-0.437260,0.056971,0.046359,0.046231,0.982407,0.906204,-0.433333
1,CW,HHL,0.9137,0.8731,0.0933,0.827645,0.748507,-0.813611,0.024627,0.161435,0.015366,0.830000,0.768889,-0.812593
3,Paro,HLH,0.7589,0.0725,0.7302,0.524473,-0.853796,0.459624,0.270472,0.023486,0.018336,0.543889,-0.851852,0.461296
0,Default,movimiento,0.2267,0.7143,0.9160,-0.549314,0.429349,0.119152,0.131467,0.071555,5.000000,-0.544074,0.438241,0.696389
1,CW,HHL,0.8165,0.9250,0.0177,0.632839,0.851513,-0.965032,0.044423,0.097982,0.086749,0.636759,0.856852,-0.960833
0,Default,LLH,0.2885,0.2695,0.7375,-0.423220,-0.459459,0.469057,0.032167,0.040140,0.235725,-0.420556,-0.456852,0.477130
0,Default,movimiento,0.7791,0.7095,0.0298,0.557179,-0.201875,-0.939491,0.012849,5.000000,0.030209,0.558148,0.303889,-0.937500
2,CCW,LHH,0.2196,0.9698,0.7787,-0.561166,0.940619,0.559884,0.014650,0.077812,0.145013,-0.560185,0.948148,0.572407
3,Paro,HLH,0.7302,0.0320,0.8455,0.460194,-0.932054,0.695943,0.009302,0.151590,0.216650,0.460833,-0.920556,0.711852
3,Paro,HLH,0.7069,0.2874,0.9977,0.413368,-0.423808,0.995229,0.034494,0.025376,0.026645,0.416204,-0.421667,0.997130
0,Default,HHH,0.8514,0.8323,0.8588,0.703388,0.664479,0.718924,0.019331,0.027558,0.036342,0.704815,0.666019,0.721481
3,Paro,HLH,0.9876,0.0562,0.7528,0.976102,-0.887682,0.508819,0.016786,0.022882,0.169790,0.977500,-0.885926,0.521019
0,Default,medio,0.5510,0.9842,0.1634,0.099517,0.968478,-0.669754,0.064995,0.034630,0.211478,0.103426,0.971204,-0.651759
2,CCW,LHH,0.1388,0.8245,0.7034,-0.722969,0.649048,0.407005,0.044289,0.034940,0.025703,-0.719074,0.650833,0.408796
0,Default,HHH,0.8714,0.8787,0.9882,0.743773,0.749702,0.976571,0.040994,0.208050,0.015737,0.748148,0.758611,0.977685
3,Paro,HLH,0.7110,0.2498,0.8577,0.421221,-0.499986,0.716175,0.009066,0.018913,0.014368,0.421759,-0.498519,0.717222
2,CCW,LHH,0.2095,0.8409,0.8191,-0.578218,0.683507,0.635101,0.101863,0.052208,0.180684,-0.569444,0.688148,0.642222
1,CW,HHL,0.8279,0.9886,0.1589,0.653707,0.976574,-0.686273,0.088050,0.026080,0.157488,0.657407,0.978889,-0.681574
1,CW,HHL,0.9676,0.8173,0.0969,0.934198,0.637975,-0.806105,0.031621,0.133683,0.032996,0.936204,0.648056,-0.803333
3,Paro,HLH,0.9711,0.0795,0.7067,0.943220,-0.840090,0.412772,0.033051,0.035525,0.042463,0.946019,-0.837315,0.417870
2,CCW,LHH,0.1892,0.8365,0.8880,-0.621745,0.673047,0.773646,0.050953,0.059557,0.088823,-0.617407,0.677222,0.781296
1,CW,HHL,0.8330,0.7082,0.2146,0.665720,0.415877,-0.571282,0.019356,0.011718,0.013374,0.666759,0.416574,-0.570463
2,CCW,LHH,0.1626,0.8568,0.8391,-0.675593,0.714048,0.686476,0.050224,0.051988,0.290796,-0.671667,0.719259,0.708148
0,Default,LLH,0.1546,0.0887,0.9338,-0.686782,-0.820871,0.870286,0.172662,0.030175,0.128385,-0.673056,-0.818796,0.879630
0,Default,LLL,0.1037,0.2279,0.2499,-0.792734,-0.544896,-0.498573,0.016832,0.021214,0.187345,-0.791481,-0.543056,-0.486574
0,Default,movimiento,0.7415,0.8116,0.0876,0.482905,0.620906,0.022937,0.026130,0.067445,5.000000,0.485185,0.623981,0.706944
2,CCW,LHH,0.1551,0.8009,0.7372,-0.684633,0.598455,0.477188,0.213763,0.141818,0.123341,-0.669167,0.603426,0.486667
1,CW,HHL,0.8082,0.9444,0.1235,0.615813,0.885501,-0.755720,0.027625,0.199303,0.077526,0.617778,0.891019,-0.752500
1,CW,HHL,0.9264,0.9113,0.1827,0.852766,0.822384,-0.628076,0.038845,0.045413,0.214498,0.855278,0.826111,-0.609815
1,CW,HHL,0.9323,0.8057,0.2896,0.864094,0.616759,-0.421424,0.036754,0.220708,0.021135,0.867037,0.632685,-0.419444
3,Paro,HLH,0.9500,0.2285,0.8433,0.898429,-0.544800,0.686458,0.033251,0.107510,0.034703,0.901204,-0.538704,0.689259
3,Paro,HLH,0.9003,0.2324,0.9383,0.804980,-0.541704,0.879488,0.245307,0.276876,0.121594,0.824907,-0.531019,0.888056
1,CW,HHL,0.9636,0.7825,0.0728,0.928070,0.564722,-0.856808,0.070889,0.055709,0.065542,0.933796,0.569074,-0.851389
1,CW,HHL,0.7321,0.7759,0.1194,0.463504,0.552208,-0.761395,0.023586,0.043936,0.016541,0.465370,0.556204,-0.760370
0,Default,LHL,0.1121,0.8089,0.1047,-0.775703,0.622792,-0.783738,0.029067,0.239806,0.271214,-0.772778,0.640648,-0.759352
2,CCW,LHH,0.0095,0.9693,0.7958,-0.983281,0.938883,0.592416,0.050084,0.045287,0.043742,-0.979352,0.942222,0.596204
1,CW,HHL,0.8674,0.7605,0.0158,0.733024,0.522028,-0.969427,0.058066,0.120399,0.061947,0.738148,0.527870,-0.966019
2,CCW,LHH,0.2408,0.9733,0.9177,-0.517028,0.947054,0.834777,0.026779,0.075661,0.024728,-0.515185,0.952500,0.836667
2,CCW,LHH,0.2191,0.8732,0.8386,-0.561262,0.745920,0.677703,0.015920,0.011116,0.012578,-0.560000,0.746667,0.678796
3,Paro,HLH,0.8372,0.2235,0.9982,0.674436,-0.551589,0.995718,0.031209,0.048158,0.021746,0.676481,-0.547685,0.997315
1,CW,HHL,0.7209,0.9337,0.0816,0.444349,0.867908,-0.835532,0.245999,0.067296,0.092332,0.462593,0.872778,-0.828241
2,CCW,LHH,0.2793,0.9908,0.8762,-0.441175,0.981852,0.753539,0.035826,0.036883,0.043344,-0.438426,0.983981,0.756574
0,Default,HHH,0.9640,0.9139,0.9600,0.927347,0.831024,0.918692,0.055738,0.145572,0.230688,0.931574,0.842500,0.929167
1,CW,HHL,0.9779,0.9653,0.0831,0.956267,0.929812,-0.836189,0.059653,0.042148,0.048594,0.961574,0.933426,-0.833333
0,Default,LHL,0.0658,0.9303,0.0698,-0.866991,0.860966,-0.861088,0.080617,0.121235,0.048828,-0.857870,0.869074,-0.857778
3,Paro,HLH,0.8195,0.0358,0.9154,0.640674,-0.921528,0.831591,0.101487,0.321783,0.041977,0.650741,-0.895556,0.834444
3,Paro,HLH,0.9814,0.0928,0.8383,0.963536,-0.815208,0.670454,0.052213,0.042573,0.224676,0.970000,-0.810463,0.679815
3,Paro,HLH,0.9925,0.0477,0.9130,0.978464,-0.902928,0.825495,0.230273,0.137973,0.021440,0.984907,-0.892593,0.827130
0,Default,LHL,0.2961,0.9147,0.0359,-0.408304,0.828377,-0.928391,0.055224,0.087793,0.041363,-0.404444,0.836111,-0.925185
1,CW,HHL,0.8421,0.9490,0.1503,0.685093,0.898163,-0.700781,0.069167,0.034257,0.055510,0.692037,0.900370,-0.697963
3,Paro,HLH,0.9867,0.0884,0.8819,0.973866,-0.822891,0.765310,0.051680,0.027037,0.066331,0.978889,-0.820648,0.770648
0,Default,medio,0.7711,0.4834,0.4808,0.541429,-0.033160,-0.038877,0.039288,0.042678,0.026568,0.544352,-0.030556,-0.037130
